poi_id,name,category,poi_type,city,province,latitude,longitude,rating,review_count,description,opening_hours,booking_link,data_source,created_date
POI_000001,AlUla Old Town,Historic Site,attraction,AlUla,Medina,26.6089,37.9237,4.8,3250,Ancient heritage village with mud-brick buildings dating back 2000 years,Daily: 9:00 AM - 5:00 PM,,Additional_POI_Saudi,2026-01-15
POI_000002,King Fahd Fountain,Landmark,attraction,Jeddah,Makkah,21.5431,39.1728,4.5,8900,"World's tallest fountain, water reaches 312 meters",Daily: 24 hours,,Additional_POI_Saudi,2026-01-15
POI_000003,Diriyah Gate,Cultural District,attraction,Riyadh,Riyadh,24.7397,46.5766,4.7,5600,UNESCO World Heritage site and birthplace of Saudi Arabia,Daily: 8:00 AM - 11:00 PM,https://diriyah.sa/,Additional_POI_Saudi,2026-01-15
POI_000004,Jeddah Corniche,Waterfront,attraction,Jeddah,Makkah,21.5795,39.1466,4.6,12400,30km coastal resort area along the Red Sea,Daily: 24 hours,,Additional_POI_Saudi,2026-01-15
POI_000005,Farasan Islands,Natural Reserve,attraction,Farasan,Jizan,16.7029,41.9932,4.9,1850,Pristine archipelago with coral reefs and diverse marine life,Daily: Sunrise to Sunset,,Additional_POI_Saudi,2026-01-15
POI_000006,Al Wahbah Crater,Natural Wonder,attraction,Taif,Makkah,22.9061,41.142,4.7,2100,Volcanic crater 250m deep with white sodium crystal lake,Daily: 24 hours,,Additional_POI_Saudi,2026-01-15
POI_000007,Red Sea Mall,Shopping Mall,attraction,Jeddah,Makkah,21.6254,39.1068,4.3,18500,Largest shopping mall in western Saudi Arabia,"Sat-Thu: 10:00 AM - 12:00 AM, Fri: 2:00 PM - 12:00 AM",https://www.redseamall.com.sa/,Additional_POI_Saudi,2026-01-15
POI_000008,Ithra - King Abdulaziz Center,Cultural Center,attraction,Dhahran,Eastern Province,26.3042,50.1645,4.9,7200,"World-class cultural center with museum, library, cinema, and theater","Sun-Thu: 9:00 AM - 10:00 PM, Fri-Sat: 2:00 PM - 10:00 PM",https://www.ithra.com/,Additional_POI_Saudi,2026-01-15
POI_000009,Al Khobar Corniche,Waterfront,attraction,Al Khobar,Eastern Province,26.2789,50.2084,4.4,9300,Scenic waterfront promenade along the Arabian Gulf,Daily: 24 hours,,Additional_POI_Saudi,2026-01-15
POI_000010,Ushaiger Heritage Village,Historic Village,attraction,Shaqra,Riyadh,25.3319,45.2547,4.6,1240,Well-preserved traditional Najdi village with mud houses,Daily: 8:00 AM - 6:00 PM,,Additional_POI_Saudi,2026-01-15
POI_000011,Al Soudah Park,Nature Park,attraction,Abha,Asir,18.2738,42.3667,4.7,5400,Highest point in Saudi Arabia with cable car and scenic views,Daily: 8:00 AM - 8:00 PM,,Additional_POI_Saudi,2026-01-15
POI_000012,Tabuk Castle,Historic Fort,attraction,Tabuk,Tabuk,28.3838,36.5713,4.3,3100,Ottoman-era fortress restored as museum,"Sat-Thu: 8:00 AM - 8:00 PM, Fri: 2:00 PM - 8:00 PM",,Additional_POI_Saudi,2026-01-15
POI_000013,Jubail Industrial City Beach,Beach,attraction,Al Jubail,Eastern Province,27.0174,49.6572,4.2,4500,Clean beach with facilities and water sports,Daily: 6:00 AM - 10:00 PM,,Additional_POI_Saudi,2026-01-15
POI_000014,Green Mountain,Landmark,attraction,Abha,Asir,18.2164,42.5048,4.5,6800,Mountain illuminated with green LED lights at night,Daily: 24 hours,,Additional_POI_Saudi,2026-01-15
POI_000015,Half Moon Bay,Beach,attraction,Dhahran,Eastern Province,26.2572,50.1906,4.4,8900,Crescent-shaped beach popular for camping and water sports,Daily: 24 hours,,Additional_POI_Saudi,2026-01-15
POI_000016,Boulevard Riyadh City,Tourist Attraction,attraction,Riyadh,Riyadh,,,4.5,0,"Joy and fun await you in the largest entertainment center in Riyadh, Riyadh Boulevard, where endless fun destinations can be found in one place. In addition to the luxury shopping places where you can obtain pieces from the finest stores of international brands to your closet, along with dishes that amaze your senses with flavors of local and international cuisine. Riyadh Boulevard offers fun, joy, and enthusiasm for adults and children.",-,https://riyadhseason.com/en/zone/boulevard-city,Visit_Saudi_Attractions,2026-01-15
POI_000017,Edge of the World,Tourist Attraction,attraction,Riyadh,Riyadh,,,4.5,0,Edge of the World is the name of the 1.131 m height cliff that lies some 100 km from Riyadh at the end of the 800 km extending Tuwaik Mountain range. Edge of the World is the perfect destination of mountain climbing and hiking lovers. Discover the breathtaking off-cliff spectacular views.,-,-,Visit_Saudi_Attractions,2026-01-15
POI_000018,The Saudi National Museum,Tourist Attraction,attraction,Riyadh,Riyadh,,,4.5,0,"From the Earth to the moon, and from the prehistoric ages to the modern ages, the hallways of the Saudi National Museum will take you on an adventure that transcends time and space. You will witness artistic and historical evidence in the heart of Riyadh in Al Murabba neighborhood near King Abdulaziz palace. The museum was opened in 1419H and spans across a distance of 17,000Km2 where it tells the story of 3,700 artifacts such as statues, scripts and unique sculptures.","sat, mon, tue To wed
9:00 AM To 7:00 PM

thu To fri:
2:00 PM To 10:00 PM",-,Visit_Saudi_Attractions,2026-01-15
POI_000019,Rawdat Tinhat,Tourist Attraction,attraction,Riyadh,Riyadh,,,4.5,0,"In the range of King Abdulaziz National Reserve, you will find the biggest natural meadow in the Kingdom of Saudi Arabia, with an area of ????140,000 km² and extended greenery within sight. Discover the wonderful days you will spend in Rawdat Tinhat.",-,-,Visit_Saudi_Attractions,2026-01-15
POI_000020,Al Masmak Palace,Tourist Attraction,attraction,Riyadh,Riyadh,,,4.5,0,"The magnificent Al Masmak Palace stands erect gracefully in the middle of Riyadh city as a tourist destination having silently witnessed great events in the history of KSA foundation.

The palace was constructed in the hijri 14th century during the reign of Imam Abdullah bin Faisal as his residence and the center of power and money. The palace is a strong fort against enemies with its solid high walls. It has only two entrances and small openings in the walls for gun barrels at the time of battles. Today, the palace stands as a symbol of the history of regaining power and rule of the country displaying in its corridors the features of that era and its leaders after it had been turned into a museum in 1995/1416.

The Arabic word Al Masmak means a strong thick building that had been once used as a depot for weapons and ammunition until it was turned into a historic milestone then a museum.",-,-,Visit_Saudi_Attractions,2026-01-15
POI_000021,Addoho Neighborhood,Tourist Attraction,attraction,Riyadh,Riyadh,,,4.5,0,"One kilometer southwest of the Palace of Government, Addoho Neighborhood is located in the heart of the capital, Riyadh. It is the last old neighborhood to preserve its traditional Najdi architecture. The construction of Addoho goes back more than 200 years. With its strategic location within the Palace of Government area, its narrow alleys and the details of its houses that reflect the way of life of the locals at the time, Addoho Neighborhood tells the story of a desert civilization whose buildings were surrounded by walls and palm trees",-,-,Visit_Saudi_Attractions,2026-01-15
POI_000022,Al Murabba Historial Palace,Tourist Attraction,attraction,Riyadh,Riyadh,,,4.5,0,"The walls of Al Murabba Historial Palace are like a window to the rich history of Riyadh and a scene from its ancient memory. The 1680 m2 of land occupied by the palace overflows with the memories of the place and the historical events it witnessed, along with the glory that was made on its land.","sat, sun, mon, tue, wed To thu
9:00 AM To 8:00 PM

fri:
5:00 PM To 8:00 PM",-,Visit_Saudi_Attractions,2026-01-15
POI_000023,Heet Cave,Tourist Attraction,attraction,Riyadh,Riyadh,,,4.5,0,"At a 30-km distance in the outskirts of Riyadh, on the South of the road leading to Al-Kharj, lies Heet Cave, a geological landmark about which many interesting stories have been told. You are promised to see one of the most beautiful natural landmarks, which dates back to thousands of years. Many exciting stories have been told about it, most notably that it was formed as a rocky cavity with a depth of 390 m inside a mountain after a celestial body struck the Earth.",-,-,Visit_Saudi_Attractions,2026-01-15
POI_000024,Wadi Namar,Tourist Attraction,attraction,Riyadh,Riyadh,,,4.5,0,"Wadi Namar enables you to watch the roaming of ducks flocks and the spread of small fish in the Lake Dam. Inspirational thoughts will flow to your mind as you walk along the parks paths that extend over 2,000m, amidst the fresh air of nature, the rustle of palm trees, and the roar of the lakes waterfalls. The nature of the place integrates, allowing you to take pictures of the sunset or admire the starry sky at night, in a scene in which the reflected lights of the valley shine around.",-,-,Visit_Saudi_Attractions,2026-01-15
POI_000025,The Abstract Art Gallery,Tourist Attraction,attraction,Riyadh,Riyadh,,,4.5,0,"The Abstract Art Gallery connects between the artist and the audience, as it hosts local art pioneers and provides a space to display their work. Cultural and popular legacies appear on the walls of the exhibition, with their overlapping colors and artistic styles are evident in the art pieces. The exhibition scenes allow you to immerse in plastic and abstract arts, as the pleasure increases while looking at the geometric angles and color textiles of the artworks, with the participation of a group of art connoisseurs in the exhibition.","sun:
4:30 AM To 12:00 AM
mon: 
12:00 AM To 9:30 PM
tue To thu: 9:30 AM To 9:30 PM
sat: 
4:30 PM To 9:30 PM",-,Visit_Saudi_Attractions,2026-01-15
POI_000026,"Al Kharrarah National Park,",Tourist Attraction,attraction,Riyadh,Riyadh,,,4.5,0,"Al Kharrarah National Park, located in the South of Al Muzahimiyah Governorate, West of Riyadh, is your spacious sanctuary to escape from the crowded city. You can relax and sit amid nature, which is full of green landscapes, sand dunes, and a lake formed from rainfall. Wild Sidr trees and annual plants also grow in the park. You will enjoy a serenity-filled family time.",-,-,Visit_Saudi_Attractions,2026-01-15
POI_000027,Dirab Golf and Country Club,Tourist Attraction,attraction,Riyadh,Riyadh,,,4.5,0,The naturally-grassed Dirab Golf and Country Club is situated 45 km from the heart of Riyadh. It is the first golf course with 18 holes extended over a grassy surface surrounded by amazing natural greenery and tree-lined fairways.,"Daily

5:30 AM To 7:00 PM",https://dirabgolf.com/,Visit_Saudi_Attractions,2026-01-15
POI_000028,Last Hour,Tourist Attraction,attraction,Riyadh,Riyadh,,,4.5,0,"Escape games are amongst the most recent entertainment components in the capital, Riyadh. They are offered by Last Hour, the escape games centre, through its innovative rooms of thrilling adventures.","sat, sun, mon, tue To wed

4:30 PM To 1:30 AM
thu To fri:
4:30 PM To 3:00 AM",https://www.lasthour.sa/en,Visit_Saudi_Attractions,2026-01-15
POI_000029,Naila Art Gallery,Tourist Attraction,attraction,Riyadh,Riyadh,,,4.5,0,Naila Art Gallery provides a window to see the artistic world of beautiful paintings embodying various cultures that go beyond time and place to the colorful world of creativity and abstract art forms in the company of elite artists and critics.,"sun To wed:
10:00 AM To 10:00 PM
thu:
10:00 AM To 6:00 PM",https://gallerynaila.com/,Visit_Saudi_Attractions,2026-01-15
POI_000030,Escape The Room,Tourist Attraction,attraction,Riyadh,Riyadh,,,4.5,0,"You can live a unique adventure in the Escape The Room in Riyadh with your family or friends. It includes four separate rooms, containing multiple puzzles, symbols, and codes which must be solved so that you and your group can leave the room before the specified time which is 60 minutes. This is an adventure full of suspense and mystery, that requires mental and physical efforts, with lots of excitement and fun.","sun To wed:
3:00 PM To 11:00 PM
thu To fri:
12:00 PM To 2:00 AM
sat: 
12:00 PM To 11:30 PM",-,Visit_Saudi_Attractions,2026-01-15
POI_000031,Al Ajlan Art Gallery,Tourist Attraction,attraction,Riyadh,Riyadh,,,4.5,0,"This gallery is truly an educational spot, and an artistic destination worth a visit to discover the art pieces hanging on its walls. You will find artistic paintings that create unique styles by mixing words with drawings; it will fill you with amazement. All of this and more is found in Riyadh, Prince Mohammed bin Saad bin Abdulaziz Road, Al Malqa.","sat, sun, mon, tue, wed To thu

5:00 PM To 10:00 PM",-,Visit_Saudi_Attractions,2026-01-15
POI_000032,King Fahad National Library,Tourist Attraction,attraction,Riyadh,Riyadh,,,4.5,0,"A huge source of information and an amazing architectural masterpiece, King Fahad National Library is located on King Fahad road in Olaya district with an area of about 87,000 square meters. Come and discover King Fahad National Library and all the exceptional content and services.","sun To thu:
8:00 AM To 8:00 PM
fri To sat: 
1:00 PM To 8:00 PM",https://kfnl.gov.sa/en/Pages/default.aspx,Visit_Saudi_Attractions,2026-01-15
POI_000033,Al-Areen Equestrian Club,Tourist Attraction,attraction,Riyadh,Riyadh,,,4.5,0,"Al-Areen Equestrian Club offers many services for horse lovers including horse riding, training programs, educational programs, and horse shelter and care services in its stables.","mon To sat:
5:30 AM To 11:30 PM",-,Visit_Saudi_Attractions,2026-01-15
POI_000034,King Abdullah Financial District (KAFD),Tourist Attraction,attraction,Riyadh,Riyadh,,,4.5,0,"KAFD is an iconic business and lifestyle destination with state-of-the-art physical and digital infrastructure. An architectural marvel designed by more than 25 world-leading architectural firms, KAFD currently has 95 towers that are reshaping the skyline of Riyadh.",-,-,Visit_Saudi_Attractions,2026-01-15
POI_000035,Al-Subaie Palace,Tourist Attraction,attraction,Riyadh,Riyadh,,,4.5,0,"Al-Subaie Palace, located in Al-Shagra province in Riyadh, is one of the most significant historical palaces in Saudi Arabia. Built in a stunning Andalusian-Islamic style, the palace sits in the southwestern corner of the Old Town, offering a magnificent view of the historic souks (markets). This palace was once a resting place for King Abdul Aziz during his travels to and from Riyadh.","sun To thu:

7:00 AM To 4:00 PM",-,Visit_Saudi_Attractions,2026-01-15
POI_000036,Al-Munikh Visitor Center,Tourist Attraction,attraction,Riyadh,Riyadh,,,4.5,0,"Discover the Al-Munikh Visitor Center in Al-Majma'ah, located in the southern part of the historic town. Positioned on a strategically elevated site, this iconic watchtower provided the town's residents with unobstructed views in all directions, ensuring their safety and awareness of the surrounding areas.","sat, sun, mon, tue, wed To thu
10:00 AM To 6:00 PM
fri:
1:00 PM To 6:00 PM",-,Visit_Saudi_Attractions,2026-01-15
POI_000037,Hira Cultural District,Tourist Attraction,attraction,Makkah,Makkah,,,4.5,0,"A significant cultural and tourist attraction located next to Jabal Al-Nour, home of Hira Cave. It tells the story of the divine revelation and offers insights into the historical importance of the mountain and the cave. Hira Cultural District enriches visitors' cultural and educational experiences through its diverse facilities. Hira Cultural District Facilities include:

The Revelation Gallery
Museum of the Holy Quran
The way up to the cave
The Cultural Library
Visitor Center
Commercial facilities
Hira Garden and other facilities","Daily
8:00 AM To 1:00 AM",-,Visit_Saudi_Attractions,2026-01-15
POI_000038,Al Masjed Al Haram,Tourist Attraction,attraction,Makkah,Makkah,,,4.5,0,"Since the dawn of civilization, the Kaaba of Al Masjed Al Haram has had great religious significance, owing to its religious connotations associated with the Creator. Two billion Muslims face the direction of Kaaba, to which their hearts are attached too, to perform the five daily prayers, as commanded by the Almighty, and supplicate Him for mercy, assistance and guidance. 

Millions of Umrah, Hajj and prayer performers head to Makkah to perform these religious rites and enjoy the serenity of the place. 
It is important to note that only Muslims may visit Al Masjed Al Haram in Makkah.","Daily
12:00 AM To 12:00 AM",-,Visit_Saudi_Attractions,2026-01-15
POI_000039,King Abdulaziz Complex for the Holy Kaaba Kiswa,Tourist Attraction,attraction,Makkah,Makkah,,,4.5,0,"A specialized factory for preparing the Kiswa of the Holy Kaaba, where it is crafted from silk embroidered with gold-plated threads, forming Quranic verses that adorn the walls of the Sacred House.","mon To thu:
8:00 AM To 11:00 AM",-,Visit_Saudi_Attractions,2026-01-15
POI_000040,Ain Zubaidah,Tourist Attraction,attraction,Makkah,Makkah,,,4.5,0,"Ain Zubaidah is a great archeological site of wonderful geometric design in Makkah. It reflects great care for pilgrims throughout history, as it is the oldest network used for providing pilgrims and travelers with water for 1200 years.","Daily
12:00 AM To 12:00 AM",-,Visit_Saudi_Attractions,2026-01-15
POI_000041,Masjid Al-Taneem,Tourist Attraction,attraction,Makkah,Makkah,,,4.5,0,"Masjid Al-Taneem is one of the mosques of Makkah Al-Mukarramah that is located in the western part of the city of Makkah, about 7 km away from Masjid Al-Haram. It gained its fame because it was built in the place where Aisha bint Abu Bakr performed Umrah during the Farewell Pilgrimage in the 9th year of Hijra.","Daily
12:00 AM To 12:00 AM",-,Visit_Saudi_Attractions,2026-01-15
POI_000042,Masjid Al-Jinn,Tourist Attraction,attraction,Makkah,Makkah,,,4.5,0,"Makkah embraces many mosques that represent Islamic historical landmarks, some of them are related to a story or an event during the era of the Messenger (PBUH), and one of them is Masjid Al-Jinn near the Al-Hajun neighbourhood.","Daily
12:00 AM To 12:00 AM",-,Visit_Saudi_Attractions,2026-01-15
POI_000043,Masjid Al-Rajhi,Tourist Attraction,attraction,Makkah,Makkah,,,4.5,0,The building of the mosque is characterized by Mamluk-style architecture.,"Daily
12:00 AM To 12:00 AM",-,Visit_Saudi_Attractions,2026-01-15
POI_000044,Sheikh Abdul Aziz bin Baz Mosque,Tourist Attraction,attraction,Makkah,Makkah,,,4.5,0,Sheikh Abdulaziz bin Baz Mosque is one of the largest mosques in Makkah and is famous for its distinguished location and beneficial activities.,"Daily
4:00 AM To 9:00 PM",-,Visit_Saudi_Attractions,2026-01-15
POI_000045,Masjid Sheikh Abdul Qadir Naseer,Tourist Attraction,attraction,Makkah,Makkah,,,4.5,0,It is one of the largest mosques in Makkah. It was established at the beginning of Ramadan in the year 1423 AH.,"Daily
4:15 AM To 10:30 PM",-,Visit_Saudi_Attractions,2026-01-15
POI_000046,Makkah Museum,Tourist Attraction,attraction,Makkah,Makkah,,,4.5,0,"In the historic Al Zaher Palace, once a royal household, the Makkah Museum holds exhibits telling the history of Makkah, the archaeology of Saudi, and the story of the rise of Islam. The building is a masterpiece of Islamic art and architecture.","Daily
8:00 AM To 12:30 PM",https://heritage.moc.gov.sa/en/locations/al-zaher-palace,Visit_Saudi_Attractions,2026-01-15
POI_000047,Clock Tower Museum,Tourist Attraction,attraction,Makkah,Makkah,,,4.5,0,"The ultimate destination for astronomy enthusiasts, the museum offers an interactive and enjoyable experience for all visitors to explore the beauty of the universe, the wonders of the solar system, and the mechanisms of timekeeping. It also offers many unique activities suitable for all age groups.","Daily
2:00 PM To 11:00 PM",-,Visit_Saudi_Attractions,2026-01-15
POI_000048,Museum of the Holy Quran,Tourist Attraction,attraction,Makkah,Makkah,,,4.5,0,"The first private museum dedicated to showcasing the history and transcription of the Holy Quran in Makkah, located in the Hira Cultural District. It offers visitors a distinguished collection of rare Quranic manuscripts and enhances their experience with the latest museum technologies.","sat, sun, mon, tue, wed To thu
9:00 AM To 9:00 PM
fri: 
4:00 PM To 9:00 PM",-,Visit_Saudi_Attractions,2026-01-15
POI_000049,Revelation Exhibition,Tourist Attraction,attraction,Makkah,Makkah,,,4.5,0,"It presents the story of the revelation from its very first light in the Cave of Hira, along with detailed aspects of the life of Prophet Muhammad (peace be upon him). The museum features halls equipped with the latest audiovisual display technologies, offering visitors an interactive experience that enriches their knowledge of the Prophets biography.","Daily
7:30 AM To 11:30 PM",-,Visit_Saudi_Attractions,2026-01-15
POI_000050,International Exhibition and Museum of the Biography of the Prophet and Islamic Civilization,Tourist Attraction,attraction,Makkah,Makkah,,,4.5,0,"Explore the life of our Prophet Muhammad (peace be upon him) throughout history, his noble qualities, his Sunnah, and his life with his wives and companions. The museum presents it in a detailed, captivating storytelling style. The exhibition is located in the King Abdulaziz Endowment - Clock Tower.","Daily
8:00 AM To 10:30 PM",https://tickets.asc.sa/?branch_slug=mkh,Visit_Saudi_Attractions,2026-01-15
POI_000051,Yanbu Lake Park,Tourist Attraction,attraction,Yanbu,Madinah,,,4.5,0,"On your visit to Yanbu, you must go to Yanbu Man-Made Lake (Yanbu Lake Park). It is one of the most beautiful public places in Yanbu, where you can enjoy picturesque nature and take a walk in the open air.",-,-,Visit_Saudi_Attractions,2026-01-15
POI_000052,Night Market in Yanbu,Tourist Attraction,attraction,Yanbu,Madinah,,,4.5,0,"The Night Market was built over 500 years ago close to the seaport in Yanbu. It was started by sailors and fishermen of the Red Sea with whatever they would bring from their fishing trips, whether treasures of the sea or trade connections. The Market stood all these years as a historical symbol, offering its value to visitors who come all year round, decorated by unchanging originality and an archaeological spark allowing it to be one of the best tourist destinations in the West of Saudi Arabia.","Daily
5:00 PM To 12:00 AM",-,Visit_Saudi_Attractions,2026-01-15
POI_000053,Yanbu Historic District,Tourist Attraction,attraction,Yanbu,Madinah,,,4.5,0,"Heritage monuments remain in Yanbu Historic District, which witnessed many civilizations, peoples, tribes and tumultuous historical events. The monuments are estimated to be about 2500 years old. 

Yanbu Historic District is located in Yanbu Al-Bahr, south of Yanbu, on an area estimated at 45,000 square meters. It includes about 100 heritage buildings, including mosques and various traditional markets.",-,-,Visit_Saudi_Attractions,2026-01-15
POI_000054,Al-Sayegh House of the Arts,Tourist Attraction,attraction,Yanbu,Madinah,,,4.5,0,"An outlet for artists, Al-Sayegh House of the Arts is an exceptional destination located in the historical region of Yanbu.  It is a house with a traditional trait in its architecture inspired by the coastal nature of the city.  It includes fine arts that take you to an atmosphere full of amazement without restraining you. On the contrary, it allows your imagination to go wild and is a tourist destination for amateur artists and art lovers.","Daily

5:00 PM To 11:00 PM",-,Visit_Saudi_Attractions,2026-01-15
POI_000055,Al Fairouz Park,Tourist Attraction,attraction,Yanbu,Madinah,,,4.5,0,Enjoy a relaxing picnic among the rustle of trees and the fragrances of flowers in Al Fairouz Park.,"Daily

12:00 AM To 12:00 AM",-,Visit_Saudi_Attractions,2026-01-15
POI_000056,Al Sumayri Public Park,Tourist Attraction,attraction,Yanbu,Madinah,,,4.5,0,"If you want to go for a walk in the fresh air, meditation nd relaxation, or if you want to have fun with your children, Al Sumayri Public Park is your destination.","Daily

04:00 PM To 11:00 PM",-,Visit_Saudi_Attractions,2026-01-15
POI_000057,Radwa Heritage Museum,Tourist Attraction,attraction,Yanbu,Madinah,,,4.5,0,"Yanbu has always been a station on the trade route, and the beauty of its beaches has been attracting tourists.","sun To thu:
 10:00 AM To 10:00 PM

fri:
3:30 PM To 12:00 AM",-,Visit_Saudi_Attractions,2026-01-15
POI_000058,Coral Island (Marjan Island),Tourist Attraction,attraction,Dammam,Eastern Province,,,4.5,0,"Marjan Island, overlooking the enchanting blue waters of the Arabian Gulf, was opened in 1991 and the green area covers an area of up to 53,000 square meters.","Daily

12:00 AM To 12:00 AM",-,Visit_Saudi_Attractions,2026-01-15
POI_000059,The Heritage Village,Tourist Attraction,attraction,Dammam,Eastern Province,,,4.5,0,"The Heritage Village in Dammam is the name of the place where you can meet the past of Saudi Arabia and the heritage of its regions, on an area that extends to 21,000 square meters. Its beautiful architecture hides within it a rich history.","sun To wed:
12:00 PM To 12:00 AM
thu To fri:
12:00 PM To 1:00 AM
sat:
12:00 PM To 12:00 AM",-,Visit_Saudi_Attractions,2026-01-15
POI_000060,Khobar Sea Front,Tourist Attraction,attraction,Al Khobar,Eastern Province,,,4.5,0,"The Khobar Sea Front welcomes its visitors with water and greenery, where towering trees spread as far as the eye can see and art pieces are scattered throughout. One of the water fountains takes the shape of a shell with a shiny pearl in the middle, symbolizing one of the most beautiful treasures of the Arabian Gulf, whose crashing waves soften the atmosphere.","Daily

12:00 AM To 12:00 AM",-,Visit_Saudi_Attractions,2026-01-15
POI_000061,Scitech Center,Tourist Attraction,attraction,Dammam,Eastern Province,,,4.5,0,"Sultan bin Abdulaziz Science and Technology Center (SciTech) is located on Khobar Corniche, occupying an area of 21,700 square meters. It was established in 2000 to be a global scientific center that helps researchers, students, and enthusiasts in the fields of science and technology.","sun To thu:
9:00 AM To 10:00 PM
fri: 
4:00 PM To 10:00 PM
sat:
9:00 AM To 10:00 PM",-,Visit_Saudi_Attractions,2026-01-15
POI_000062,Ithra,Tourist Attraction,attraction,Dammam,Eastern Province,,,4.5,0,"The King Abdulaziz Center for World Culture, is Saudis premier hub for arts, creativity, and global cultural exchange. Located in Dhahran, this architectural masterpiece features world-class museums, interactive exhibitions, a vast library, a performing arts theater, and inspiring learning spaces.

As a leading cultural destination, Ithra hosts international events such as Japan Cultural Days, global art showcases, and thought-provoking festivals that connect Saudi with the world. From live performances and artistic collaborations to science, literature, and history workshops, Ithra offers an immersive experience where creativity and knowledge thrive. Whether exploring its exhibitions or attending international cultural celebrations, Ithra is a must-visit attraction in Saudi.","Daily
9:00 AM To 12:00 AM",https://www.ithra.com/en,Visit_Saudi_Attractions,2026-01-15
POI_000063,Arruddaf Park,Tourist Attraction,attraction,Taif,Makkah,,,4.5,0,Enjoy Taifs rocky terrain and its pure fresh air in Arruddaf Park. The park spans over 500m2 of land covered in nature's most vibrant colors. You can bask in the beauty of the cirrus clouds as they float over the marvelous greenery and highlands of the park. You can also enjoy the beautiful sounds of nature or the live musical shows accompanied by interactive water fountains.,"mon To sat:
4:00 PM To 1:00 AM",-,Visit_Saudi_Attractions,2026-01-15
POI_000064,Al-Shafa Mountain,Tourist Attraction,attraction,Taif,Makkah,,,4.5,0,"At the top of Al-Shafa Mountain over 2500 m. above sea level, you will enjoy the natural stunning scenery of the white fog embracing the tall Sarawat Mountain peaks with its emitting aroma of juniper trees. You can take beautiful shots of the warm sun setting down the mountains overlooking the Tohama plains, the fertile valleys, and the green fields of pomegranate, grape, and fig trees.The distance between Al-Shafa Mountains and Al-Taif is about 30 km by car through Okba Al-Mohammadia Road which connects Al-Taif to Makkah.","Daily

12:00 AM To 12:00 AM",-,Visit_Saudi_Attractions,2026-01-15
POI_000065,Rose product factories,Tourist Attraction,attraction,Taif,Makkah,,,4.5,0,"You must return from your trip to Taif loaded with the fragrance of roses, whether with the pictures you took to enjoy their beauty or by buying their distinguished products. One of the most beautiful exceptional experiences that you will have is a visit to the famous factories of Taif rose products to embark on a rich and unparalleled journey of exploration.","Daily

6:00 AM To 12:00 AM",-,Visit_Saudi_Attractions,2026-01-15
POI_000066,Wahba Crater,Tourist Attraction,attraction,Taif,Makkah,,,4.5,0,"Wahba Crater is the largest and deepest volcanic crater in the Kingdom of Saudi Arabia, with a diameter of 3,000 meters, and surrounded by Al Luhayan, Umm Rilan, and Zabna mountains forming a scenic view that embodies the wonders of nature in Saudi Arabia.

The Crater, which is about 380 meters deep, attracts geologists to explore its secrets and observe its diverse and exotic rock formations. Traditional legends are known and spread among residents of nearby villages around the Crater formation.",,-,Visit_Saudi_Attractions,2026-01-15
POI_000067,Kaaki Palace,Tourist Attraction,attraction,Taif,Makkah,,,4.5,0,"In the historical area of ??Taif, the exquisite architectural artistry of Al-Kaaki Palace combined juniper wood, granite stone, and colored glass to form and build the palace in the ancient Roman style, blended the spirit of the Hijaz community presented in the design of the palace windows and in the Hijazi decorations extending to the roof, forming an architectural masterpiece located on Al-Salama street.","Daily
12:00 AM To 12:00 AM",-,Visit_Saudi_Attractions,2026-01-15
POI_000068,Al-Hada Mountain,Tourist Attraction,attraction,Taif,Makkah,,,4.5,0,"It is time to discover the majestic Al-Hada Mountain, one of the most famous mountains in Saudi Arabia. Al-Hada Mountain is one of Al-Sarawat Mountains range extending in a curved line of about 87 km between the two cities of Taif and Makkah. You will certainly notice the gradual drop in temperature on your journey on Al-Hada Road.","Daily
12:00 AM To 12:00 AM",-,Visit_Saudi_Attractions,2026-01-15
POI_000069,Earus Almasayif Museum,Tourist Attraction,attraction,Taif,Makkah,,,4.5,0,"Discover the charm of Taif's Earus Almasayif Museum, a top destination for those seeking to immerse themselves in the rich cultural and historical heritage of the region. Wander through its beautifully curated rooms to admire fascinating artifacts, traditional crafts, and ancient architectur, all within a uniquely preserved heritage setting.","Daily
8:00 AM to 11:30 PM",-,Visit_Saudi_Attractions,2026-01-15
POI_000070,The Historical Palace of the Emirate,Tourist Attraction,attraction,Najran,Najran,,,4.5,0,"The Aba Al-Saud neighborhood (Al-Balad) in the city of Najran embraces an important national heritage site that catches the eye of visitors immediately. Upon arriving at the old heritage market, you will see the historic Emirate Palace in all its splendor and grandeur, providing an idea of the architectural fabric of the mud houses in Najran, and serving as an inspiring cultural framework for visitors and tourists, and a bridge of communication between generations.","Daily
9:00 AM To 6:00 PM",-,Visit_Saudi_Attractions,2026-01-15
POI_000071,The Historical City of Al-Okhdood,Tourist Attraction,attraction,Najran,Najran,,,4.5,0,"The historic city of Al-Okhdood is located southwest of Najran, with a past that dates back to ancient times. It witnessed periods of history that extend to 1000 BC, and its history reveals human civilizations over different historical periods.",-,-,Visit_Saudi_Attractions,2026-01-15
POI_000072,King Fahad Park in Najran,Tourist Attraction,attraction,Najran,Najran,,,4.5,0,"King Fahd Park is located in the Saqam Forest and is one of the most important natural recreational landmarks in the city and its largest park. The park is characterized by its stunning natural scenery and breathtaking views, and it offers a range of enjoyable activities suitable for all family members.","Daily
12:00 AM To 12:00 AM",-,Visit_Saudi_Attractions,2026-01-15
POI_000073,Al-Aan Palace in Najran,Tourist Attraction,attraction,Najran,Najran,,,4.5,0,"Najran is adorned with many majestic palaces that have formed a historical legacy for the region, including the historic Al-Aan Palace, also known as Saadan Palace.

The palace is located on Al-Aan Mountain, from which it takes its name. It was built in 1100 AH (1689/1688 CE), and has undergone several renovations, the latest of which was in 1440 AH (2019/2018 CE).","thu To sat:
4:00 PM To 8:00 PM
wed: 
4:30 PM To 8:30 PM",-,Visit_Saudi_Attractions,2026-01-15
POI_000074,Najran Regional Museum,Tourist Attraction,attraction,Najran,Najran,,,4.5,0,"Najran Regional Museum allows visitors to take a walk through history, showcasing important glimpses of the region that formed Najran through various inscriptions from civilizations dating back to prehistoric times, as well as documentary photographs of the caravan route.",-,-,Visit_Saudi_Attractions,2026-01-15
POI_000075,Al Manjam Palace,Tourist Attraction,attraction,Najran,Najran,,,4.5,0,"Al Manjam Palace is located in Najran, specifically in the village of Al Manjam. This ancient building takes its visitors on a heritage journey through time, going back to the year 1688 when it was built. It passes through important historical stages that tell the story of the region, its heritage, and its glory.",-,-,Visit_Saudi_Attractions,2026-01-15
POI_000076,Al Hamra Park,Tourist Attraction,attraction,Al Jubail,Eastern Province,,,4.5,0,"Al Hamra Park in Al Jubail is a recreational area for the residents of the neighborhood, covering an area of 75,000 square meters. It includes chairs distributed throughout its extent, a pedestrian path, a bicycle path, as well as a football field and a play area for children, allowing the whole family to enjoy special times amidst greenery and fresh air.",Daily 12:00 AM To 12:00 AM,,Visit_Saudi_Attractions,2026-01-15
POI_000077,Crease Archaeological Tower,Tourist Attraction,attraction,Al Jubail,Eastern Province,,,4.5,0,"Crease Tower is a mud tower that tells the story of glory preserved in the memory of history. It is located in the western part of Al Jubail in the Eastern Region of Saudi Arabia.

It was built by order of the founder King Abdulaziz bin Abdulrahman Al Saud in 1928, coinciding with the period of the emergence of the city of Al Jubail at that time.

The tower is considered a historical legacy and an important landmark in the region, visited by tourists, antiquities enthusiasts, and history lovers.",,,Visit_Saudi_Attractions,2026-01-15
POI_000078,Dareen Hills Park,Tourist Attraction,attraction,Al Jubail,Eastern Province,,,4.5,0,"Dareen Hills Park in Al Jubail is characterized by its pleasant atmosphere, refreshing breeze, and stunning nature, covered with vast green spaces overlooking the seaside, making it an ideal daily destination.",Daily 12:00 AM To 12:00 AM,,Visit_Saudi_Attractions,2026-01-15
POI_000079,Al Nakheel Beach,Tourist Attraction,attraction,Al Jubail,Eastern Province,,,4.5,0,"With its view of the Arabian Gulf coast, Al Nakheel Corniche in Al Jubail is a wonderful tourist destination for beach lovers and walking on the sand, where you can face the successive waves of the sea and enjoy quiet moments in its seating areas designed in the form of a traditional ""arish"" structure.","mon To fri:
9:00 AM To 8:00 PM
sat:
10:00 AM  To 8:00 PM",-,Visit_Saudi_Attractions,2026-01-15
POI_000080,Alraqdi Museum,Tourist Attraction,attraction,Aseer,Asir,,,4.5,0,"You will not only see the Aseer legacies in Alraqdi Museum, but it will also open the doors of knowledge that will take you to ancient worlds and historical anecdotes that express the history of ancient Aseer, adorned with the arts of Al-Qatt Al-Aseer made by Aseer women.",4:00 pm- 11:00 pm,-,Visit_Saudi_Attractions,2026-01-15
POI_000081,Art Street,Tourist Attraction,attraction,Aseer,Asir,,,4.5,0,"In an astonishing experience, Art Street takes you on a trip full of colors and creativity to another dimension in the arts space, to taste the works of artists and creators of the region. Immerse yourself in an exceptional journey out of the ordinary and prepare to discover one of the most beautiful art streets in the world.",-,-,Visit_Saudi_Attractions,2026-01-15
POI_000082,Al-Qatt Al-Aseeri Museum (Fatimah Museum),Tourist Attraction,attraction,Aseer,Asir,,,4.5,0,"Step into the Al-Qatt Al-Aseeri Museum, where the vibrant and intricate art of Al-Qatt Al-Aseeri comes to life. This unique museum, dedicated to the traditional art and heritage of Aseers women, offers an immersive experience that showcases their distinctive style in home decoration and daily life. From the moment you enter, the aromatic plants at the entrance welcome you into a world of colorful geometric patterns and lively decorations. The walls adorned with Al-Qatt's vibrant lines and shapes tell stories of cultural heritage and artistic expression, recognized by UNESCO as an intangible cultural heritage. Visitors can partake in educational workshops to learn about this art form and even purchase unique items adorned with Al-Qatt motifs. As you explore, you'll gain insight into the symbolic meanings behind the designs, reflecting the values and traditions of the local community. Witness the remarkable skill of Aseers women in crafting natural colors from their environment and using them to beautify their homes.",11:00 am- 8:00 pm,-,Visit_Saudi_Attractions,2026-01-15
POI_000083,Rijal Heritage Village,Tourist Attraction,attraction,Aseer,Asir,,,4.5,0,"Embark on a timeless journey to Rijal Heritage Village, a gem just 45 km from Abha. This stunning village, with its vibrant stone buildings and unique architecture, showcases 700 years of history. Recognized globally as one of the best tourist villages, Rijal is a treasure trove of cultural tales and rare exhibits.",-,-,Visit_Saudi_Attractions,2026-01-15
POI_000084,Al-Mushait Palaces,Tourist Attraction,attraction,Aseer,Asir,,,4.5,0,Al-Mushait Palaces are located in the South of Khamis Mushait. Their square shape and the materials used for their construction showcase the expertise of the people of the region and their way of benefitting from their virgin nature. That is because it is the most capable of enduring the weather and due to their abundance at the time.,-,-,Visit_Saudi_Attractions,2026-01-15
POI_000085,The Vineyard,Tourist Attraction,attraction,Aseer,Asir,,,4.5,0,"Discover the charm of The Vineyard, a picturesque farm where you can wander through lush fields brimming with a variety of local fruits. Located in the heart of Aseer, this farm offers a delightful escape into nature, featuring figs, grapes, pomegranates, and peaches. Enjoy a leisurely stroll through the orchards, where the vibrant colors and fresh scents of the fruits create an enchanting atmosphere. The Vineyard also provides comfortable seating areas where you can relax and savor delicious meals and refreshing drinks surrounded by stunning natural beauty. This serene retreat is perfect for a day out with friends or a romantic getaway with your partner, offering a unique blend of relaxation and culinary delight.",12:00 pm- 8:00 pm,-,Visit_Saudi_Attractions,2026-01-15
POI_000086,Zabna Historic Village,Tourist Attraction,attraction,Aseer,Asir,,,4.5,0,"Step into Zabna Historic Village, where the echoes of a rich past meet the serenity of nature. This unique destination invites you to explore beautifully restored ancient houses and a heritage mosque, each structure telling the story of the region's storied history. As you wander through the village, you'll feel the charm of traditional architecture and the warmth of a community that has preserved its cultural legacy through the centuries. The peaceful environment offers a perfect retreat for heritage enthusiasts and nature lovers alike, providing a unique glimpse into the timeless beauty of Aseer.",24 hours,-,Visit_Saudi_Attractions,2026-01-15
POI_000087,Mountain Cottage,Tourist Attraction,attraction,Aseer,Asir,,,4.5,0,"Perched atop the highest peaks of Manaa, Mountain Cottage offers a unique retreat for those seeking tranquility and breathtaking views. This rustic haven, situated in the heart of Tanomah, immerses you in the serene beauty of mountain life, far from the hustle and bustle of daily life. Mountain Cottage is designed with an innovative blend of recycled materials, including aged wood and dried trees, creating a cozy and sustainable interior. Relax in the fresh mountain air and let the soothing sounds of nature transport you to a world of peace and serenity. The cottage features a charming outdoor garden surrounded by wheat fields and majestic mountains, providing an idyllic setting for relaxation and reflection. Enjoy a peaceful night's sleep in a bed crafted from reclaimed wood, and start your day with a coffee in the cozy nook. Open year-round, this enchanting spot is perfect for couples looking to reconnect with nature and each other.",-,-,Visit_Saudi_Attractions,2026-01-15
POI_000088,Heritage Civilization Palace Museum (Al Maqar),Tourist Attraction,attraction,Aseer,Asir,,,4.5,0,"Step into the Heritage Civilization Palace Museum (Al Maqar), a breathtaking architectural marvel that seamlessly blends Andalusian and Islamic designs. Located in the heart of Aseer, this palace is adorned with intricate Islamic decorations and houses, a vast collection of ancient manuscripts and artifacts. Explore the palace's extensive collection, including over a thousand handwritten Quranic manuscripts, making it the foremost repository of such treasures. The museum's rich history is complemented by its luxurious accommodations and diverse guest services, ensuring a memorable visit. As you wander through its halls, each corner reveals a story from centuries past, promising an immersive cultural and historical experience like no other.",-,-,Visit_Saudi_Attractions,2026-01-15
POI_000089,Al Areesh,Tourist Attraction,attraction,Aseer,Asir,,,4.5,0,"For breakfast enthusiasts seeking a modern twist on traditional flavors, Areesh is your go-to destination. This cozy spot reinvents the Saudi breakfast experience with a contemporary flair, offering a diverse array of dishes that preserve the essence of traditional recipes while adding a fresh, modern touch. The ambiance, infused with the warmth of home and distinctive heritage decor, creates a perfect setting for couples looking to start their day with a unique and satisfying meal. From freshly baked bread to innovative takes on classic dishes, each bite at Areesh tells a story of culinary tradition meeting modern creativity.",6:00 am- 2:30 pm,-,Visit_Saudi_Attractions,2026-01-15
POI_000090,Cypress Cottage,Tourist Attraction,attraction,Aseer,Asir,,,4.5,0,"Nestled within the lush expanse of Tabab Heights, Cypress Cottage offers a unique blend of modern comfort and rural charm. This thoughtfully designed retreat, inspired by European countryside lodges, provides an unforgettable stay amidst more than a hundred towering cypress trees, making it an ideal escape for nature enthusiasts. At Cypress Cottage, you'll find yourself surrounded by breathtaking greenery and refreshingly cool temperatures, a hallmark of the Tabab region. The cottage itself boasts contemporary furniture crafted from ancient trees, some over a thousand years old, seamlessly blending rustic aesthetics with modern amenities. This serene haven invites you to unwind and rejuvenate, whether you're enjoying a peaceful morning coffee on the porch or exploring the scenic surroundings. Perfect for couples seeking a romantic getaway, Cypress Cottage promises a tranquil and picturesque retreat in the stunning Aseer region.",-,https://gathern.co/en/view/46271,Visit_Saudi_Attractions,2026-01-15
POI_000091,Alsamaa Eaqabat View,Tourist Attraction,attraction,Aseer,Asir,,,4.5,0,"Experience the awe-inspiring beauty of Alsamaa Eaqabat View, a breathtaking vantage point in the Aseer region that offers unparalleled views of the surrounding mountains and valleys. This scenic spot, a vital link between the peaks of Al Soudah and the villages of Al Sharaf and Rabia, leads you down to the historic province of Rijal Almaa. At Alsamaa Eaqabat View, you can immerse yourself in the stunning landscape that unfolds before you. The panoramic vistas are particularly captivating at sunset, when the sky is painted with hues of orange and pink. The viewpoint is equipped with lighting to enhance your visit after dark, providing a magical nighttime experience. Families will appreciate the dedicated children's play area, making it a perfect outing for visitors of all ages. Whether youre a nature lover, a photography enthusiast, or simply seeking tranquility, Alsamaa Eaqabat View offers a serene escape with unforgettable scenery.",-,-,Visit_Saudi_Attractions,2026-01-15
POI_000092,Habu View,Tourist Attraction,attraction,Aseer,Asir,,,4.5,0,"Enjoy the charming sunset with a view of the surrounding countryside, forests, mountains, and fog.",24 hours,-,Visit_Saudi_Attractions,2026-01-15
POI_000093,Al Habala Park,Tourist Attraction,attraction,Aseer,Asir,,,4.5,0,"Immerse yourself in the breathtaking natural beauty of Al Habala Park, a stunning attraction in the Aseer region that promises an unforgettable experience for all visitors. Located at a high altitude, this park offers panoramic views where the sky seamlessly merges with the earth, creating a serene and picturesque setting. At Al Habala Park, you can enjoy a variety of activities that cater to all family members. Take a thrilling ride on the cable car, which provides spectacular aerial views of the surrounding landscape. Explore the park's lush greenery and discover hidden waterfalls that add to the enchanting ambiance. For those who love adventure, there are ample opportunities for camping under the stars, allowing you to connect with nature in a profound way. Children will delight in the dedicated play areas, while a selection of restaurants and cafes ensures that you have plenty of options to relax and enjoy delicious meals. Whether you're seeking tranquility or an action-packed day out, Al Habala Park offers a perfect blend of natural beauty and recreational activities, making it a top destination for families.",-,-,Visit_Saudi_Attractions,2026-01-15
POI_000094,Honey Cottage,Tourist Attraction,attraction,Aseer,Asir,,,4.5,0,"Nestled in the picturesque village of Rijal Almaa, Honey Cottage offers an enchanting escape into the heart of nature. This rustic retreat, crowned with a charming windmill, provides not only stunning views of the surrounding landscape but also a delightful array of locally produced honey, making it a honey lover's paradise. At Honey Cottage, you can immerse yourself in the serene beauty of the Aseer region. The cottage is designed in a traditional wooden style, surrounded by lush greenery and natural valleys. Here, you can taste over 40 different types of honey, each with its unique flavor profile, harvested from the local flora. Whether you're enjoying a peaceful moment on the cottage porch or exploring the scenic trails nearby, Honey Cottage offers an exceptional experience that blends relaxation with a touch of local heritage. Perfect for friends seeking a sweet retreat, this destination promises memorable moments and a taste of the rich, natural bounty of Rijal Almaa.",8:00 am- 10:00 pm,-,Visit_Saudi_Attractions,2026-01-15
POI_000095,Liwan Farm,Tourist Attraction,attraction,Aseer,Asir,,,4.5,0,"Liwan Farm offers a unique rural retreat where visitors can experience the charm and simplicity of farm life. Nestled amidst beautiful landscapes, the farm provides a serene environment perfect for families and nature lovers looking to escape the hustle and bustle of city life and reconnect with nature. Enjoy a stay at the authentic inn and explore a variety of cafes and restaurants catering to all tastes. The farm also reflects Aseers rich history, showcased in a museum with unique and rare artifacts.",12:00 pm- 12:00 am,https://liwan-farm.com/,Visit_Saudi_Attractions,2026-01-15
POI_000096,Al Basta District,Tourist Attraction,attraction,Aseer,Asir,,,4.5,0,"Al Basta District is one of the oldest residential areas in Abha, featuring historical buildings and ancient architecture. It is renowned for its traditional old town market with various vendors serving street food, concept stores, and souvenir shops. The district's open square creates a lively social atmosphere perfect for spending quality time with family and friends. Don't miss the chance to learn about the stories of the Aseer community up close.",4:00 pm- 4:00 am,-,Visit_Saudi_Attractions,2026-01-15
POI_000097,Almuftaha Village,Tourist Attraction,attraction,Aseer,Asir,,,4.5,0,"Explore Almuftaha Village in Abha, known for its traditional mud buildings and rich Aseer heritage. The village features the King Fahd Cultural Center, Almuftaha Palace Museum, and numerous shops selling honey, antiques, and local delicacies, all within a charming traditional setting. Throughout different seasons, the village comes alive with various events, enhancing its vibrant cultural atmosphere.",7:00 am- 12:00 am,-,Visit_Saudi_Attractions,2026-01-15
POI_000098,Clouds,Tourist Attraction,attraction,Aseer,Asir,,,4.5,0,"Step into Clouds, a hotel and residential retreat where modern elegance blends with Aseer tradition. Enjoy the breathtaking views at Juliette Restaurant and Café, where every meal is a feast for the senses. Unwind in our luxurious spa and experience the perfect blend of comfort and style at Clouds.",24 hours,https://abha.platinumlist.net/event-tickets/93167/ghym,Visit_Saudi_Attractions,2026-01-15
POI_000099,Preserved tombs and ancient wonders at Hegra,Tourist Attraction,attraction,AlUla,Medina,,,4.5,0,"Saudi Arabia's first UNESCO World Heritage Site, Hegra reveals the fascinating Nabataean history with over 110 preserved tombs and ancient wonders. It offers a captivating glimpse into AlUla's rich heritage, making it an essential destination for anyone exploring AlUla.",-,-,Visit_Saudi_Attractions,2026-01-15
POI_000100,Gharameel Stargazing,Tourist Attraction,attraction,AlUla,Medina,,,4.5,0,Embark on an exciting celestial adventure far out in the desert on a stargazing trip to Gharameel. Hear from an expert guide as you admire the blanket of stars overhead while surrounded by photogenic pillars of mountain rock that reach skywards.,-,-,Visit_Saudi_Attractions,2026-01-15
POI_000101,Dadan and Jabal Ikmah,Tourist Attraction,attraction,AlUla,Medina,,,4.5,0,Embark on a historic journey in AlUla and uncover the ancient sites of Dadan and Jabal Ikmah. These two heritage sites are significant archaeological marvels that captivate the world even now.,9:00 am- 11:00 pm,-,Visit_Saudi_Attractions,2026-01-15
POI_000102,Elephant Rock,Tourist Attraction,attraction,AlUla,Medina,,,4.5,0,"Get up close to AlUla's beloved Elephant Rock, a special landmark and must-see spot. This natural marvel, shaped by millions of years of erosion, rises 52 meters high. Enjoy its magical presence at dusk, bathed in warm crimson light, while warming up by a fire pit nearby.",4:00  pm- 2:00 am,-,Visit_Saudi_Attractions,2026-01-15
POI_000103,Maraya,Tourist Attraction,attraction,AlUla,Medina,,,4.5,0,"Step into the realm of Maraya, an architectural marvel in AlUla's Ashar Valley. This mirrored wonder, blending into the sandstone cliffs, offers a surreal experience as it appears and disappears with your every step.",6:00 pm- 12:00 am,https://www.marayaalula.com/maraya-alula-tour,Visit_Saudi_Attractions,2026-01-15
POI_000104,AlUla Old Town Village,Tourist Attraction,attraction,AlUla,Medina,,,4.5,0,"A crossroads of civilisations and oasis city on incense-trading routes, people have inhabited AlUla for thousands of years. By preserving its rich heritage and continuing to flourish as a rural tourist destination, it has been awarded Best Tourism Village by the United Nations World Tourism Organization. Today, AlUla Old Town Village encompasses its ancient Old Town, the lush Oasis and the AlJadidah Arts District.",24 hours,-,Visit_Saudi_Attractions,2026-01-15
POI_000105,Wadi Al Fann,Tourist Attraction,attraction,AlUla,Medina,,,4.5,0,"Translating to Valley of the Arts, this new cultural destination is a blank canvas for large-scale art. Take a walking tour through the valley to see some unique, dramatic, and impressive works of contemporary art.",-,https://www.experiencealula.com/en/places-to-go/wadi-alfann,Visit_Saudi_Attractions,2026-01-15
POI_000106,The Giant Swing,Tourist Attraction,attraction,AlUla,Medina,,,4.5,0,"Experience the thrill of AlUlas Giant Swinga breathtaking adventure that lets you soar 85 meters above the ground, gliding through a 70-meter arc over stunning desert landscapes. Perched atop a mountain, this unique experience is perfect for thrill-seekers ready to test their limits and embrace the excitement of swinging high above the mesmerizing terrain of AlUla. Feel the adrenaline rush as you enjoy unparalleled views and an unforgettable journey in one of Saudi's most scenic locations.",11:00 am- 4:30 pm,https://www.experiencealula.com/en/things-to-do/experiences/giant-swing,Visit_Saudi_Attractions,2026-01-15
POI_000107,AlUla Oasis,Tourist Attraction,attraction,AlUla,Medina,,,4.5,0,"In the midst of AlUlas golden desert sands, the lush date palm groves of AlUla Oasis thrive as a vibrant symbol of life and sustainability. Producing over 90,000 tonnes of dates each year, this oasis has supported the region's ecosystem and economy for centuries. Merchants, pilgrims, and travelers journeying to ancient sites like Dadan and Hegra found refuge under its shaded groves, using its wood for shelter and fuel, while local communities flourished from its bounty. Today, AlUla Oasis invites visitors to explore its rich natural and cultural heritage through guided tours, unique dining experiences amid the palm groves, and a variety of activities that showcase the oasis's enduring legacy. Discover this flourishing oasis in the heart of Saudis ancient landscape.",24 hours,https://www.experiencealula.com/en/places-to-go/alula-oasis,Visit_Saudi_Attractions,2026-01-15
POI_000108,AlUla Hot Air Balloons,Tourist Attraction,attraction,AlUla,Medina,,,4.5,0,"Embark on a mesmerizing journey with AlUlas hot air balloon experience, lifting you 1,200 meters above the ground for panoramic views of the regions majestic desert landscapes and ancient sites. Float gently above sandstone mountains, verdant oases, and historic landmarks like Hegra, capturing the beauty of AlUla from a vantage point like no other. Whether its the golden hues at sunrise or the dramatic colors of sunset, this hot air balloon ride promises an unforgettable adventure and a unique way to explore the awe-inspiring scenery of Saudi.",5:00 am- 11:00 pm,https://www.experiencealula.com/en/things-to-do/experiences/alula-hot-air-balloons,Visit_Saudi_Attractions,2026-01-15
POI_000109,AlUla Stairway,Tourist Attraction,attraction,AlUla,Medina,,,4.5,0,"Embark on an unforgettable adventure with the AlUla Stairwaya 45-meter suspended stairway offering breathtaking views and an adrenaline-pumping climb. After reaching the summit, feel the thrill as you zipline back down into the valley, completing an experience that perfectly combines excitement with the stunning landscapes of AlUla. Ideal for adventure seekers, the AlUla Stairway promises a unique way to explore the rugged beauty of this historic region.",7:00 am- 7:00 pm,https://www.experiencealula.com/en/things-to-do/experiences/alula-stairway,Visit_Saudi_Attractions,2026-01-15
POI_000110,Juman Park,Tourist Attraction,attraction,King Abdullah Economic City,,,,4.5,0,"A peaceful and entertaining atmosphere awaits you at Juman Park, located in King Abdullah Economic City, adjacent to the canal Bay La Sun district, specifically between Bay La Sun Hotel and Marina. The park has a total area of about 55,000 square meters and features beautifully designed green spaces overlooking the stunning blue canal. It provides a refreshing and joyful experience for your soul and includes facilities and activities that will create lasting memories for you and your family.",-,-,Visit_Saudi_Attractions,2026-01-15
POI_000111,Mini Golf,Tourist Attraction,attraction,King Abdullah Economic City,,,,4.5,0,"Do you love golf? Or perhaps you want to test your skills in this fascinating global sport through a miniature experience? Maybe your children have shown interest in playing golf? If so, you're in for a treat with the Juman Mini Golf course, located in the unique Juman Park of King Abdullah Economic City (KAEC).",3:00 pm- 11:00 pm,-,Visit_Saudi_Attractions,2026-01-15
POI_000112,Juman Karting,Tourist Attraction,attraction,King Abdullah Economic City,,,,4.5,0,Karting is a type of high-speed car racing that is popular all over the world.,-,-,Visit_Saudi_Attractions,2026-01-15
POI_000113,Al Jawharah Stadium,Tourist Attraction,attraction,Jeddah,Makkah,,,4.5,0,"Located on the north side of King Abdul Aziz International Airport, King Abdullah Sports City has various stadiums and is just 19 minutes away from Jeddah Corniche Circuit. It is considered the second sports destination in Jeddah full of excitement and enthusiasm, and only two minutes away from ""Jeddah Superdome,"" a wonderful opportunity to attend more than one event in a day.

King Abdullah Sports City hosted the most prominent international sports events, attracting many sports and thousands of fans interested in these extraordinary events, such as The first WWE Freestyle Wrestling Championship and Dakar Rally in 2021. Here is where unparalleled adventures and many world concerts were held, which made it one of the most important entertainment destinations in Saudi Arabia.",12am - 12am,-,Visit_Saudi_Attractions,2026-01-15
POI_000114,Tayebat Museum,Tourist Attraction,attraction,Jeddah,Makkah,,,4.5,0,"Jeddah has a history that predates modern Arabia. As one of the Gulfs oldest seaports and the gateway to the holy city of Makkah, Jeddah has been welcoming the world for centuries  which has helped transform the city into the culturally rich melting pot it is today.

For a fascinating look into Jeddahs long and cosmopolitan past, take a trip to the Tayebat Museum for a superbly curated representation of the citys 2,500-year history. Located in the Al Faisaliyah district, the museum is housed in a multiroom complex that re-creates the traditional Hijazi architecture of the old city, with bay windows overlaid with intricate wooden lattice work and ornate coral masonry.

With several floors of in-depth exhibits, the museum offers a living history lesson on the foundation of Jeddah, Saudi Arabia and the wider Arabian Peninsula. There is also an entire floor dedicated to the citys rich Islamic heritage.",Sun to Thur: 8:00am - 9:00pm,-,Visit_Saudi_Attractions,2026-01-15
POI_000115,Fakieh Aquarium,Tourist Attraction,attraction,Jeddah,Makkah,,,4.5,0,"Located just off Al Kurnaysh Road on Jeddahs north corniche, Fakieh Aquarium is the first marine exhibition of its kind in Saudi Arabia, and its no coincidence that it finds itself within earshot of the citys lapping Red Sea.

The sprawling tunnels and vast tanks that make up the aquarium house over 200 species and around 85 percent of them are native to Jeddahs undisturbed coral reefs. It makes this colorful window onto the Red Sea the best way to experience the regions vibrant underwater ecosystem without needing to squeeze into scuba gear.

Accompanied by a meditative soundtrack and enclosed in cavern walls, a trip through the aquarium brings you face-to-face with some of the 800 Red Sea oddities that dont exist anywhere else on the planet.

Throughout the tour, detailed information is provided in both English and Arabic. It means visitors can find out how the Red Sea got its name (hint: it has to do with blooms of algae), and learn about fish like the Napoleon wrasse, which are all born female before some transform into males on maturity. Theres also the territorial sohal surgeonfish, endemic to the Red Sea and named for its scalpel-sharp fin.

For more peculiarities, seek out the upside-down jellyfish known as the Cassiopeia, or the thin, long garden eels with their playful tendency to bob up and down in the sand as visitors approach.

Less amusing is the fish youll be relieved to see in a tank rather than in the open sea; a stern-looking stonefish deemed the most venomous fish in the world, possessing enough venom to kill a fully-grown man in under five minutes.

The knowledgeable staff is also proud to inform visitors that some endangered marine life  including giant turtles  have been rescued following injury or illness. Those that are able to recover fully are then released back into their natural habitat.","sun to thu:
10AM - 11PM
fri:
12PM-11PM
sat:
10AM-11PM",https://fakiehaquarium.com/,Visit_Saudi_Attractions,2026-01-15
POI_000116,King Fahds Fountain,Tourist Attraction,attraction,Jeddah,Makkah,,,4.5,0,"Visible from all across the city, King Fahd Fountain is a much-loved Jeddah landmark and a 30-year-old monument in the middle of the Red Sea. At 312 meters high, its waters decorate the sunset of Jeddah, and whether you are thinking of taking a picture or a video of that magical scene, seeing the fountain will not seem impossible no matter how far away you are. As the spectacular display of the fountain continues, you can walk around and try different kinds of food along the various stalls in Alhamra Cornish. Seven is the most popular kiosk on the walkway.",-,-,Visit_Saudi_Attractions,2026-01-15
POI_000117,Historic Jeddah,Tourist Attraction,attraction,Jeddah,Makkah,,,4.5,0,"Before naming it as the royal seaport for Makkah at 657 AD, the Al-Balad site, Historic Jeddah, was built on beautiful coastal land. It gathered people from all cultures and walks of life throughout the ages. This part of the world unveils a human heritage whose walls challenged different historical factors with eight gates; each is known for its historical stories. In addition, it holds more than 10 ancient houses praised for their distinctive designs and the names of their ancient families. Here, you will get the coziest photographs.",9am-11pm,-,Visit_Saudi_Attractions,2026-01-15
POI_000118,Jeddah Corniche Circuit | Formula One,Tourist Attraction,attraction,Jeddah,Makkah,,,4.5,0,"Even in the octane-fueled world of Formula One racing, known for its powerfully muscled hot rods, the Jeddah Corniche Circuit is breaking speed records. 

The track, situated along Saudis Red Sea coastline, is the fastest street circuit ever seen in Formula One, according to the Fédération Internationale de l'Automobile, the governing body for motorsports. It also boasts the most corners: 27.",-,https://saudiarabiangp.com/en,Visit_Saudi_Attractions,2026-01-15
POI_000119,Jeddah Waterfront,Tourist Attraction,attraction,Jeddah,Makkah,,,4.5,0,"This is no doubt the place everybody adores, a place that instantly and seamlessly delights and revitalizes your heart. It is precisely where visitors fall deeply captive in Jeddah. Strap on your shoes and come explore one of the latest waterfronts in the world.",12am-12am,-,Visit_Saudi_Attractions,2026-01-15
POI_000120,Tariq Abdulhakim Center Museum (Albalad),Tourist Attraction,attraction,Jeddah,Makkah,,,4.5,0,"Tariq Abdulhakim Center Museum showcases the journey of one of Saudis most influential and pioneering musicians, and the first Arab musician to receive the UNESCO World Prize. Visitors can enjoy his distinctive compositions and melodies, and view his musical instruments, belongings, and notes to gain insight into his artistic environment and illustrious career.",5pm-9pm,https://dc.moc.gov.sa/,Visit_Saudi_Attractions,2026-01-15
POI_000121,Obhur corniche,Tourist Attraction,attraction,Jeddah,Makkah,,,4.5,0,"Obhur Corniche is one of Jeddah's premier waterfront destinations, perfect for strolling and spending quality time with family and friends. Enjoy the breathtaking views of the Red Sea while taking advantage of its diverse recreational facilities, making it an ideal spot for everyone.",12am-12am,-,Visit_Saudi_Attractions,2026-01-15
POI_000122,TeamLab Borderless Jeddah (Albalad),Tourist Attraction,attraction,Jeddah,Makkah,,,4.5,0,"teamLab Borderless opened its doors for the first time in the Middle East in Jeddah! a collection of artworks that form one continuous, borderless world. These artworks move freely out of the rooms, creating connections and relationships with people, communicating with other works, and sometimes intermingling with each other. They share the same concept of time as the human body, creating a unique and immersive experience.

Borderless World

Visitors wander through this borderless world, exploring with intention, creating and discovering new experiences with others. The Borderless World transforms according to our presence, and as we immerse and meld ourselves into this unified environment, we explore a continuity among people, as well as a new understanding of the connection between ourselves and the world.","Sat to wed:
1pm-11pm
thu to fri:
3pm-2am",https://www.teamlab.art/e/jeddah/,Visit_Saudi_Attractions,2026-01-15
POI_000123,Hayy jameel,Tourist Attraction,attraction,Jeddah,Makkah,,,4.5,0,"Discover the innovative spirit of Hayy Jameel, featuring a wide range of seasonal art shows, workshops, and cultural festivities. Spend a day with your family exploring the vibrant art scene and creative community of Jeddah.",10am-12-am,-,Visit_Saudi_Attractions,2026-01-15
POI_000124,Tabuk Station in Hejaz Railway,Tourist Attraction,attraction,Tabuk,Tabuk,,,4.5,0,"Spanning across both distance and time, the Hejaz Railway was established at the beginning of the twentieth century to connect Damascus and Madina in a journey that took no more than five days, compared to the previous 45 days that were required, which involved crossing barren deserts and rugged terrain.","sun to thur:
8am-8pm
fri to sat:
1pm-6pm",-,Visit_Saudi_Attractions,2026-01-15
POI_000125,Tabuk Archaeological Castle,Tourist Attraction,attraction,Tabuk,Tabuk,,,4.5,0,"Tabuk Province is rich with numerous archaeological sites that reveal the history of the area, allowing us to witness symbols of an ancient past, such as Tabuk Archaeological Castle, which dates back over five centuries and is now one of the most important historical castles and tourist landmarks in the region.","sun To thu:
8AM-2PM

fri To sat:
4PM-6PM",-,Visit_Saudi_Attractions,2026-01-15
POI_000126,Prince Fahad Bin Sultan Park,Tourist Attraction,attraction,Tabuk,Tabuk,,,4.5,0,"On a sunny day or a cold night in Tabuk, you can lay on the green grass that stretches over an area of 500,000 square meters in Prince Fahad Bin Sultan Park, families and friends gather while enjoying a cup of Saudi coffee flavoured with saffron and cardamom, surrounded by lush trees and fresh air.",12am-12am,-,Visit_Saudi_Attractions,2026-01-15
POI_000127,Tabuk Attraction Mud House,Tourist Attraction,attraction,Tabuk,Tabuk,,,4.5,0,"A collection of facilities that contain items that date back to Tabuk's rich past can be found in Tabuk Attraction Mud House, or as it is commonly known, the Mud House Museum, which houses various archaeological details and is one of the most prominent tourist landmarks in Tabuk.",4pm-11pm,-,Visit_Saudi_Attractions,2026-01-15
POI_000128,Al Murooj Park,Tourist Attraction,attraction,Tabuk,Tabuk,,,4.5,0,"The nature in Tabuk City is diverse and includes many green spaces, including gardens equipped with all services, numbering about 44 gardens, including Al Murooj Park.",12am-12am,-,Visit_Saudi_Attractions,2026-01-15
POI_000129,Al-Tawbah Mosque,Tourist Attraction,attraction,Tabuk,Tabuk,,,4.5,0,"Al-Tawbah Mosque in Tabuk represents an important Islamic landmark as the site where it was built is connected to events from the Battle of Tabuk. The mosque serves as a vital point in the region, around which the markets and neighbourhoods of Tabuk are clustered.",12am-12am,-,Visit_Saudi_Attractions,2026-01-15
POI_000130,Mount Uhud,Tourist Attraction,attraction,Madinah,Madinah,,,4.5,0,"It is a majestic mountain that had a special place to the Prophet, blessings and peace be upon him, who said: ""Uhud is a mountain that loves us and we love it.""",12am-12am,-,Visit_Saudi_Attractions,2026-01-15
POI_000131,Quba Mosque,Tourist Attraction,attraction,Madinah,Madinah,,,4.5,0,"It is the first mosque in Islam. The Prophet, blessings and peace be upon him, with his own blessed hands, laid the foundation stone of the mosque, which was built by the emigrants and the helpers (ansar). Allah extolled this mosque and mentioned its virtues in the everlasting Qur'an, ""A mosque founded on righteousness from the first day is more worthy for you to stand in."" (9:108)",12am-12am,-,Visit_Saudi_Attractions,2026-01-15
POI_000132,Al-Ghamamah Mosque,Tourist Attraction,attraction,Madinah,Madinah,,,4.5,0,"Today, it is 200 meters away from the courtyards of the Prophets Mosque. It was one of the Prophet's prayer grounds, to which he would go out to lead people in Eid and rain-invoking prayers. It embraces memories of the Prophet's life and the fragrant civilizational history of Muslims.",10am-12am,-,Visit_Saudi_Attractions,2026-01-15
POI_000133,Qiblatain Mosque,Tourist Attraction,attraction,Madinah,Madinah,,,4.5,0,"It is one of the most important historical mosques in Madinah. In this mosque, Allah honored the Prophet, blessings and peace be upon him, and fulfilled his wish by shifting the qiblah direction from Jerusalem to the Kaaba: (We will surely turn you to a qiblah with which you will be pleased) [Qur'an 2:144].",12am-12am,-,Visit_Saudi_Attractions,2026-01-15
POI_000134,Urwa bin Al-Zubayr Palace,Tourist Attraction,attraction,Madinah,Madinah,,,4.5,0,The Palace is an emblem of defiance and steadfastness in the face of the forces of nature. It was built on a high hill overlooking the edges of Al-Aqiq Valley in the west of Madinah.,5pm-11pm,-,Visit_Saudi_Attractions,2026-01-15
POI_000135,Uhud Martyrs Square,Tourist Attraction,attraction,Madinah,Madinah,,,4.5,0,"Uhud Martyrs Square is one of the most famous landmarks that Muslims are keen to visit because it represents a historical memory associated with the events of the Battle of Uhud, which took place in the third year of the Prophets emigration.",12am-12am,-,Visit_Saudi_Attractions,2026-01-15
POI_000136,Al-Miqat Mosque,Tourist Attraction,attraction,Madinah,Madinah,,,4.5,0,"It is one of the most important historical landmarks of Madinah. On their way to the Sacred Mosque of Makkah, pilgrims from or passing through Madinah stop at this mosque. Here they give up all worldly appearances and put on Ihram garments in their journey of faith, hoping only for Allah's mercy and reward in the Hereafter.",12am-12am,-,Visit_Saudi_Attractions,2026-01-15
POI_000137,Hijaz Railway Museum,Tourist Attraction,attraction,Madinah,Madinah,,,4.5,0,"The museum is considered one of the historical tourist destinations in Madinah. It was established in 1419 AH, corresponding to 1998 AD, and was inaugurated by Prince Abdulmajeed ibn Abdulaziz. It is located on Omar ibn Al-Khattab St, King Abdulaziz Square in Anbariya. It is about 1,020 meters away from the Prophets Mosque.",sat to thur: 8am-9pm,-,Visit_Saudi_Attractions,2026-01-15
POI_000138,Historical Quba Castle,Tourist Attraction,attraction,Madinah,Madinah,,,4.5,0,"Madinahs most famous castle was built for surveillance and protection. Made from thick, black volcanic stones and covered with white plaster, the castle is located about 1,500 meters from Quba Mosque on a high hill in the Al Duwaima neighborhood.",12am-12am,-,Visit_Saudi_Attractions,2026-01-15
POI_000139,Ali Ibn Abi Talib Mosque,Tourist Attraction,attraction,Madinah,Madinah,,,4.5,0,"Located in the area of the Seven Mosques, Ali ibn Abi Talib Mosque is a destination for visitors who want to explore Islamic cultural heritage. The Prophet Muhammad performed Eid prayer on the site, as did Ali ibn Abi Talib after the Prophet's death.",12am-12am,-,Visit_Saudi_Attractions,2026-01-15
POI_000140,ALHAYY,Tourist Attraction,attraction,Madinah,Madinah,,,4.5,0,"A destination that reflects the history and culture of Medina, featuring many local and cultural experiences.",2pm-3am,-,Visit_Saudi_Attractions,2026-01-15
POI_000141,City Sightseeing Bus Tour,Tourist Attraction,attraction,Madinah,Madinah,,,4.5,0,"Explore the second-holiest city in Islam on top of our comfortable double-decker buses to discover its rich Islamic history, heritage, culture, and social life.",6:15am-8:45pm,https://book.visitsaudi.com/sa-en/experiences/Madinah/Culture%20&%20History/city-sightseeing-al-madina-1?_ga=2.173329639.596123480.1741172896-512813428.1741172896&_gl=1*1bk03ok*_gcl_au*MTkzOTQwMjY5Mi4xNzM5Njg3NTQx,Visit_Saudi_Attractions,2026-01-15
POI_000142,Al-Uyun Market,Tourist Attraction,attraction,Madinah,Madinah,,,4.5,0,A special Ramadan market containing 60 outlets for owners of local products will be activated during the month of Ramadan to sell Ramadan products and food.,12am-12am,-,Visit_Saudi_Attractions,2026-01-15
POI_000143,AS SAFIYYAH Museum and Park,Tourist Attraction,attraction,Madinah,Madinah,,,4.5,0,"A cultural tourist oasis, in which the visitor moves between Many diverse items, the most prominent of which is the museum The story of creation, the cultural park and waterways as well as areas of shops, restaurants and cafes.",7:30am-11pm,https://tickets.hihala.com/ticketSale/tickets?category=spoffer,Visit_Saudi_Attractions,2026-01-15
POI_000144,ALSIRAH,Tourist Attraction,attraction,Madinah,Madinah,,,4.5,0,"Alsirah offers an immersive experience that sheds light on the life, journey, and lessons of the prophet Mohammad (PBUH). By narrating inspiring stories from his profound journey, our experiences foster a deeper connection to him and a greater appreciation for his legacy.",6am-12am,https://alsirah.sa/buy-tickets/,Visit_Saudi_Attractions,2026-01-15
POI_000145,Souq Suwaiqah,Tourist Attraction,attraction,Madinah,Madinah,,,4.5,0,"Souq Suwaiqah is one of the oldest and most prominent markets in Madinah. It is characterized by traditional products that Reflect the authenticity of Saudi crafts and their ancient history. By selling and reviewing invasive products, it collects the market between ancient and modern sculpting works and supports women's empowerment by involving them in the Sale and crafts.",2pm-10pm,-,Visit_Saudi_Attractions,2026-01-15
POI_000146,Heritage District,Tourist Attraction,attraction,Madinah,Madinah,,,4.5,0,"The heritage district is located within King Fahd Central Park, The project aims to launch a cultural festival throughout the month of Ramadan that combines cultural and entertainment experiences and events. In addition to restaurants and cafes serving all local cuisine.",5pm-3am,-,Visit_Saudi_Attractions,2026-01-15
POI_000147,Jabal Ayr,Tourist Attraction,attraction,Madinah,Madinah,,,4.5,0,The Ayer View offers a unique Madani Ramadan Iftar experience with a stunning panoramic view of Madinah.,4pm-2am,-,Visit_Saudi_Attractions,2026-01-15
POI_000148,The International Fairs and Museums of the Prophets Biography and Islamic Civilization,Tourist Attraction,attraction,Madinah,Madinah,,,4.5,0,The exhibition showcases the Prophets biography with interactive displays in seven languages.,-,https://tickets.asc.sa/?branch_slug=med,Visit_Saudi_Attractions,2026-01-15
POI_000149,The Touristic City of Jawatha,Tourist Attraction,attraction,Al-Ahsa,Eastern Province,,,4.5,0,"Jawatha is located in the northeast of Al Hofuf, and it is a tourist city that was opened in 2018 to be a distinctive destination that includes historical monuments, popular markets, and enjoyable activities. It welcomes visitors daily from 8:00 am to midnight.",8am-12am,-,Visit_Saudi_Attractions,2026-01-15
POI_000150,Largest Palm Oasis in the World,Tourist Attraction,attraction,Al-Ahsa,Eastern Province,,,4.5,0,"The natural oasis of Al-Ahsa, whose area exceeds 85 square kilometers, reveals geographical artifacts that are full of details of its unique terrain and the diversity of its environment, including caves, mountains, plains, and springs, to be deservedly included in the UNESCO World Heritage List since 2018.",-,-,Visit_Saudi_Attractions,2026-01-15
POI_000151,Al Asfar Lake,Tourist Attraction,attraction,Al-Ahsa,Eastern Province,,,4.5,0,"Al Asfar Lake appears amidst the golden dunes and in a charming scene, which was formed by seasonal rain over decades and is locally called (the summer blue and the winter white) because its color changes according to seasons. It is one of the largest natural water bodies in the Gulf region and has been transformed into a nature reserve to encompass the surrounding wildlife, as desert plants surround the lake, trees converge around it and cover the horizon, the soft and pure sands remain.",-,-,Visit_Saudi_Attractions,2026-01-15
POI_000152,Bayt Al-Bay'ah,Tourist Attraction,attraction,Al-Ahsa,Eastern Province,,,4.5,0,"Step into Bayt Al-Bay'ah in Al-Ahsa, a historic landmark built in 1203 AH (1788 CE) by Sheikh Abdul Rahman Al-Mulla, capturing the elegance of traditional Saudi architecture during the First Saudi State. Located in the Al-Rawda neighborhood of Al-Kut, this house is where the people of Al-Ahsa pledged loyalty to King Abdulaziz Al Saud on the night of Jumada Al-Akhirah 5, 1331 AH (1912 CE). Owned at the time by Sheikh Abdul Latif Al-Mulla, Mufti of Al-Ahsa, the house holds the very room where King Abdulaziz rested.
 

Today, Bayt Al-Bay'ah invites history enthusiasts and culture lovers to explore its charm. Recently restored and open to visitors, it enchants with its modest exterior and striking pointed arches that crown the interior openings, showcasing the timeless beauty of Saudi heritage and the enduring legacy of Al-Ahsa.","sat:
9AM-1PM

sun To thu:
8AM-4PM

fri:
1PM-5PM",-,Visit_Saudi_Attractions,2026-01-15
POI_000153,Historical Sahoud Palace,Tourist Attraction,attraction,Al-Ahsa,Eastern Province,,,4.5,0,"Al Ahsa Governorate has an enormous historical inventory that dates back centuries BC. The human civilizations followed one another in Al Ahsa. Being a natural oasis in an ideal location made Al-Ahsa desired by many. However, its people worked to protect it from enemies by building castles and palaces with towers that gave them a comprehensive view of their surroundings. One of the most important protective palaces in Al Ahsa is Sahoud Palace.",-,-,Visit_Saudi_Attractions,2026-01-15
POI_000154,Handcraft Castle,Tourist Attraction,attraction,Al-Ahsa,Eastern Province,,,4.5,0,"Handcraft Castle is one of the most important landmarks in Al-Ahsa, with its traditional heritage character. This is why it was included in the Creative Cities Network of UNESCO in the craft and folk-art creative field.",-,-,Visit_Saudi_Attractions,2026-01-15
POI_000155,Masjid Al-Jalaniah,Tourist Attraction,attraction,Al-Ahsa,Eastern Province,,,4.5,0,"Al-Ahsa is home to many historic mosques that still preserve their mud structure adorned with unique architectural designs as if they were an open book that tells the story of historical eras that have passed. Among the historic treasures that have stood the test of time is Masjid Al-Jalaniah, dating back to the 12th century AD, surrounded by towering palm forests near water springs.",-,-,Visit_Saudi_Attractions,2026-01-15
POI_000156,Qasr Ibrahim,Tourist Attraction,attraction,Al-Ahsa,Eastern Province,,,4.5,0,"Explore Qasr Ibrahim, a historic landmark at the center of Al-Hofufs Al-Kut neighborhood. Covering 18,200 square meters, this palacebuilt during the Al-Jabri dynasty (14361534 CE) and also known as ""Qasr Al-Qubba"" or ""Qasr Al-Kut""represents Al-Hofufs past as a thriving trade hub and fortress of power.

 

Enjoy its blend of religious and military architecture: from the iconic Islamic domes, arches, and mosque mihrab to the towering walls, soldier barracks, and stables that reveal its defensive legacy.","sun To thu:
8AM-4PM

fri:
1PM-5PM

sat:
9AM-1PM",-,Visit_Saudi_Attractions,2026-01-15
POI_000157,Al Qarah Mountain,Tourist Attraction,attraction,Al-Ahsa,Eastern Province,,,4.5,0,"Discover the captivating caves of Al Qarah Mountain, shaped over centuries by natural processes like the dissolving of water-soluble rocks, abrasion, and earthquake fissures. These unique formations boast 28 tall linear passageways stretching 1.5 kilometers, offering a maze of wonder for explorers and history enthusiasts alike.

Among the most famous caves are Al Nashab, known for its moderate temperatures year-round, and Bu Saleh, Al Eid, An Naqa, Al Mua'adhamah, and Al Maheub, each holding its own charm and stories. Some caves even host workshops for local potters, adding a cultural touch to the experience. With guided tours available, visitors can immerse themselves in the history and natural beauty of this heritage treasure, making Al Qarahs caves a must-see in Saudi.",8am-11pm,-,Visit_Saudi_Attractions,2026-01-15
POI_000158,Raghadan Forest,Tourist Attraction,attraction,Al Baha,Al Baha,,,4.5,0,"Raghadan Forest Park in Al Baha stands out as one of the largest and most celebrated forests in Saudi, covering an extensive area often shrouded in fog. Perched at a high elevation, it is home to trees that have stood for centuries. Raghadan Forest Park is a hub of activities, events, and facilities for all ages, featuring stunning views of Al Baha's natural scenery, foggy peaks, waterfalls, a suspension bridge elevated 13 to 15 meters, and exciting zipline adventures. The park also includes a children's play area, shopping, and dining options, providing visitors with an opportunity to immerse themselves in nature and various exciting activities.",8am-12am,-,Visit_Saudi_Attractions,2026-01-15
POI_000159,Thee Ain Historical Village,Tourist Attraction,attraction,Al Baha,Al Baha,,,4.5,0,"Thee Ain Historical Village is located in Al-Makhwah Governorate in Al Baha, on the top of a rugged white mountain overlooking Wadi Rash from the western side, while being surrounded by mountain heights. Thee Ain is about 25 km far from the center of Al-Baha city and is considered one of the most important heritage villages in the Arabian Peninsula. Seeing it from the outside, the village may appear as a single castle. Dating back to the tenth century AH, the village gained its name from a spring that passes through it, pouring from the surrounding mountains. The village includes a small mosque and more than 30 houses, all of which are designed to be contiguous and superimposed on each other due to the village's mountainous nature. The houses are built of volcanic rocks, whereas mud and Mudbrick were used in their interiors. Thee Ain is famous for growing diverse types of fruits and basil, in addition to the high quality of its traditional handicrafts.",8am-6pm,-,Visit_Saudi_Attractions,2026-01-15
POI_000160,Al-Zaytouna Farm in Al-Baha,Tourist Attraction,attraction,Al Baha,Al Baha,,,4.5,0,"Al-Zaytouna Farm in Al-Baha spans an area of approximately 150,000 square meters, with one hundred agricultural terraces extending along the Sarawat Mountains, specifically in Bahar Center on the Al-Aqiq road. The farm includes more than 4,000 olive trees, in addition to three tanks for storing rainwater, a bird breeding garden, and a horse stud, making it a stunning destination for tourists all year round, offering a charming experience in picking agricultural crops, enjoying scenic views, and savoring delicious dishes prepared on-site by skilled chefs.","fri To sat:
8AM-7PM

sun To thu:
3PM-7PM",https://linkfly.to/40312dY4PZy?utm_source=qr,Visit_Saudi_Attractions,2026-01-15
POI_000161,Bin Raqoush Palace,Tourist Attraction,attraction,Al Baha,Al Baha,,,4.5,0,"On the slope of a towering hill in the village of Bani Saar, north of Al-Baha city, lies the historical Palace of Bin Raqoush. Its construction dates back to 1834 and it was considered a complete residential system consisting of several family homes and guesthouses headed by the ""Zahran"" council.",9am-9pm,-,Visit_Saudi_Attractions,2026-01-15
POI_000162,Regional Museum of Antiquities and Heritage,Tourist Attraction,attraction,Al Baha,Al Baha,,,4.5,0,"The earlier inhabitants left behind evidence and traces that tell something about their lives and narrate a summary of their stories. You can explore these stories as you wander through the Regional Museum of Antiquities and Heritage in Al-Baha.

The museum has collected historical pieces that silently recount the region's stories and ancient shapes and inscriptions that captivate visitors' imaginations.",8am-9pm,-,Visit_Saudi_Attractions,2026-01-15
POI_000163,Al Malad Castle (Twin Fortresses),Tourist Attraction,attraction,Al Baha,Al Baha,,,4.5,0,"Al Malad Castle, aka Twin Fortresses, is a prominent feature of the heritage of Al-Baha Province. It is a twin fortress located in the historic village of Al Malad, atop a hill that lies on the commercial road leading to Aseer.","sat to thur: 
2:30 PM-8:30 PM
fri: 9am-11pm",-,Visit_Saudi_Attractions,2026-01-15
POI_000164,Airef Castle,Tourist Attraction,attraction,Hail,Hail,,,4.5,0,"A'arif Fort stands out with its ancient details and reflects the rich cultural history of the city of Hail. It was built in 1840, and it was named after the mountain on which it was built.","sat to thur: 
9AM-5PM
fri: 1pm-6pm",https://heritage.moc.gov.sa/en,Visit_Saudi_Attractions,2026-01-15
POI_000165,Aja Park,Tourist Attraction,attraction,Hail,Hail,,,4.5,0,"Aja Park in Hail has many facilities that are suitable for all members of the family. You will find chalets, and the largest open space games area in Hail awaits you.  There are also places to ride horses, a shopping area, and various restaurants and cafes.",1:30pm-2am,-,Visit_Saudi_Attractions,2026-01-15
POI_000166,Faid Historic City,Tourist Attraction,attraction,Hail,Hail,,,4.5,0,"Historians describe Faid Historic City as the third most important ancient city after Kufa and Basra, as it was located along the ancient Iraqi pilgrimage route known as Zubaida Trail, which connected Iraq with Makkah. The city is located in southeast Hail, 120 km away from it.","sat to thur: 
9AM-5PM
fri: 1pm-6pm",https://heritage.moc.gov.sa/en,Visit_Saudi_Attractions,2026-01-15
POI_000167,Al Mutlaq Heritage Mosque,Tourist Attraction,attraction,Hail,Hail,,,4.5,0,"Al Mutlaq Heritage Mosque has been the subject of the Mutlaq family's care for more than three centuries, passing down the responsibility of its maintenance and restoration from generation to generation. It is one of the oldest and most prominent historical mosques in northern Saudi Arabia, with its foundations rooted in the city of Hail.",-,-,Visit_Saudi_Attractions,2026-01-15
POI_000168,Barzan Palace,Tourist Attraction,attraction,Hail,Hail,,,4.5,0,"Discover Barzan Palace in the heart of Hail, a historic landmark and one of the region's most important urban heritage sites. Built with towering architecture that once rose above the citys buildings, Barzan Palaces two remaining towersone to the north and another to the southreach approximately 12 meters high. Named ""Barzan"" because it stood prominent among the citys structures, the palace is now a celebrated tourist attraction, inviting visitors to experience its architectural legacy and significance within Hail's heritage landscape.","sat to thur: 
9AM-5PM
fri: 1pm-6pm",-,Visit_Saudi_Attractions,2026-01-15
POI_000169,Al Qishla Castle,Tourist Attraction,attraction,Hail,Hail,,,4.5,0,"Discover Al-Qashla Castle in Hail, an iconic heritage site that showcases the traditional Najdi architectural style. Built during the reign of King Abdul Aziz in 1360 AH (1941 CE), Al-Qashla stands as a symbol of Hails rich urban heritage. Constructed from clay and stones, the castle features intricate plaster decorations with geometric and floral motifs typical of traditional architecture in the region. Its 12-meter-high cylindrical defensive towers, including four internal ""Al-Sandah"" towers, emphasize its defensive strength. Within, visitors will find two grand gates, a mosque, and rooms adorned with colorful plaster details and engraved doors and windows, making Al-Qashla Castle a masterpiece of Hails architectural legacy.","sat to thur: 
9AM-5PM
fri: 1pm-6pm",-,Visit_Saudi_Attractions,2026-01-15
POI_000170,Umm Sinman,Tourist Attraction,attraction,Hail,Hail,,,4.5,0,"Journey through time at Umm Sinman, a UNESCO World Heritage Site since 2015, and one of Saudi's most prominent rock art locations. Situated in the northern region of the Kingdom, the rock faces of Mount Umm Sinman are adorned with human and animal carvings from various historical eras, with the oldest dating back over 12,000 years to the beginning of the Neolithic era. The site also includes ancient Thamudian inscriptions and early Islamic writings, with some inscriptions dating back to 147 AH. These remarkable carvings offer a glimpse into the cultural richness and deep history of human settlement in Jubbah, capturing the essence of ancient life across millennia.","sat to thur: 
9AM-5PM
fri: 1pm-6pm",-,Visit_Saudi_Attractions,2026-01-15
POI_000171,Hatem Al Taai Palace,Tourist Attraction,attraction,Hail,Hail,,,4.5,0,"Discover Turan Village, located 55 kilometers from Hail. Known as the land of the legendary Arab figure Hatim Al-Tai, Turan celebrates the enduring legacy of his unmatched generosity, immortalized in Arab culture with the phrase, ""More generous than Hatim."" Today, the village preserves remnants of its storied past, including a fortress near the entrance believed to have been Hatim's palace. In the village center, visitors can explore the ruins of an ancient mud palace and a small cemetery with two unusually long gravesone of which, stretching 9.5 meters, is believed by locals to be the resting place of Hatim Al-Tai, while the other is thought to belong to his daughter, who is said to have witnessed the dawn of Islam.",12am-12am,-,Visit_Saudi_Attractions,2026-01-15
POI_000172,Al Adham,Tourist Attraction,attraction,Hail,Hail,,,4.5,0,"Visit Al Adham, nestled amidst stunning mountains and a uniquely serene landscape, immerse yourself in the enchanting ""Qumra"" event, a celebration of Saudi heritage with captivating Samri performances. Held for three nights each Hijri month (14th, 15th, and 16th, excluding Ramadan), this event fills the air with traditional melodies in a vibrant setting under the refreshing evening breeze.

Don't miss the spectacular horse shows featuring skilled riders, both men and women, showcasing their artistry and mastery. These breathtaking displays take place during the first three days of each Gregorian month. Surrounded by majestic natural beauty, Al Adham also offers charming cafes, a dedicated kids' area, and a tranquil atmosphere to enjoy the cool night breeze, making it a perfect destination for families and cultural enthusiasts alike.",4pm-1am,https://www.instagram.com/aladhmsc/?igsh=NjBiNnhtdGFxaWJw#,Visit_Saudi_Attractions,2026-01-15
POI_000173,Al Samra Mountain,Tourist Attraction,attraction,Hail,Hail,,,4.5,0,"Discover Al Samra Mountain, a part of the Shammar Mountains located east of Hail, steeped in history and captivating tales. History reveals that Hatim Al-Tai lit a fire on its summit, known as ""Al Mawqida,"" to guide travelers and passersby to his home.

Today, Al Samra Mountain features breathtaking views, a scenic overlook, and an Italian restaurant and cafe offering a unique dining experience. Whether you're exploring its historic legacy or enjoying its serene atmosphere, Al Samra Mountain is a destination that beautifully blends heritage and modern leisure.","sun To thu:
9AM-11PM

fri To sat:
2PM-11PM",-,Visit_Saudi_Attractions,2026-01-15
POI_000174,Oqilat Museum,Tourist Attraction,attraction,Qassim,Qassim,,,4.5,0,"You cannot learn the history of a region without visiting its museums and historical sites, as museums represent a wonderful means of showcasing heritage and transferring it to future generations. During your visit to the Qassim region, you may find a great opportunity to learn about the region's heritage and culture by visiting the Al-Oqilat Museum.",8:30 am- 6:30 pm,-,Visit_Saudi_Attractions,2026-01-15
POI_000175,King Khalid Park,Tourist Attraction,attraction,Qassim,Qassim,,,4.5,0,King Khalid Park in Buraidah is a destination for relaxation. Its lush green spaces and shady trees are in a vast area designed to accommodate family and friend gatherings. It offers a joyful outdoor atmosphere and the beauty of nature.,24 hours,-,Visit_Saudi_Attractions,2026-01-15
POI_000176,Al Dubaikhi Palace Museum,Tourist Attraction,attraction,Qassim,Qassim,,,4.5,0,"A tourist landmark where visitors can learn about the cultural, social, and industrial heritage of the region.",sun To thu: 10:00 AM- 4:00 PM fri To sat: 12:00 PM- 8:00 PM,-,Visit_Saudi_Attractions,2026-01-15
POI_000177,Al Mithnab Traditional Village,Tourist Attraction,attraction,Qassim,Qassim,,,4.5,0,"The fragrant smell of perfumes fills the alleys of the historic Mithnab Village, introducing visitors to the authentic heritage of Qassim Province. The village clings to its extreme authenticity, as the traditional mud houses welcome you with their ancient construction and lanterns hanging on their walls. The old inhabitants of the province narrate the history of Qassim, as their memories are filled with stories and tales that they preserve with utmost care.",4:00 pm- 8:00 pm,-,Visit_Saudi_Attractions,2026-01-15
POI_000178,Al-Shimasiyah Heritage Museum,Tourist Attraction,attraction,Qassim,Qassim,,,4.5,0,"The Shamasiyah Museum is one of the important landmarks in the Shamasiyah governorate, Al-Qassim Province. It displays a diverse collection of rare historical artifacts and introduces important personalities from the region's intellectuals, thinkers, and leaders.",8:00 am- 11:30 pm,-,Visit_Saudi_Attractions,2026-01-15
POI_000179,Al Bassam Heritage House,Tourist Attraction,attraction,Qassim,Qassim,,,4.5,0,"Explore Al Bassam Heritage House, a remarkable example of Najdi architecture located near the western gate of Unayzah city. Constructed between 1374 and 1378 AH, this 3,500-square-meter house showcases the architectural ingenuity of Najd with its intricate designs, stone foundations, and tamarisk wood features, including ceilings, doors, and windows. The house consists of four distinct sections: the mens reception area, a family section, a garden, and animal pens. Visitors can also explore the majlis, an open yard, and a dining hall, each space echoing the regions cultural and architectural heritage. Restored in 1421 AH and transformed into a heritage center, Al Bassam Heritage House offers a unique journey into Unayzahs past and the urban development of Najd.","9:00 am- 9:00 pm fri:

4:00 PM
To
10:00 PM",-,Visit_Saudi_Attractions,2026-01-15
POI_000180,Palms Avenue,Tourist Attraction,attraction,Qassim,Qassim,,,4.5,0,"Enjoy your time in a distinctive destination that combines authenticity with the serene charm of a wintry atmosphere. The promenade winds through historic palm farms with over 700 palm trees, some of which are more than 100 years old, showcasing the agricultural heritage of the region in a setting that offers tranquillity and a connection to nature. Its the perfect spot for a stroll among the palms or a relaxing meal at one of the many restaurants and cafes, offering diverse options to suit all tastes. The Palms Avenue isnt just a place to visit; its a moment to pause, reflect, and enjoy the seamless blend of heritage and nature, making it a favourite for families and seekers of unique experiences.",5:00 am- 12:00 am,-,Visit_Saudi_Attractions,2026-01-15
POI_000181,Maqsourat Al-Rajhi,Tourist Attraction,attraction,Qassim,Qassim,,,4.5,0,"Maqsourat Al-Rajhi is a stunning collection of mud houses located amid palm plantations in the southeastern part of Bukayriyah province. Built over 250 years ago by Sheikh Nasser Al-Rajhi, this historical site exemplifies the craftsmanship of Najdi architecture. The site includes a traditional mosque and an ancient well, where the historic Swani irrigation method was used to draw water. Recently restored to closely resemble its original form, Maqsourat Al-Rajhi served as a welcoming haven for travelers and guests. Its serene atmosphere and historical charm invite visitors to explore Saudi Arabia's rich cultural past and enduring legacy.",4:00 PM- 7:00 PM,-,Visit_Saudi_Attractions,2026-01-15
POI_000182,Maqsourat Al-Suwailim,Tourist Attraction,attraction,Qassim,Qassim,,,4.5,0,"Maqsourat Al-Swailim is one of the most iconic heritage landmarks in Bukayriyah, blending the charm of the past with modern refinement. Built by the former Prince of Bukayriyah, Abdullah bin Swailim bin Othman Al-Swailim, shortly after the province's establishment, this grand palace stands as a testament to the cultural richness of Najdi heritage. The palace includes several facilities that highlight the architectural brilliance of the era. Preserved with exceptional care, Maqsourat Al-Swailim maintains its beauty and historic integrity. Today, it is a unique destination for heritage enthusiasts, narrating a timeless story of culture and tradition.",4:00 PM- 7:00 PM,-,Visit_Saudi_Attractions,2026-01-15
POI_000183,Asib Avenue,Tourist Attraction,attraction,Qassim,Qassim,,,4.5,0,"Asib Avenue offers a unique escape in the vibrant city of Buraydah, combining modern amenities with a touch of natural charm. The avenue features a range of cafes, bakeries, and tea brands, along with exceptional restaurants serving diverse and delicious cuisines. Its also home to boutique shops perfect for shopping enthusiasts. For entertainment, visitors can enjoy an activity zone with games like archery and darts, providing fun for all ages. Aseeb Avenue in Buraydah is the perfect spot for great food, exciting activities, and memorable moments with family and friends.",24 hours (Closed from 10 am- 4 pm ),-,Visit_Saudi_Attractions,2026-01-15
POI_000184,Al Dosariyah Castle,Tourist Attraction,attraction,Jazan,Jazan,,,4.5,0,"The historic Al Dosariyah Castle is located on a mountain overlooking the port of Jazan. It was built in 1933 for military purposes, and its elevated location provides a clear aerial view of the port and the horizon. The castle was built with a military character and defensive systems such as protection walls installed at the entrances, an observation room on the upper floor, and openings in the walls for observation and shooting.",24 hours,-,Visit_Saudi_Attractions,2026-01-15
POI_000185,Nature Charm at Fifa Mountains,Tourist Attraction,attraction,Jazan,Jazan,,,4.5,0,"The Fifa Mountains, or as they are called ""Neighbor of the Moon"", are distinguished by their enchanting view, at an altitude of more than 1,800 km above sea level. They are a series of mountains wrapped around one another, with peaks covered with green, including: Al-Lagha, Al-Kadrah, Baqat Al-Washl, Al-Surrah, Qardah, and Al-Sama'. The highest one is Al-Absiyya summit. The Fifa Mountains are about 100 km from the city of Jazan, and the climate there is moderately characterized most of the year. In winter, it tends to be cold in the high mountains, with a temperature of approximately 19-29 degrees Celsius.",-,-,Visit_Saudi_Attractions,2026-01-15
POI_000186,Dream Divers Center,Tourist Attraction,attraction,Jazan,Jazan,,,4.5,0,"Away from the hustle and bustle of the city, Jazan coast is a starting point for adventurous diving excursions and cruises, which promise you a great vacation. Dream Divers is the way to have this fun, as it plans swimming and diving courses and excursions, under the supervision of diving experts and swimming coaches. It also has a marketplace for diving and sailing equipment.",-,-,Visit_Saudi_Attractions,2026-01-15
POI_000187,Muhammad ibn Abd Al-Wahhab Mosque,Tourist Attraction,attraction,Diriyah,Riyadh,,,4.5,0,"Muhammad ibn Abd Al-Wahhab Mosque is located in Al-Bujairi district in Diriyah, with a design that is consistent with the architectural style of the region. It is surrounded by spaces decorated with green landscapes, palm trees, and stone terraces.",-,-,Visit_Saudi_Attractions,2026-01-15
POI_000188,Wadi Safar Dam,Tourist Attraction,attraction,Diriyah,Riyadh,,,4.5,0,"In the western side of Diriyah, Wadi Safar Dam is located on a 60-square meter area. It is an extension of Wadi Hanifa. The location is characterized by its rural nature, and contains rock seating areas with wonderful views and a nice ambience, giving you the opportunity for a special picnic with family and friends in the weekend, surrounded by warm cups of tea, along with the aromas of barbecues.",-,-,Visit_Saudi_Attractions,2026-01-15
POI_000189,At-Turaif,Tourist Attraction,attraction,Diriyah,Riyadh,,,4.5,0,"Stunning mud-brick palaces, mosques, and homes make up this UNESCO World Heritage site. Today, the district has been carefully restored to its former glory. Museums tell the story of the earliest settlers to this region, highlight the history of the Saudi state, and delve into the unique Najdi and Islamic architecture.",10:00 am- 12:00 am,-,Visit_Saudi_Attractions,2026-01-15
POI_000190,Diriyah Flagpole,Tourist Attraction,attraction,Diriyah,Riyadh,,,4.5,0,"From the heart of Diriyah, with its rich history that accompanied the stages of founding and unifying the Kingdom of Saudi Arabia, the Saudi flag rises on the flagpole of King Salman Square. This flagpole is considered the tallest flagpole in the capital city of Riyadh.",-,-,Visit_Saudi_Attractions,2026-01-15
POI_000191,Samhan Farm,Tourist Attraction,attraction,Diriyah,Riyadh,,,4.5,0,"Samhan Farm is 230 Kilometers away from Wadi Hanifah; it combines between the ancient past and modern present, it has beautiful green areas and lots of trees.",12:30 pm- 4:00 am,-,Visit_Saudi_Attractions,2026-01-15
POI_000192,Jax District,Tourist Attraction,attraction,Diriyah,Riyadh,,,4.5,0,"JAX District has successfully transformed the industrial heritage site in Diriyah, Saudi Arabia, into a vibrant hub for artists and creatives. What was once known for its unique mud-brick architecture has now been reborn as the creative hub of the Saudi capital, beckoning talents to showcase their work amidst a supportive and thriving artistic community.",-,-,Visit_Saudi_Attractions,2026-01-15
POI_000193,Al-Bujairi Heritage Tourist Park,Tourist Attraction,attraction,Diriyah,Riyadh,,,4.5,0,"Al-Bujairi Heritage and Tourism Park is a lush oasis surrounded by palm trees, which includes great green landscapes, and natural landmarks such as plants, lakes, and heights, enabling you to enjoy moments of peace and tranquillity.",-,-,Visit_Saudi_Attractions,2026-01-15
POI_000194,Wadi Hanifa,Tourist Attraction,attraction,Diriyah,Riyadh,,,4.5,0,"With a length of 120 km, Wadi Hanifa extends from the heights of Al-Haisiyah in the North to Al-Hayer in Southern Riyadh. Within this vast area, you can make dozens of plans to enjoy the beauty of nature. Recreation facilities are available on both sides of the 57-km-long Wadi Hanifa water channel. You are going to enjoy this trip to its fullest! Wadi Hanifa is uniquely redeveloped. Its banks are adorned with parks with complete facilities and services to allow visitors to enjoy the green landscapes in a joyful atmosphere in the open air.",-,-,Visit_Saudi_Attractions,2026-01-15
POI_000195,Mondial Courts,Tourist Attraction,attraction,Diriyah,Riyadh,,,4.5,0,"Revive your energy with friends in the Mondial Courts in Diriyah and enjoy many games that come at the top of the list of the most important sports around the world, such as football, tennis, and many other sports. You can enjoy these sports in 15 courts equipped with appropriate lighting and searchlights to continue playing any time throughout the week between 04:00 PM until 02:00 AM.",4:00 pm- 2:00 am,-,Visit_Saudi_Attractions,2026-01-15
POI_000196,Albujairi Terrace,Tourist Attraction,attraction,Diriyah,Riyadh,,,4.5,0,"You will find many international and local restaurants and shops in Albujairi Terrace. On an area of ??15,000 m2, Albujairi has intricate details inspired by the authenticity of Najd and its history full of amazing architecture, and has amazing views on the historical At-Turaif district, which is included in the UNESCO World Heritage List. You can enjoy scenic natural views in a group picnic, or even alone in the designated bike lanes in the terrace. Or you can walk in the paths that trace the Kingdoms history and its stories when Diriyah was the capital of the first Saudi state.",10:00 am- 12:00 am,-,Visit_Saudi_Attractions,2026-01-15
POI_000197,Sofie Farm,Tourist Attraction,attraction,Diriyah,Riyadh,,,4.5,0,"In the calmness of nature away from the crowded city, you will find Sofie Farm, one of the best rural experiences that is available all week long, from 7:00 am to 7:00 pm.",7:00 am-7:00 pm,-,Visit_Saudi_Attractions,2026-01-15
POI_000198,Diriyah Terrace,Tourist Attraction,attraction,Diriyah,Riyadh,,,4.5,0,"Diriyah Terrace is an open space that includes several local and international restaurants and cafes and seating areas surrounded by tall palm trees. The terrace is fragrant with the aroma of authentic Saudi coffee in a captivating night that gathers loved ones around a winter table in which American and Italian cuisines are present. You can enjoy all of this with an open view of the sky, in the midst of bright golden lights and the melodies of music that fill the place. In Diriyah Terrace, modern landmarks and historical glories embrace each other in one place.",-,-,Visit_Saudi_Attractions,2026-01-15
POI_000199,Diriyah Walk,Tourist Attraction,attraction,Diriyah,Riyadh,,,4.5,0,"Day or night, you can visit the Diriyah Walk to relieve the burdens of a long day, or to ignite your imagination with a flow of inspiring ideas. Have a walk amid the cool breeze and the rustling of lush palm trees of Diriyah in safe and paved spaces.",-,-,Visit_Saudi_Attractions,2026-01-15
POI_000200,Ghasiba District,Tourist Attraction,attraction,Diriyah,Riyadh,,,4.5,0,"Ghasiba district, located on the banks of Wadi Hanifa, is the core from which Diriyah was founded, and represents the beginning of its long history which exceeds 600 years.",-,-,Visit_Saudi_Attractions,2026-01-15
POI_000201,Ghubaira Dam,Tourist Attraction,attraction,Diriyah,Riyadh,,,4.5,0,"With a storage capacity of 900 thousand m3 and a length of 170 meters, learn about the 50-year old Ghubaira Dam, one of the side dams of Wadi Hanifa in the new Diriyah.",-,-,Visit_Saudi_Attractions,2026-01-15
POI_000202,Salwa Palace,Tourist Attraction,attraction,Diriyah,Riyadh,,,4.5,0,"Salwa Palace is a historical landmark that encapsulates a crucial time in the history of the Kingdom, for it stands as a window with a view that takes you back in time to the establishment of the First Saudi State. It offers a chance to discover centuries-old architecture. It was given this name because its construction has multiple uses, making it a consolation for its residents and visitors.",-,-,Visit_Saudi_Attractions,2026-01-15
POI_000203,Diriyah Museum,Tourist Attraction,attraction,Diriyah,Riyadh,,,4.5,0,"Explore an 18th-century palace when you visit Diriyah Museum. Make your way through galleries to learn about the complete history of the region. Discover the story of the House of Saud, the nations royal family, as well as the tribe that lived in the region before Diriyah was settled in 1446. The palace itself is a stunning example of the regions Najdi architecture.",5:00 pm- 2:00 am,https://www.diriyah.sa/en,Visit_Saudi_Attractions,2026-01-15
POI_000204,Social Life Museum,Tourist Attraction,attraction,Diriyah,Riyadh,,,4.5,0,"Get a glimpse of what life was like for people living in the first Saudi state at this museum. Housed in a historic palace, the Social Life Museum features recreations of guest rooms, servants' quarters, and meeting halls that were found in historic homes. An audio guide walks visitors through each gallery, while artifacts on display include traditional clothing, furniture, tools, and cookware.",5:00 pm- 2:00 am,https://www.diriyah.sa/en,Visit_Saudi_Attractions,2026-01-15
POI_000205,المسرح الروماني | Roman Theater,Performing arts theater,entertainment,Al,,,,4.1,151,,,,Entertainment_KSA,2026-01-15
POI_000207,Education Department Theater,Performing arts theater,entertainment,,,,,4.0,169,"""Screen size is good enough.""",,,Entertainment_KSA,2026-01-15
POI_000208,Muvi Cinemas - Jubail Mall,Movie theater,entertainment,Al Jubail,Eastern Province,,,4.3,871,,,,Entertainment_KSA,2026-01-15
POI_000209,vox cinemas,Movie theater,entertainment,Riyadh,Riyadh,,,4.2,3500,"""Sound system and atmosphere very good.""",,,Entertainment_KSA,2026-01-15
POI_000210,AMC Cinemas Azizia 3,Movie theater,entertainment,Riyadh,Riyadh,,,4.3,604,,,,Entertainment_KSA,2026-01-15
POI_000211,Muvi Cinemas | موڤي سينما,Movie theater,entertainment,Dhahran,Eastern Province,,,3.8,389,,,,Entertainment_KSA,2026-01-15
POI_000212,VOX Cinemas - Kingdom Centre,Movie theater,entertainment,Riyadh,Riyadh,,,4.3,1400,"""Comfy chairs, and nice place for couples""",,,Entertainment_KSA,2026-01-15
POI_000213,AMC Cinemas Al Khair 9,Movie theater,entertainment,Riyadh,Riyadh,,,4.3,1600,,,,Entertainment_KSA,2026-01-15
POI_000214,Empire Cinemas Khobar,Movie theater,entertainment,Al Khobar,Eastern Province,,,3.9,1300,"""Lovely place and staff, prices are reasonable, screens chairs are wonderful 👌🏻""",,,Entertainment_KSA,2026-01-15
POI_000215,Dhahran Movie Theatre,Movie theater,entertainment,Dhahran,Eastern Province,,,3.5,210,"""Its a small cinema and staff is not a happy bunch""",,,Entertainment_KSA,2026-01-15
POI_000216,Saudi Aramco Abqaiq Community theater,Movie theater,entertainment,Dammam,Eastern Province,,,3.9,13,,,,Entertainment_KSA,2026-01-15
POI_000217,Vox Cinema - Riyadh Front,Movie theater,entertainment,Riyadh,Riyadh,,,4.3,5800,,,,Entertainment_KSA,2026-01-15
POI_000218,AMC Cinemas Riyadh Gallery 9,Movie theater,entertainment,Riyadh,Riyadh,,,4.2,1500,"""Fancy chairs ,nice screens and snacks""",,,Entertainment_KSA,2026-01-15
POI_000219,vox cinema,Movie theater,entertainment,Riyadh,Riyadh,,,4.2,724,,,,Entertainment_KSA,2026-01-15
POI_000220,Kmax Cinema,Movie theater,entertainment,King,,,,4.1,130,,,,Entertainment_KSA,2026-01-15
POI_000221,AMC - Hafr Al Batin 8,Movie theater,entertainment,SH,,,,4.2,23,,,,Entertainment_KSA,2026-01-15
POI_000222,Muvi Boutique Cinema,Movie theater,entertainment,Riyadh,Riyadh,,,4.4,376,,,,Entertainment_KSA,2026-01-15
POI_000223,Empire Cinemas - Head Office,Movie theater,entertainment,Riyadh,Riyadh,,,4.0,36,,,,Entertainment_KSA,2026-01-15
POI_000224,AMC Cinemas KAFD,Movie theater,entertainment,Riyadh,Riyadh,,,3.9,5300,"""Spacious and nice theater""",,,Entertainment_KSA,2026-01-15
POI_000225,Cinépolis Cinemas - Lulu Mall,Movie theater,entertainment,Dammam,Eastern Province,,,4.0,1300,Upscale digital movie theater,,,Entertainment_KSA,2026-01-15
POI_000226,AMC Stars Avenue 9,Movie theater,entertainment,,,,,4.2,2500,,,,Entertainment_KSA,2026-01-15
POI_000227,Cinépolis Cinemas - Al Jamea Plaza,Movie theater,entertainment,Jeddah,Makkah,,,4.2,1800,,,,Entertainment_KSA,2026-01-15
POI_000228,ڤوكس سينما ذا روف,Movie theater,entertainment,Riyadh,Riyadh,,,4.3,3600,,,,Entertainment_KSA,2026-01-15
POI_000229,AMC Cinemas Karam 5,Movie theater,entertainment,Al,,,,4.1,359,,,,Entertainment_KSA,2026-01-15
POI_000230,VOX Cinemas,Movie theater,entertainment,Jeddah,Makkah,,,4.4,2800,"""Wide and clean space.""",,,Entertainment_KSA,2026-01-15
POI_000231,Vox Cinema - Riyadh Park Mall,Movie theater,entertainment,Riyadh,Riyadh,,,4.1,7400,,,,Entertainment_KSA,2026-01-15
POI_000232,Ithra Theatre,Childrens theater,entertainment,Dhahran,Eastern Province,,,4.7,489,,,,Entertainment_KSA,2026-01-15
POI_000233,Empire Cinemas Jeddah,Movie theater,entertainment,Jeddah,Makkah,,,4.1,1300,,,,Entertainment_KSA,2026-01-15
POI_000234,Najmah Theater,Movie theater,entertainment,Ras,,,,4.0,81,,,,Entertainment_KSA,2026-01-15
POI_000235,AMC Cinemas Tabuk Boulevard,Movie theater,entertainment,Tabuk,Tabuk,,,4.3,55,,,,Entertainment_KSA,2026-01-15
POI_000236,AMC Cinemas Panorama 10,Movie theater,entertainment,Riyadh,Riyadh,,,4.3,1900,,,,Entertainment_KSA,2026-01-15
POI_000237,AMC cinemas,Movie theater,entertainment,Hafar,,,,4.2,268,,,,Entertainment_KSA,2026-01-15
POI_000238,Hayy Cinema (سينما حي),,entertainment,,,,,4.2,0,,,,Entertainment_KSA,2026-01-15
POI_000239,AMC Dawadmi 3,Movie theater,entertainment,Al,,,,3.9,82,,,,Entertainment_KSA,2026-01-15
POI_000240,ڤوكس سينما ذا سبوت,Movie theater,entertainment,Riyadh,Riyadh,,,4.2,724,,,,Entertainment_KSA,2026-01-15
POI_000241,Muvi Cinemas,Movie theater,entertainment,Jeddah,Makkah,,,3.9,108,,,,Entertainment_KSA,2026-01-15
POI_000242,Cinépolis Cinemas سينما سينيبولس,Movie theater,entertainment,Jazan,Jazan,,,4.0,86,,,,Entertainment_KSA,2026-01-15
POI_000243,Empire Cinemas Jazan,Movie theater,entertainment,Jazan,Jazan,,,4.1,975,,,,Entertainment_KSA,2026-01-15
POI_000244,VOX cinema,Movie theater,entertainment,Riyadh,Riyadh,,,4.1,1000,,,,Entertainment_KSA,2026-01-15
POI_000245,Vox Cinemas,Movie theater,entertainment,Dammam,Eastern Province,,,4.1,4800,,,,Entertainment_KSA,2026-01-15
POI_000246,موڤي سينما النخيل بلازا_ بريدة,Movie theater,entertainment,Buraydah,Qassim,,,4.4,1400,,,,Entertainment_KSA,2026-01-15
POI_000247,AMC Cinemas Ajdan Walk,Movie theater,entertainment,Al Khobar,Eastern Province,,,4.4,957,,,,Entertainment_KSA,2026-01-15
POI_000248,Empire Cinemas Hail,Movie theater,entertainment,Hail,Hail,,,4.0,137,,,,Entertainment_KSA,2026-01-15
POI_000249,GOLD,Movie theater,entertainment,Riyadh,Riyadh,,,4.1,38,,,,Entertainment_KSA,2026-01-15
POI_000250,VOX Cinema,Movie theater,entertainment,Hail,Hail,,,4.2,525,,,,Entertainment_KSA,2026-01-15
POI_000251,ڤوكس سينما تبوك بارك,Movie theater,entertainment,Tabuk,Tabuk,,,4.0,336,,,,Entertainment_KSA,2026-01-15
POI_000252,AMC Garden 5 - Hail,Movie theater,entertainment,Hail,Hail,,,4.3,33,,,,Entertainment_KSA,2026-01-15
POI_000253,Empire Cinemas امباير سينما,Movie theater,entertainment,Arar,Northern Borders,,,4.0,96,,,,Entertainment_KSA,2026-01-15
POI_000254,Muvi Cinemas - Salaam Mall,Movie theater,entertainment,Riyadh,Riyadh,,,3.6,130,,,,Entertainment_KSA,2026-01-15
POI_000255,Safety Orientation UGP,Movie theater,entertainment,Al-Ahsa,Eastern Province,,,4.4,34,,,,Entertainment_KSA,2026-01-15
POI_000256,سينما العرب,Movie theater,entertainment,Jeddah,Makkah,,,4.2,941,,,,Entertainment_KSA,2026-01-15
POI_000257,VOX Cinemas - Red Sea Mall,Movie theater,entertainment,Jeddah,Makkah,,,4.3,12000,"""Small theatre, but looks good""",,,Entertainment_KSA,2026-01-15
POI_000258,VOX Cinemas Jubail Galleria Mall,Movie theater,entertainment,Al Jubail,Eastern Province,,,3.4,87,"""Just an average ordinary cinema!!!""",,,Entertainment_KSA,2026-01-15
POI_000259,Muvi Suites Cinemas | موڤي سويتس سينما,Movie theater,entertainment,Jeddah,Makkah,,,3.5,274,"""Very fancy and cozy place.""",,,Entertainment_KSA,2026-01-15
POI_000260,King Abdulaziz Center for World Culture - Ithra,Movie theater,entertainment,Dhahran,Eastern Province,,,4.6,5200,Cultural center with a striking design,,,Entertainment_KSA,2026-01-15
POI_000261,مسرح بكر الشدي,Performing arts theater,entertainment,Riyadh,Riyadh,,,4.3,125,Dine-in,,,Entertainment_KSA,2026-01-15
POI_000262,Muvi Cinemas The Village,Movie theater,entertainment,Jeddah,Makkah,,,4.4,17,,,,Entertainment_KSA,2026-01-15
POI_000264,Heritage village theatre,Performing arts theater,entertainment,1c,,,,4.1,96,,,,Entertainment_KSA,2026-01-15
POI_000265,Rotana Theater,Performing arts theater,entertainment,Riyadh,Riyadh,,,3.6,30,,,,Entertainment_KSA,2026-01-15
POI_000266,super dome theater,Concert hall,entertainment,Jeddah,Makkah,,,4.4,38,,,,Entertainment_KSA,2026-01-15
POI_000267,نطيطات حايل,Movie theater,entertainment,Hail,Hail,,,3.2,5,,,,Entertainment_KSA,2026-01-15
POI_000268,Okaz Market Theater,Performing arts theater,entertainment,Taif,Makkah,,,4.3,834,"""Best theater we enjoyed and had fun""",,,Entertainment_KSA,2026-01-15
POI_000269,College of Science Theatre,"In Northern Border University, Main Campus",entertainment,,,,,4.2,0,,,,Entertainment_KSA,2026-01-15
POI_000270,Al Comedy Club,Performing arts theater,entertainment,Dammam,Eastern Province,,,4.4,18,,,,Entertainment_KSA,2026-01-15
POI_000271,TSCK IMAX,,entertainment,,,,,4.2,0,,,,Entertainment_KSA,2026-01-15
POI_000272,Theater Lasan,Stage,entertainment,Abha,Asir,,,3.5,61,,,,Entertainment_KSA,2026-01-15
POI_000273,University Theater,Stage,entertainment,Abha,Asir,,,4.2,116,,,,Entertainment_KSA,2026-01-15
POI_000274,End Of The World Cinema,Movie theater,entertainment,Qesm,,,,4.3,37,"""Edit after 3 years: Movie still did not started...""",,,Entertainment_KSA,2026-01-15
POI_000275,Scitech,Science museum,entertainment,Al Khobar,Eastern Province,,,4.3,6300,"""The movie theater is cool...""",,,Entertainment_KSA,2026-01-15
POI_000276,Benchmark Stage,Live Music,entertainment,Jeddah,Makkah,,,4.3,219,"""Very nice theater setup.""",,,Entertainment_KSA,2026-01-15
POI_000277,Live Show Arabia,Entertainment agency,entertainment,Riyadh,Riyadh,,,5.0,1,Closed ⋅ Opens 9 am Wed,,,Entertainment_KSA,2026-01-15
POI_000278,Far-is studio,Museum,entertainment,Riyadh,Riyadh,,,4.6,17,,,,Entertainment_KSA,2026-01-15
POI_000279,Terhal,Concert hall,entertainment,Diriyah,Riyadh,,,5.0,65,"""The food is not allowed inside the theater, so eat and drink your ...""",,,Entertainment_KSA,2026-01-15
POI_000280,Riyadh Front - Shopping Area,Shopping mall,entertainment,Riyadh,Riyadh,,,4.5,25000,"""Very nice mall with Cinema theater facility""",,,Entertainment_KSA,2026-01-15
POI_000281,TheClub,Entertainer,entertainment,Jeddah,Makkah,,,4.4,654,Open now,,,Entertainment_KSA,2026-01-15
POI_000283,Jeddah Superdome,Event venue,entertainment,Jeddah,Makkah,,,4.3,5100,"""Very big theater for all kind of shows""",,,Entertainment_KSA,2026-01-15
POI_000284,Conference Center,Conference center,entertainment,Riyadh,Riyadh,,,4.5,735,"""Feels like you are sitting on stadium, not theater.""",,,Entertainment_KSA,2026-01-15
POI_000285,SUNRISE RESORT,Resort hotel,entertainment,Riyadh,Riyadh,,,4.9,98,"""I mostly enjoyed the cinema theater""",,,Entertainment_KSA,2026-01-15
POI_000286,"Crowne Plaza al Khobar, an IHG Hotel",Hotel,entertainment,Al Khobar,Eastern Province,,,4.4,5200,Upmarket hotel with fine dining,,,Entertainment_KSA,2026-01-15
POI_000288,"Staybridge Suites al Khobar, an IHG Hotel",Hotel,entertainment,Al Khobar,Eastern Province,,,4.5,1900,Contemporary all-suite hotel with a pool,,,Entertainment_KSA,2026-01-15
POI_000289,Hezwa,,entertainment,,,,,4.2,0,,,,Entertainment_KSA,2026-01-15
POI_000290,Emerald Hall,Event venue,entertainment,Dammam,Eastern Province,,,4.3,67,"""... makes it perfect for hosting concerts, recitals, theater performances ...""",,,Entertainment_KSA,2026-01-15
POI_000291,Muvi Cinemas - Drive In Riyadh,Movie theater,entertainment,Riyadh,Riyadh,,,3.7,155,Temporarily closed,,,Entertainment_KSA,2026-01-15
POI_000292,Talal Maddah Theater,Stage,entertainment,Abha,Asir,,,3.9,2500,Temporarily closed,,,Entertainment_KSA,2026-01-15
POI_000293,Tekka Tatbeelah,₹,entertainment,Safwa,Eastern Province,,,4.6,593,Dine-in·,,,Entertainment_KSA,2026-01-15
POI_000294,Goodbye,,entertainment,Temporarily,,,,4.2,0,,,,Entertainment_KSA,2026-01-15
POI_000295,Crystals restaurant,In Novotel Riyadh Al Anoud,entertainment,Closed,,,,4.2,0,Dine-in·,,,Entertainment_KSA,2026-01-15
POI_000297,مركز ضيافة كيان المستقبل,Kindergarten School,entertainment,Riyadh,Riyadh,,,4.2,86,Closed ⋅ Opens 6:30 am Wed,,,Entertainment_KSA,2026-01-15
POI_000298,مدرج طائرات,,entertainment,Temporarily,,,,4.2,0,,,,Entertainment_KSA,2026-01-15
POI_000299,Riyadh Schools Theater,,entertainment,Temporarily,,,,4.2,0,,,,Entertainment_KSA,2026-01-15
POI_000300,Alkuzama,Tourist attraction,entertainment,Riyadh,Riyadh,,,4.5,2,,,,Entertainment_KSA,2026-01-15
POI_000301,برج الفيصلية,Tourist attraction,entertainment,Riyadh,Riyadh,,,4.6,872,"""A luxurious place with restaurants and markets""",,,Entertainment_KSA,2026-01-15
POI_000302,Sa'ad Red Sand - Dunes,Tourist attraction,entertainment,Sa'ad,,,,4.8,6,"""Rubbish are everywhere near the rental place.""",,,Entertainment_KSA,2026-01-15
POI_000303,Durat Al Sahel Water Theme Park,Theme park,entertainment,Riyadh,Riyadh,,,3.7,3200,Closed ⋅ Opens 1 pm Thu,,,Entertainment_KSA,2026-01-15
POI_000304,The old palace,Tourist attraction,entertainment,Al,,,,3.9,69,Closed ⋅ Opens 6:30 am Wed,,,Entertainment_KSA,2026-01-15
POI_000305,Al-Samar Amusement Center,Amusement center,entertainment,Riyadh,Riyadh,,,3.9,855,"""Like the place, very entertaining just choose your favourite activity""",,,Entertainment_KSA,2026-01-15
POI_000306,Mosary Arena,Amusement center,entertainment,Riyadh,Riyadh,,,3.4,230,"""Nice place my kids was very happy that day Will visit again very ...""",,,Entertainment_KSA,2026-01-15
POI_000307,Diriyah,Tourist attraction,entertainment,Diriyah,Riyadh,,,4.4,23,"""Beautiful historical place in a contemporary design for restaurants.""",,,Entertainment_KSA,2026-01-15
POI_000308,Snow City,Amusement center,entertainment,Riyadh,Riyadh,,,3.9,7000,"""Nb 1 entertainment place""",,,Entertainment_KSA,2026-01-15
POI_000309,Al Muhaijah المحيجة,,entertainment,,,,,4.2,0,,,,Entertainment_KSA,2026-01-15
POI_000310,King Fahad's Fountain,Tourist attraction,entertainment,Jeddah,Makkah,,,4.5,8900,Closed ⋅ Opens 9 am Wed,,,Entertainment_KSA,2026-01-15
POI_000311,Al Hokair Time,Theme park,entertainment,Riyadh,Riyadh,,,4.0,2900,"""Nice place, variety of kids entertainment""",,,Entertainment_KSA,2026-01-15
POI_000312,Saffori Land,Amusement center,entertainment,Riyadh,Riyadh,,,4.1,4600,"""Entertainment place for kids""",,,Entertainment_KSA,2026-01-15
POI_000313,Wild Baboons,Tourist attraction,entertainment,Riyadh,Riyadh,,,3.6,27,"""... this location im planning to visit this place. thanks in advance""",,,Entertainment_KSA,2026-01-15
POI_000314,Ushaiqer Heritage Village,Tourist attraction,entertainment,Shaqra,Riyadh,,,4.5,3000,"""Great place to visit that shows you the old cities in Saudi Arabia""",,,Entertainment_KSA,2026-01-15
POI_000315,Sky Zone | سكاي زون,Amusement center,entertainment,Riyadh,Riyadh,,,3.8,276,"""Prefect place to go to chill have fun and get some exercise on.""",,,Entertainment_KSA,2026-01-15
POI_000316,مواقف ادارة البوليڤارد,Tourist attraction,entertainment,Riyadh,Riyadh,,,4.1,28,,,,Entertainment_KSA,2026-01-15
POI_000317,الدرعية,Tourist attraction,entertainment,Riyadh,Riyadh,,,4.5,101,"""... district is place where you can have calm and charming dinner.""",,,Entertainment_KSA,2026-01-15
POI_000318,Al Masmak Palace Museum,Tourist attraction,entertainment,Riyadh,Riyadh,,,4.5,3200,Closes soon ⋅ 9 pm,,,Entertainment_KSA,2026-01-15
POI_000319,Blvd World,Tourist attraction,entertainment,Riyadh,Riyadh,,,4.6,746,Open now,,,Entertainment_KSA,2026-01-15
POI_000320,Sparky's | سباركيز,Amusement center,entertainment,Riyadh,Riyadh,,,4.0,168,"""Nice place for kids entertainment, fully isolated""",,,Entertainment_KSA,2026-01-15
POI_000321,Al-Bujairi Heritage Park,National park,entertainment,Riyadh,Riyadh,,,4.4,12000,"""Nice place for family entertainment.... enough parking space ...""",,,Entertainment_KSA,2026-01-15
POI_000322,Red Sand Dunes,Tourist attraction,entertainment,Saudi,,,,4.5,1200,"""Nice entertainment place.""",,,Entertainment_KSA,2026-01-15
POI_000323,King Abdullah Park,Tourist attraction,entertainment,Riyadh,Riyadh,,,4.2,33000,"""Good entertainment place""",,,Entertainment_KSA,2026-01-15
POI_000324,Riyadh Zoo,Tourist attraction,entertainment,Riyadh,Riyadh,,,4.2,36000,Closed ⋅ Opens 10 am Wed,,,Entertainment_KSA,2026-01-15
POI_000325,Observatory Thanian,Tourist attraction,entertainment,Riyadh,Riyadh,,,4.6,23,,,,Entertainment_KSA,2026-01-15
POI_000326,Sparky's,Amusement park,entertainment,Riyadh,Riyadh,,,4.0,961,"""One of the favorite places for kids""",,,Entertainment_KSA,2026-01-15
POI_000327,DAZ داز,Amusement center,entertainment,Jeddah,Makkah,,,4.5,278,"""My daughter’s favorite place !""",,,Entertainment_KSA,2026-01-15
POI_000328,Long Flag,Tourist attraction,entertainment,Diriyah,Riyadh,,,4.4,792,"""Good place and very quiet.""",,,Entertainment_KSA,2026-01-15
POI_000329,Magic Planet Riyadh Front - ماجيك بلانيت واجهة الرياض,Amusement center,entertainment,Riyadh,Riyadh,,,4.2,44,"""I personally highly recommend him for a very sensitive areas in your ...""",,,Entertainment_KSA,2026-01-15
POI_000330,Real Edge of the World,Tourist attraction,entertainment,العويند,,,,4.6,89,"""Just amazing Place can be reached by 4x4 The place may be close ...""",,,Entertainment_KSA,2026-01-15
POI_000331,Little Red Sand,Tourist attraction,entertainment,Riyadh,Riyadh,,,4.3,7,,,,Entertainment_KSA,2026-01-15
POI_000332,Valley of Life,Tourist attraction,entertainment,Riyadh,Riyadh,,,4.0,17,"""Good place there ...""",,,Entertainment_KSA,2026-01-15
POI_000333,Park near Museum,Park,entertainment,Riyadh,Riyadh,,,4.1,8,"""Very nice and well maintained place Good for morning & evening ...""",,,Entertainment_KSA,2026-01-15
POI_000334,Last Hour Escape Room,Escape room center,entertainment,Riyadh,Riyadh,,,4.9,1000,"""A great place if you're looking to have fun in Riyadh!!""",,,Entertainment_KSA,2026-01-15
POI_000335,سفوري لاند | Safforiland,Amusement center,entertainment,Riyadh,Riyadh,,,3.8,296,,,,Entertainment_KSA,2026-01-15
POI_000336,Escape the Room,Escape room center,entertainment,Al Khobar,Eastern Province,,,4.8,3200,"""The best entertainment place in Khobar.""",,,Entertainment_KSA,2026-01-15
POI_000337,Raghba observation tower,Tourist attraction,entertainment,Buraydah,Qassim,,,4.6,74,,,,Entertainment_KSA,2026-01-15
POI_000338,Al Haeer Park Khamsa Khamsa,Tourist attraction,entertainment,Riyadh,Riyadh,,,3.8,451,"""Super nice place away from city crowd.""",,,Entertainment_KSA,2026-01-15
POI_000339,Xtreme Play اكستريم بلاي,Amusement center,entertainment,Jeddah,Makkah,,,4.1,93,"""Awesome place… look out for Majed AlGhamdi, he is an awesome ...""",,,Entertainment_KSA,2026-01-15
POI_000340,Al Muruj Park,Tourist attraction,entertainment,Riyadh,Riyadh,,,3.9,1400,,,,Entertainment_KSA,2026-01-15
POI_000341,The Escape Hotel,Escape room center,entertainment,Jeddah,Makkah,,,4.7,735,"""Spooky yet fun place to try.. with different levels from easy to hard I ...""",,,Entertainment_KSA,2026-01-15
POI_000342,The sky bridge of the kingdom center,Tourist attraction,entertainment,Riyadh,Riyadh,,,4.5,94,"""It locates on the 99th Floor.""",,,Entertainment_KSA,2026-01-15
POI_000343,Isteraha Al Faris,Community garden,entertainment,Riyadh,Riyadh,,,4.4,38,Open now,,,Entertainment_KSA,2026-01-15
POI_000344,كهف الوالي,,entertainment,,,,,4.2,0,,,,Entertainment_KSA,2026-01-15
POI_000345,Riyadh Season,Tourist attraction,entertainment,Riyadh,Riyadh,,,4.5,14000,"""Ful on entertainment place in riyadh""",,,Entertainment_KSA,2026-01-15
POI_000346,Heritage Village,Tourist attraction,entertainment,Shaqra,Riyadh,,,4.5,260,,,,Entertainment_KSA,2026-01-15
POI_000347,Corniche Island,Tourist attraction,entertainment,Al Khobar,Eastern Province,,,4.7,22,,,,Entertainment_KSA,2026-01-15
POI_000348,Alsafat Square,Tourist attraction,entertainment,Riyadh,Riyadh,,,4.4,1100,"""This is my Home place""",,,Entertainment_KSA,2026-01-15
POI_000349,Market DQ,Tourist attraction,entertainment,Riyadh,Riyadh,,,2.5,4,,,,Entertainment_KSA,2026-01-15
POI_000350,عين العباس,Tourist attraction,entertainment,Saudi,,,,3.7,3,,,,Entertainment_KSA,2026-01-15
POI_000351,ALNakheel Park,Tourist attraction,entertainment,Riyadh,Riyadh,,,4.0,2300,"Lawns, palm trees & sports facilities",,,Entertainment_KSA,2026-01-15
POI_000352,Magic Planet Riyadh Park - ماجيك بلانيت الرياض بارك,Amusement center,entertainment,Riyadh,Riyadh,,,3.7,398,"""Very fun place for the kids.. Only problem is traffic ...""",,,Entertainment_KSA,2026-01-15
POI_000353,Zero Latency | زيرو ليتنسي,Amusement center,entertainment,Riyadh,Riyadh,,,3.9,761,"""Best place for Virtual Reality entertainment.""",,,Entertainment_KSA,2026-01-15
POI_000354,Fanta Park,Amusement center,entertainment,Riyadh,Riyadh,,,4.1,49,"""It a nice place for entertainment for your children but your children ...""",,,Entertainment_KSA,2026-01-15
POI_000355,Jabal Baloum,Tourist attraction,entertainment,Riyadh,Riyadh,,,4.3,6,"""Great location for camping and to have fun around.""",,,Entertainment_KSA,2026-01-15
POI_000356,Escape Room,Escape room center,entertainment,Riyadh,Riyadh,,,4.5,721,"""I highly recommend this place for spending fun time with your family ...""",,,Entertainment_KSA,2026-01-15
POI_000357,Manakh King Abdulaziz Park,Tourist attraction,entertainment,Riyadh,Riyadh,,,3.8,2400,"""It is very nice place. Especially for BarBQ.""",,,Entertainment_KSA,2026-01-15
POI_000358,Al Fazari Courtyard,Garden,entertainment,Riyadh,Riyadh,,,4.0,34,"""Just gets better with time a few really nice places to eat, with great ...""",,,Entertainment_KSA,2026-01-15
POI_000359,Al-Hayer Park Lake,Park,entertainment,Riyadh,Riyadh,,,4.5,568,"""A very nice place for entertainment with family""",,,Entertainment_KSA,2026-01-15
POI_000360,Mount Uraidh Hidden Spring,Tourist attraction,entertainment,Riyadh,Riyadh,,,3.0,4,"""Nice and quite place.""",,,Entertainment_KSA,2026-01-15
POI_000361,Sky Zone,Amusement center,entertainment,Riyadh,Riyadh,,,4.0,3800,"""Great place for entertainment.""",,,Entertainment_KSA,2026-01-15
POI_000362,ALHOKAIR TIME | الحكير تايم,Amusement center,entertainment,Al,,,,3.8,3100,"""Amusement place for all most especially for kids.""",,,Entertainment_KSA,2026-01-15
POI_000363,Tuwaiq Garden,Tourist attraction,entertainment,Riyadh,Riyadh,,,4.4,535,"""Beautiful place to jog. I enjoyed walking around the place to ...""",,,Entertainment_KSA,2026-01-15
POI_000364,I Love Riyadh Sign,Tourist attraction,entertainment,Riyadh,Riyadh,,,4.5,50,,,,Entertainment_KSA,2026-01-15
POI_000365,Salam Park,Park,entertainment,Riyadh,Riyadh,,,4.3,3900,"""Has many areas for entertainment including boat riding.""",,,Entertainment_KSA,2026-01-15
POI_000366,بركس ابو عسلة,Tourist attraction,entertainment,السلام,,,,5.0,4,,,,Entertainment_KSA,2026-01-15
POI_000367,Sphinx Rock,Nature preserve,entertainment,عجاج,,,,4.4,11,"""Superb off road location!""",,,Entertainment_KSA,2026-01-15
POI_000368,Round About,Tourist attraction,entertainment,Saudi,,,,5.0,1,,,,Entertainment_KSA,2026-01-15
POI_000369,واحة مصك توارن,Tourist attraction,entertainment,Tuwarin,,,,4.8,11,,,,Entertainment_KSA,2026-01-15
POI_000370,غار بنو وعابد,,entertainment,,,,,4.2,0,,,,Entertainment_KSA,2026-01-15
POI_000371,صلال المبروقة,Tourist attraction,entertainment,Saudi,,,,4.8,13,,,,Entertainment_KSA,2026-01-15
POI_000372,Boulevard World,Theme park,entertainment,Riyadh,Riyadh,,,4.6,4700,"""... experience, comparable to the world's entertainment areas.""",,,Entertainment_KSA,2026-01-15
POI_000373,Riyadh Safari,Park,entertainment,Saudi,,,,3.9,1400,"""Best place ever. It got so many entertaining stuff in it.""",,,Entertainment_KSA,2026-01-15
POI_000374,فزز هوا Fizz Hawa,Amusement center,entertainment,Riyadh,Riyadh,,,4.6,2100,"""It's vast and really good for the price compared to other places""",,,Entertainment_KSA,2026-01-15
POI_000375,Naquibs Pond,Tourist attraction,entertainment,Riyadh,Riyadh,,,3.7,26,"""Beautiful place during sunset""",,,Entertainment_KSA,2026-01-15
POI_000376,Cave Park,Park,entertainment,Riyadh,Riyadh,,,4.0,25,,,,Entertainment_KSA,2026-01-15
POI_000377,Snowy Forest,Amusement center,entertainment,Riyadh,Riyadh,,,3.6,417,,,,Entertainment_KSA,2026-01-15
POI_000378,Park Zoo in Al-Kharj,Tourist attraction,entertainment,Al-Kharj,Riyadh,,,3.4,1400,"""Al_kharj small Zoo place for children and family entertainment, Lion, ...""",,,Entertainment_KSA,2026-01-15
POI_000379,Winter Wonderland,Theme park,entertainment,وحيدة,,,,4.2,6700,"""It’s the best entertainment place hosted by Riyadh season ever""",,,Entertainment_KSA,2026-01-15
POI_000380,Wadi Namar Waterfall,Tourist attraction,entertainment,Riyadh,Riyadh,,,4.4,5900,"""Wadi Nimar in Riyadh is my favorite place for entertainment""",,,Entertainment_KSA,2026-01-15
POI_000381,حديقة الفوطة,Park,entertainment,Riyadh,Riyadh,,,3.7,6900,"""Amazing place for entertainment.""",,,Entertainment_KSA,2026-01-15
POI_000382,مطل العماريه,Tourist attraction,entertainment,Saudi,,,,3.9,338,,,,Entertainment_KSA,2026-01-15
POI_000383,TAKENDA,Amusement park,entertainment,Riyadh,Riyadh,,,4.2,37,"""Nice family entertainment places""",,,Entertainment_KSA,2026-01-15
POI_000384,RMROMA LAND,Theme park,entertainment,Dammam,Eastern Province,,,2.9,21,"""Entertainment for children🤩🤩 but dangerous for parents 🤣🤣🤑🤑.. Lovely place.""",,,Entertainment_KSA,2026-01-15
POI_000385,Saudi Television Tower,Tourist attraction,entertainment,Riyadh,Riyadh,,,4.4,224,"""nice place and nice people inside tv station.""",,,Entertainment_KSA,2026-01-15
POI_000386,Ahaji Escape Rooms أحاجي,Escape room center,entertainment,Riyadh,Riyadh,,,4.8,1100,"""Very entertaining place with very humble and great staff""",,,Entertainment_KSA,2026-01-15
POI_000387,بداية المسار,Hiking area,entertainment,Al,,,,4.6,16,,,,Entertainment_KSA,2026-01-15
POI_000388,Saudi Discovery,Travel agency,entertainment,Riyadh,Riyadh,,,4.9,15,"""We visited several historical sites such as the Masmak Fortress and ...""",,,Entertainment_KSA,2026-01-15
POI_000389,sparkys,Amusement park,entertainment,Riyadh,Riyadh,,,3.8,646,"""All games working and having Operational technical stuff.""",,,Entertainment_KSA,2026-01-15
POI_000390,Planet X,Amusement center,entertainment,Riyadh,Riyadh,,,3.9,109,"""The place has a hydraulic driving rig with a bunch of games on it.""",,,Entertainment_KSA,2026-01-15
POI_000391,Mazebox Escape Room,Escape room center,entertainment,Jeddah,Makkah,,,4.5,1200,"""It's a really nice place. We had fun good price.""",,,Entertainment_KSA,2026-01-15
POI_000392,Family Park,Park,entertainment,Riyadh,Riyadh,,,4.1,98,"""OMG i was walking around and I saw the skinny legend queen jiafei ...""",,,Entertainment_KSA,2026-01-15
POI_000393,Snowy Forest | سنوي فورست,Amusement center,entertainment,Jeddah,Makkah,,,2.8,97,,,,Entertainment_KSA,2026-01-15
POI_000394,Hello Park,Park,entertainment,Riyadh,Riyadh,,,4.6,55,,,,Entertainment_KSA,2026-01-15
POI_000395,Modon Lake Park,Tourist attraction,entertainment,Dammam,Eastern Province,,,4.3,4900,"""Good place for entertainment""",,,Entertainment_KSA,2026-01-15
POI_000396,Lake park View point,Park,entertainment,Riyadh,Riyadh,,,4.5,62,,,,Entertainment_KSA,2026-01-15
POI_000397,Escape The Room - Riyadh,Escape room center,entertainment,Riyadh,Riyadh,,,4.7,2000,"""Best entertainment Place for family’s and friends in Riyadh !!""",,,Entertainment_KSA,2026-01-15
POI_000398,DOOMIDOO,Children's amusement center,entertainment,Riyadh,Riyadh,,,3.9,573,Closes soon ⋅ 9:30 pm,,,Entertainment_KSA,2026-01-15
POI_000399,Riyadh Water Tower,Tourist attraction,entertainment,Riyadh,Riyadh,,,4.3,2100,"""Nice Location for kids""",,,Entertainment_KSA,2026-01-15
POI_000400,Nofa Wildlife Park,Wildlife and safari park,entertainment,الرياض,,,,4.2,466,Closed ⋅ Opens 8 am Wed,,,Entertainment_KSA,2026-01-15
POI_000401,Sulai,Garden,entertainment,Riyadh,Riyadh,,,4.0,1,,,,Entertainment_KSA,2026-01-15
POI_000402,Chuck E. Cheese's,₹,entertainment,Riyadh,Riyadh,,,3.8,3100,"""Excellent kids and family entertainment place""",,,Entertainment_KSA,2026-01-15
POI_000403,Ammaria cleft,Tourist attraction,entertainment,Saudi,,,,3.8,33,"""Amazing location, worth a visit.""",,,Entertainment_KSA,2026-01-15
POI_000404,King Khalid Grand Mosque,Tourist attraction,entertainment,Riyadh,Riyadh,,,4.8,10000,Worship hall with stain-glass windows,,,Entertainment_KSA,2026-01-15
POI_000405,Lake park Riyadh,Tourist attraction,entertainment,Riyadh,Riyadh,,,4.4,703,"""A place away from the hustle and bustle of city.""",,,Entertainment_KSA,2026-01-15
POI_000406,IS IT REAL?,Tourist attraction,entertainment,Riyadh,Riyadh,,,4.7,10,,,,Entertainment_KSA,2026-01-15
POI_000407,Chuck E Cheese's,₹₹,entertainment,Riyadh,Riyadh,,,4.1,4300,"""a place where kids can have fun and their parents too!""",,,Entertainment_KSA,2026-01-15
POI_000408,مركز كفّك للترفيه - هاي فايف Hi 5,Amusement center,entertainment,Riyadh,Riyadh,,,4.3,106,"""Great place for kids for entertainment""",,,Entertainment_KSA,2026-01-15
POI_000409,مزرعة معيوف بن وصل بن مبرك الفقية,,entertainment,,,,,4.2,0,,,,Entertainment_KSA,2026-01-15
POI_000410,Woosh,Recreation center,entertainment,Riyadh,Riyadh,,,4.2,2100,"""A nice place to spend some time with your kids.""",,,Entertainment_KSA,2026-01-15
POI_000411,اسكيب مشن | Escape Mission,Escape room center,entertainment,Riyadh,Riyadh,,,4.6,436,"""Fun place, intelligent games and reasonable price range for activities.""",,,Entertainment_KSA,2026-01-15
POI_000412,shifa,Country park,entertainment,Riyadh,Riyadh,,,4.4,504,"""A super relaxing place in riyadh""",,,Entertainment_KSA,2026-01-15
POI_000413,Umluj Beach,State park,entertainment,Umluj,Tabuk,,,4.4,1200,Clear-water beach for diving & birding,,,Entertainment_KSA,2026-01-15
POI_000414,Billy Beez City,Children's amusement center,entertainment,Riyadh,Riyadh,,,3.5,609,"""Billy Beez City my favorite place...even me I enjoy and love this place...""",,,Entertainment_KSA,2026-01-15
POI_000415,جامع سليمان الراجحي,Tourist attraction,entertainment,Riyadh,Riyadh,,,4.8,27000,Closed ⋅ Opens 4 am Wed,,,Entertainment_KSA,2026-01-15
POI_000416,Al Douh Park,Tourist attraction,entertainment,Riyadh,Riyadh,,,3.6,4700,"""Really good place to relax😀""",,,Entertainment_KSA,2026-01-15
POI_000417,Lake Park,Tourist attraction,entertainment,Dammam,Eastern Province,,,4.5,2100,"""I am gonna tell my friends about the place""",,,Entertainment_KSA,2026-01-15
POI_000418,Nofa wild life park and safari,Wildlife and safari park,entertainment,Khubayb,,,,4.4,199,,,,Entertainment_KSA,2026-01-15
POI_000419,Lambee Tily,Amusement center,entertainment,Riyadh,Riyadh,,,4.2,1200,"""NYC place... Kidz njying.... Tq waad for helping kidz...""",,,Entertainment_KSA,2026-01-15
POI_000420,Wadi Park,Tourist attraction,entertainment,Riyadh,Riyadh,,,4.0,2400,Palm-shaded park for walks & kids’ games,,,Entertainment_KSA,2026-01-15
POI_000421,Al Musawkaf Market,Tourist attraction,entertainment,Unayzah,Qassim,,,4.2,4100,Closes soon ⋅ 9:30 pm,,,Entertainment_KSA,2026-01-15
POI_000422,Sala Hub,Children's amusement center,entertainment,Riyadh,Riyadh,,,4.1,14,Open now,,,Entertainment_KSA,2026-01-15
POI_000423,بئر زعير,,entertainment,,,,,4.2,0,,,,Entertainment_KSA,2026-01-15
POI_000424,Oz Lounge,Amusement center,entertainment,Riyadh,Riyadh,,,3.8,743,"""A cafe and a restaurant.""",,,Entertainment_KSA,2026-01-15
POI_000425,محمية الوعول,National reserve,entertainment,بوضان,,,,4.0,950,Desert reserve with native wildlife,,,Entertainment_KSA,2026-01-15
POI_000426,Happy Cheese,Children's amusement center,entertainment,Riyadh,Riyadh,,,4.6,2700,Takeaway,,,Entertainment_KSA,2026-01-15
POI_000427,Uplay,Children's amusement center,entertainment,Riyadh,Riyadh,,,3.6,253,"""Best place to take you kids away from TV/iPad""",,,Entertainment_KSA,2026-01-15
POI_000428,faylaqia,Tourist attraction,entertainment,Shaqra,Riyadh,,,5.0,15,,,,Entertainment_KSA,2026-01-15
POI_000429,وادي الديسة - المدخل الشمالي,,entertainment,,,,,4.2,0,,,,Entertainment_KSA,2026-01-15
POI_000430,The Hidden Valley,Hiking area,entertainment,Saudi,,,,4.8,4,,,,Entertainment_KSA,2026-01-15
POI_000431,Al Shaeeb Park,Tourist attraction,entertainment,Riyadh,Riyadh,,,4.0,2100,,,,Entertainment_KSA,2026-01-15
POI_000432,Natural Arch Riyadh,Hiking area,entertainment,Saudi,,,,4.6,98,,,,Entertainment_KSA,2026-01-15
POI_000433,أفاتار للترفية,Amusement center,entertainment,Riyadh,Riyadh,,,3.7,725,"""Vary fun place , they can easily spend 6 hours without notice 😍😍""",,,Entertainment_KSA,2026-01-15
POI_000434,Tomb of Lihyan son of Kuza,Historical landmark,entertainment,AlUla,Medina,,,4.6,552,"""Living place of Samood's.""",,,Entertainment_KSA,2026-01-15
POI_000435,منطقة سياحية,,entertainment,,,,,4.2,0,,,,Entertainment_KSA,2026-01-15
POI_000436,حديقة الفيحاء الأولى,Garden,entertainment,Riyadh,Riyadh,,,3.9,201,,,,Entertainment_KSA,2026-01-15
POI_000437,Universal Bowling Center,Bowling alley,entertainment,Riyadh,Riyadh,,,4.2,5000,"""Family place entertainment""",,,Entertainment_KSA,2026-01-15
POI_000438,تشكي تشيز,₹,entertainment,Riyadh,Riyadh,,,4.0,2400,,,,Entertainment_KSA,2026-01-15
POI_000439,King Fahad library Park,Park,entertainment,Riyadh,Riyadh,,,4.3,65,,,,Entertainment_KSA,2026-01-15
POI_000440,Chuck E. Cheese,₹,entertainment,Riyadh,Riyadh,,,4.1,1600,"""Great place for kids entertainment""",,,Entertainment_KSA,2026-01-15
POI_000441,Kids Gym,Children's amusement center,entertainment,Riyadh,Riyadh,,,4.0,95,,,,Entertainment_KSA,2026-01-15
POI_000442,الخزامى وادي حنيفه,Hiking area,entertainment,Riyadh,Riyadh,,,4.5,26,,,,Entertainment_KSA,2026-01-15
POI_000443,Go Bowling & Laser Strike | Makan Mall,Video arcade,entertainment,Riyadh,Riyadh,,,4.2,283,"""Very nice place for entertainment❤❤❤""",,,Entertainment_KSA,2026-01-15
POI_000444,Dhurma,Garden,entertainment,Riyadh,Riyadh,,,3.8,142,"""Beatiful tinny city near Riyadh""",,,Entertainment_KSA,2026-01-15
POI_000445,ChuckE cheese,₹₹,entertainment,Riyadh,Riyadh,,,4.3,3000,Takeaway,,,Entertainment_KSA,2026-01-15
POI_000446,مركز الصملة للترفيه | ALSAMLAH,Amusement center,entertainment,Riyadh,Riyadh,,,4.1,451,,,,Entertainment_KSA,2026-01-15
POI_000447,Masjid Diplomatic Quarters,Tourist attraction,entertainment,Riyadh,Riyadh,,,4.6,77,,,,Entertainment_KSA,2026-01-15
POI_000448,Lonely Castle,Museum,entertainment,AlUla,Medina,,,5.0,5,,,,Entertainment_KSA,2026-01-15
POI_000449,Syrup,Corporate office,entertainment,Riyadh,Riyadh,,,4.5,406,"""A go to place for entertainment in Riyadh""",,,Entertainment_KSA,2026-01-15
POI_000450,Khararah Lake,Park,entertainment,Riyadh,Riyadh,,,4.2,958,,,,Entertainment_KSA,2026-01-15
POI_000451,Kingdom Centre,Shopping mall,entertainment,Riyadh,Riyadh,,,4.4,24000,"""Amazing place center of Riyadh a kingdom Tower located at olaya rd.""",,,Entertainment_KSA,2026-01-15
POI_000452,Bujairi Terrace,Tourist attraction,entertainment,Riyadh,Riyadh,,,4.4,560,Dine-in·,,,Entertainment_KSA,2026-01-15
POI_000453,البوليفارد الجديد,Tourist attraction,entertainment,Riyadh,Riyadh,,,4.7,1500,"""And very good locations""",,,Entertainment_KSA,2026-01-15
POI_000454,Triangle Park,Garden,entertainment,Riyadh,Riyadh,,,3.9,109,,,,Entertainment_KSA,2026-01-15
POI_000455,شعيب حريملاء,Park,entertainment,Riyadh,Riyadh,,,4.5,324,,,,Entertainment_KSA,2026-01-15
POI_000456,Firstaiment,Paintball center,entertainment,Riyadh,Riyadh,,,4.0,1900,"""amazing and entertaining""",,,Entertainment_KSA,2026-01-15
POI_000457,العاذرية للطيران الرياضي,Amusement center,entertainment,Riyadh,Riyadh,,,4.5,99,Closed ⋅ Opens 2:30 pm Wed,,,Entertainment_KSA,2026-01-15
POI_000458,RIM rural farm in Dalam,Farm,entertainment,Ad,,,,4.4,266,,,,Entertainment_KSA,2026-01-15
POI_000459,Chifty شفتي,₹₹₹₹,entertainment,Riyadh,Riyadh,,,4.1,1700,"Hip place with global eats, shisha & DJs",,,Entertainment_KSA,2026-01-15
POI_000460,روضة الخرارة,State park,entertainment,Riyadh,Riyadh,,,4.2,3500,"""Among one of the emerging Visiting Places near to Riyadh..""",,,Entertainment_KSA,2026-01-15
POI_000461,Al Orjouan,Buffet,entertainment,Riyadh,Riyadh,,,4.3,705,Buffet restaurant at the Ritz-Carlton,,,Entertainment_KSA,2026-01-15
POI_000462,Bulalohan sa Riyadh,Filipino,entertainment,Riyadh,Riyadh,,,4.3,258,"""Delicious food and have vedioke for entertainment""",,,Entertainment_KSA,2026-01-15
POI_000463,Seafood restaurants,Seafood,entertainment,Riyadh,Riyadh,,,3.3,4,Dine-in·,,,Entertainment_KSA,2026-01-15
POI_000464,حديقة الوطن,Theme park,entertainment,Riyadh,Riyadh,,,4.2,8400,Temporarily closed,,,Entertainment_KSA,2026-01-15
POI_000465,Subaie heritage house,Tourist attraction,entertainment,Shaqra,Riyadh,,,4.3,192,Temporarily closed,,,Entertainment_KSA,2026-01-15
POI_000466,WORLD SIGHTS PARK,Tourist attraction,entertainment,Riyadh,Riyadh,,,4.1,3100,Temporarily closed,,,Entertainment_KSA,2026-01-15
POI_000467,منطقة أوايسس | Oasis Zone,Tourist attraction,entertainment,الرياض,,,,4.0,182,Temporarily closed,,,Entertainment_KSA,2026-01-15
POI_000468,موسم الجيمرز,Tourist attraction,entertainment,Riyadh,Riyadh,,,4.3,68,Temporarily closed,,,Entertainment_KSA,2026-01-15
POI_000469,كريته لاونج - karretah lounge,Tourist attraction,entertainment,Saudi,,,,4.4,12,Temporarily closed,,,Entertainment_KSA,2026-01-15
POI_000470,Jammoly World,Children's amusement center,entertainment,Riyadh,Riyadh,,,5.0,1,Temporarily closed,,,Entertainment_KSA,2026-01-15
POI_000471,Red Sea Beach,Children's amusement center,entertainment,Riyadh,Riyadh,,,4.5,137,Temporarily closed,,,Entertainment_KSA,2026-01-15
POI_000472,The Secret Room,Escape room center,entertainment,Riyadh,Riyadh,,,4.2,353,Temporarily closed,,,Entertainment_KSA,2026-01-15
POI_000473,Tim Tech Rimal Center,Children's amusement center,entertainment,Riyadh,Riyadh,,,5.0,2,Temporarily closed,,,Entertainment_KSA,2026-01-15
POI_000474,Mabelle,Children's amusement center,entertainment,Riyadh,Riyadh,,,4.7,42,Temporarily closed,,,Entertainment_KSA,2026-01-15
POI_000475,National Museum of Saudi Arabia,Museum,cultural,Riyadh,Riyadh,24.6478,46.7106,4.7,15000,The largest museum in Saudi Arabia showcasing the kingdoms rich heritage and history,"Sat-Thu: 9:00 AM - 7:00 PM, Fri: 2:00 PM - 10:00 PM",https://www.nationalmuseum.org.sa/,Saudi_Tourism_Authority,2026-01-15
POI_000477,Al-Hijr Archaeological Site (Madain Saleh),UNESCO World Heritage Site,historical,AlUla,Medina,26.7856,37.9538,4.9,8500,Saudi Arabia's first UNESCO World Heritage Site featuring Nabataean tombs,Daily: 8:00 AM - 6:00 PM,https://www.experiencealula.com/,UNESCO_Heritage,2026-01-15
POI_000478,Jeddah Historic District (Al-Balad),UNESCO World Heritage Site,historical,Jeddah,Makkah,21.4858,39.1925,4.6,22000,Historic center of Jeddah with traditional coral stone houses,Daily: 24 hours,,UNESCO_Heritage,2026-01-15
POI_000479,Rijal Almaa Heritage Village,Heritage Village,cultural,Abha,Asir,18.2127,42.2458,4.8,3200,Traditional village museum with distinctive Asiri architecture,Daily: 8:00 AM - 8:00 PM,,Heritage_Sites,2026-01-15
POI_000480,The Avenues Mall Riyadh,Shopping Mall,shopping,Riyadh,Riyadh,24.7738,46.6422,4.4,28000,Largest shopping mall in Riyadh with 400+ stores,Daily: 10:00 AM - 12:00 AM,https://www.theavenues.com/,Commercial_Centers,2026-01-15
POI_000481,Mall of Arabia Jeddah,Shopping Mall,shopping,Jeddah,Makkah,21.6288,39.1581,4.5,35000,One of the largest malls in the Middle East,"Sat-Thu: 10:00 AM - 12:00 AM, Fri: 2:00 PM - 12:00 AM",,Commercial_Centers,2026-01-15
POI_000482,Dhahran Mall,Shopping Mall,shopping,Dhahran,Eastern Province,26.3023,50.1644,4.3,19000,Premier shopping destination in Eastern Province,Daily: 10:00 AM - 11:00 PM,,Commercial_Centers,2026-01-15
POI_000483,Al Nakheel Mall Riyadh,Shopping Mall,shopping,Riyadh,Riyadh,24.8098,46.6347,4.2,16500,Family-friendly mall with diverse retail and dining options,Daily: 9:30 AM - 11:30 PM,,Commercial_Centers,2026-01-15
POI_000484,Obhur Beach,Beach,beach,Jeddah,Makkah,21.7395,39.0967,4.3,8700,Popular beach area with resorts and water sports,Daily: 24 hours,,Coastal_Tourism,2026-01-15
POI_000485,Umluj (Maldives of Saudi Arabia),Beach Destination,beach,Umluj,Tabuk,25.0201,37.2669,4.8,5400,Pristine white sand beaches and crystal clear waters,Daily: 24 hours,,Coastal_Tourism,2026-01-15
POI_000486,Durat Al Arous Beach,Beach,beach,Jeddah,Makkah,21.8024,39.0745,4.4,6200,Scenic beach with cafes and family facilities,Daily: 6:00 AM - 11:00 PM,,Coastal_Tourism,2026-01-15
POI_000487,Silver Sands Beach,Beach,beach,Al Khobar,Eastern Province,26.2653,50.2048,4.1,4100,Family beach with restaurants and activities,Daily: 6:00 AM - 10:00 PM,,Coastal_Tourism,2026-01-15
POI_000488,Asir National Park,National Park,nature,Abha,Asir,18.0833,42.5,4.8,6400,Saudi Arabia's first national park with diverse flora and fauna,Daily: 8:00 AM - 6:00 PM,,National_Parks,2026-01-15
POI_000489,Najd Village Restaurant,Traditional Saudi Restaurant,dining,Riyadh,Riyadh,24.7136,46.6753,4.6,8900,Authentic Saudi cuisine in traditional Najdi setting,Daily: 12:00 PM - 12:00 AM,,Dining_Saudi,2026-01-15
POI_000490,The Globe Restaurant,Fine Dining,dining,Riyadh,Riyadh,24.7119,46.675,4.7,5600,Fine dining restaurant on top of Al Faisaliah Tower,Daily: 12:00 PM - 11:00 PM,,Dining_Saudi,2026-01-15
POI_000491,Albaik,Fast Food,dining,Jeddah,Makkah,21.5433,39.1728,4.8,125000,Iconic Saudi fast-food chain famous for fried chicken,Daily: 11:00 AM - 2:00 AM,,Dining_Saudi,2026-01-15
POI_000492,King Fahd International Stadium,Sports Stadium,sports,Riyadh,Riyadh,24.6864,46.7169,4.4,15000,"Largest stadium in Saudi Arabia, host of major football matches",Event-based,,Sports_Venues,2026-01-15
POI_000493,King Abdullah Sports City,Sports Complex,sports,Jeddah,Makkah,21.6666,39.1106,4.5,18500,Multi-purpose sports complex with stadium and facilities,Event-based,,Sports_Venues,2026-01-15
POI_000494,SciTech Technology Center,Science Museum,attraction,Al Khobar,Eastern Province,26.3012,50.2142,4.4,6300,Interactive science museum on the Khobar Corniche.,Daily: 9:00 AM - 10:00 PM,,KSA_Curated_Supplement,2026-05-19
POI_000495,Al Rashid Mall,Shopping Mall,shopping,Al Khobar,Eastern Province,26.3015,50.1965,4.3,8200,Major shopping and dining complex in Al Khobar.,Daily: 9:00 AM - 10:00 PM,,KSA_Curated_Supplement,2026-05-19
POI_000496,Desert Designs Park,Park,attraction,Al Khobar,Eastern Province,26.289,50.185,4.2,2100,Family park with play areas near the corniche.,Daily: 9:00 AM - 10:00 PM,,KSA_Curated_Supplement,2026-05-19
POI_000497,Al Khobar Water Tower,Landmark,attraction,Al Khobar,Eastern Province,26.2795,50.2088,4.1,1500,Iconic waterfront tower and viewpoint.,Daily: 9:00 AM - 10:00 PM,,KSA_Curated_Supplement,2026-05-19
POI_000498,Escape the Room Khobar,Entertainment,entertainment,Al Khobar,Eastern Province,26.292,50.201,4.7,3200,Popular escape-room venue in Al Khobar.,Daily: 9:00 AM - 10:00 PM,,KSA_Curated_Supplement,2026-05-19
POI_000499,Al Danah Mall,Shopping Mall,shopping,Al Khobar,Eastern Province,26.305,50.192,4.2,4500,Retail mall with international brands.,Daily: 9:00 AM - 10:00 PM,,KSA_Curated_Supplement,2026-05-19
POI_000500,Heritage Village Al Khobar,Heritage Site,attraction,Al Khobar,Eastern Province,26.284,50.205,4.0,980,Cultural heritage showcase on the Eastern coast.,Daily: 9:00 AM - 10:00 PM,,KSA_Curated_Supplement,2026-05-19
POI_000501,Al Khobar Fish Market,Market,attraction,Al Khobar,Eastern Province,26.281,50.2105,4.3,2400,Fresh seafood market by the Gulf waterfront.,Daily: 9:00 AM - 10:00 PM,,KSA_Curated_Supplement,2026-05-19
POI_000502,Prince Turki Street Park,Park,attraction,Al Khobar,Eastern Province,26.2875,50.198,4.4,1100,Green space and walking paths in central Khobar.,Daily: 9:00 AM - 10:00 PM,,KSA_Curated_Supplement,2026-05-19
POI_000503,Ajdan Walk Al Khobar,Shopping District,shopping,Al Khobar,Eastern Province,26.2965,50.1885,4.4,957,Open-air retail and dining promenade.,Daily: 9:00 AM - 10:00 PM,,KSA_Curated_Supplement,2026-05-19
POI_000504,King Abdulaziz Center for World Culture (Ithra),Cultural Center,attraction,Dammam,Eastern Province,26.3042,50.1645,4.9,7200,World-class museum and cultural hub (near Dhahran).,Daily: 9:00 AM - 10:00 PM,,KSA_Curated_Supplement,2026-05-19
POI_000505,Dammam Corniche,Waterfront,attraction,Dammam,Eastern Province,26.434,50.103,4.5,11000,Long waterfront promenade along the Arabian Gulf.,Daily: 9:00 AM - 10:00 PM,,KSA_Curated_Supplement,2026-05-19
POI_000506,Share Al-Hob Market,Market,attraction,Dammam,Eastern Province,26.428,50.089,4.2,3400,Traditional market in central Dammam.,Daily: 9:00 AM - 10:00 PM,,KSA_Curated_Supplement,2026-05-19
POI_000507,Dammam Regional Museum,Museum,attraction,Dammam,Eastern Province,26.42,50.088,4.1,1800,Regional history and archaeology museum.,Daily: 9:00 AM - 10:00 PM,,KSA_Curated_Supplement,2026-05-19
POI_000508,Marina Mall Dammam,Shopping Mall,shopping,Dammam,Eastern Province,26.415,50.095,4.3,5600,Waterfront shopping and dining destination.,Daily: 9:00 AM - 10:00 PM,,KSA_Curated_Supplement,2026-05-19
POI_000509,Dolphin Village Dammam,Family Attraction,entertainment,Dammam,Eastern Province,26.438,50.112,4.0,2900,Family entertainment complex on the corniche.,Daily: 9:00 AM - 10:00 PM,,KSA_Curated_Supplement,2026-05-19
POI_000510,King Fahd Park Dammam,Park,attraction,Dammam,Eastern Province,26.405,50.078,4.4,4200,Large urban park with lakes and trails.,Daily: 9:00 AM - 10:00 PM,,KSA_Curated_Supplement,2026-05-19
POI_000511,Al Shatea District Beach,Beach,beach,Dammam,Eastern Province,26.441,50.118,4.2,3100,Public beach access along Dammam coast.,Daily: 9:00 AM - 10:00 PM,,KSA_Curated_Supplement,2026-05-19
POI_000512,Buraydah Dates Festival Site,Cultural Site,attraction,Buraydah,Qassim,26.359,43.981,4.6,5200,Famous dates market and festival grounds.,Daily: 9:00 AM - 10:00 PM,,KSA_Curated_Supplement,2026-05-19
POI_000513,Al Oqailat Heritage Village,Heritage Village,attraction,Buraydah,Qassim,26.342,43.965,4.4,2100,Restored Najdi heritage neighborhood.,Daily: 9:00 AM - 10:00 PM,,KSA_Curated_Supplement,2026-05-19
POI_000514,King Khalid Cultural Center,Cultural Center,attraction,Buraydah,Qassim,26.355,43.972,4.3,1800,Arts and cultural events in Buraydah.,Daily: 9:00 AM - 10:00 PM,,KSA_Curated_Supplement,2026-05-19
POI_000515,Al Nakheel Mall Buraydah,Shopping Mall,shopping,Buraydah,Qassim,26.368,43.988,4.2,6400,Major mall in Qassim region.,Daily: 9:00 AM - 10:00 PM,,KSA_Curated_Supplement,2026-05-19
POI_000516,Buraydah Museum,Museum,attraction,Buraydah,Qassim,26.351,43.97,4.1,1200,Local history and heritage exhibits.,Daily: 9:00 AM - 10:00 PM,,KSA_Curated_Supplement,2026-05-19
POI_000517,Al Ahsa Park Buraydah,Park,attraction,Buraydah,Qassim,26.362,43.975,4.0,900,City park with walking paths.,Daily: 9:00 AM - 10:00 PM,,KSA_Curated_Supplement,2026-05-19
POI_000518,Qassim University Botanical Garden,Garden,nature,Buraydah,Qassim,26.348,43.958,4.3,750,Green campus gardens open to visitors.,Daily: 9:00 AM - 10:00 PM,,KSA_Curated_Supplement,2026-05-19
POI_000519,Al Bassam House,Heritage House,attraction,Buraydah,Qassim,26.357,43.968,4.5,1100,Historic merchant house museum.,Daily: 9:00 AM - 10:00 PM,,KSA_Curated_Supplement,2026-05-19
POI_000520,Buraydah Grand Mosque,Mosque,attraction,Buraydah,Qassim,26.354,43.978,4.7,3200,Central mosque and landmark.,Daily: 9:00 AM - 10:00 PM,,KSA_Curated_Supplement,2026-05-19
POI_000521,Al Qassim Walk,Promenade,attraction,Buraydah,Qassim,26.36,43.984,4.2,1500,Retail and dining walkway.,Daily: 9:00 AM - 10:00 PM,,KSA_Curated_Supplement,2026-05-19
POI_000522,Abha Dam Lake,Lake,nature,Abha,Asir,18.216,42.505,4.6,4800,Scenic reservoir and picnic area.,Daily: 9:00 AM - 10:00 PM,,KSA_Curated_Supplement,2026-05-19
POI_000523,Al Muftaha Village,Art Village,attraction,Abha,Asir,18.214,42.508,4.5,3600,Traditional arts and crafts village.,Daily: 9:00 AM - 10:00 PM,,KSA_Curated_Supplement,2026-05-19
POI_000524,Abha Palace Museum,Museum,attraction,Abha,Asir,18.218,42.502,4.3,2100,Regional heritage museum.,Daily: 9:00 AM - 10:00 PM,,KSA_Curated_Supplement,2026-05-19
POI_000525,Jabal Al Soodah Viewpoint,Viewpoint,nature,Abha,Asir,18.2738,42.3667,4.8,6200,Highest peak viewpoint in Saudi Arabia.,Daily: 9:00 AM - 10:00 PM,,KSA_Curated_Supplement,2026-05-19
POI_000526,Abha Cultural Center,Cultural Center,attraction,Abha,Asir,18.212,42.51,4.2,1400,Performing arts and exhibitions.,Daily: 9:00 AM - 10:00 PM,,KSA_Curated_Supplement,2026-05-19
POI_000527,Rijal Almaa (near Abha),Heritage Village,attraction,Abha,Asir,18.2127,42.2458,4.8,3200,UNESCO-nominated stone village in Asir mountains.,Daily: 9:00 AM - 10:00 PM,,KSA_Curated_Supplement,2026-05-19
POI_000528,Al Baha Heritage Village,Heritage Village,attraction,Al Baha,Al Baha,20.0129,41.4677,4.5,2800,Traditional highland architecture.,Daily: 9:00 AM - 10:00 PM,,KSA_Curated_Supplement,2026-05-19
POI_000529,Raghadan Forest Park,Forest Park,nature,Al Baha,Al Baha,20.018,41.472,4.6,4100,Cool mountain forest with trails.,Daily: 9:00 AM - 10:00 PM,,KSA_Curated_Supplement,2026-05-19
POI_000530,Al Baha Suspension Bridge,Landmark,attraction,Al Baha,Al Baha,20.008,41.46,4.4,1900,Scenic bridge over the Sarawat range.,Daily: 9:00 AM - 10:00 PM,,KSA_Curated_Supplement,2026-05-19
POI_000531,Al Baha Regional Museum,Museum,attraction,Al Baha,Al Baha,20.01,41.47,4.2,980,Regional culture and history.,Daily: 9:00 AM - 10:00 PM,,KSA_Curated_Supplement,2026-05-19
POI_000532,Zee Al-Ain Village,Heritage Village,attraction,Al Baha,Al Baha,19.89,41.42,4.7,3500,Famous stone village in marble hills.,Daily: 9:00 AM - 10:00 PM,,KSA_Curated_Supplement,2026-05-19
POI_000533,Al Baha Cable Car,Cable Car,attraction,Al Baha,Al Baha,20.02,41.475,4.4,2200,Cable car with mountain views.,Daily: 9:00 AM - 10:00 PM,,KSA_Curated_Supplement,2026-05-19
POI_000534,King Fahd Park Al Baha,Park,attraction,Al Baha,Al Baha,20.005,41.468,4.1,1100,Central city park.,Daily: 9:00 AM - 10:00 PM,,KSA_Curated_Supplement,2026-05-19
POI_000535,Al Baha Grand Mosque,Mosque,attraction,Al Baha,Al Baha,20.013,41.469,4.6,2400,Main city mosque.,Daily: 9:00 AM - 10:00 PM,,KSA_Curated_Supplement,2026-05-19
POI_000536,Shada Mountains,Natural Reserve,nature,Al Baha,Al Baha,19.95,41.38,4.8,1800,Dramatic granite peaks and caves.,Daily: 9:00 AM - 10:00 PM,,KSA_Curated_Supplement,2026-05-19
POI_000537,Al-Ukhdood Archaeological Site,Archaeological Site,attraction,Najran,Najran,17.48,44.13,4.7,2900,Ancient ruins and inscriptions.,Daily: 9:00 AM - 10:00 PM,,KSA_Curated_Supplement,2026-05-19
POI_000538,Al Aan Palace,Historic Palace,attraction,Najran,Najran,17.495,44.125,4.5,2100,Traditional mud-brick palace.,Daily: 9:00 AM - 10:00 PM,,KSA_Curated_Supplement,2026-05-19
POI_000539,Najran Dam Park,Park,attraction,Najran,Najran,17.5,44.135,4.2,1100,Park around Najran reservoir.,Daily: 9:00 AM - 10:00 PM,,KSA_Curated_Supplement,2026-05-19
POI_000540,Al Faisaliah Park Najran,Park,attraction,Najran,Najran,17.488,44.12,4.1,900,Family park in the city.,Daily: 9:00 AM - 10:00 PM,,KSA_Curated_Supplement,2026-05-19
POI_000541,Najran Valley Viewpoint,Viewpoint,nature,Najran,Najran,17.51,44.14,4.4,800,Panoramic valley views.,Daily: 9:00 AM - 10:00 PM,,KSA_Curated_Supplement,2026-05-19
POI_000542,Al-Maskan Heritage Market,Market,attraction,Najran,Najran,17.49,44.128,4.0,650,Local crafts and produce.,Daily: 9:00 AM - 10:00 PM,,KSA_Curated_Supplement,2026-05-19
POI_000543,Najran Fort,Historic Fort,attraction,Najran,Najran,17.494,44.126,4.3,1700,Historic fort overlooking the wadi.,Daily: 9:00 AM - 10:00 PM,,KSA_Curated_Supplement,2026-05-19
POI_000544,Saqr Park,Park,attraction,Najran,Najran,17.485,44.132,4.2,1200,Urban green space.,Daily: 9:00 AM - 10:00 PM,,KSA_Curated_Supplement,2026-05-19
POI_000545,Hima Well Cultural Area,Cultural Site,attraction,Najran,Najran,17.47,44.11,4.6,1400,Rock art and heritage trails.,Daily: 9:00 AM - 10:00 PM,,KSA_Curated_Supplement,2026-05-19
POI_000546,Farasan Islands Ferry Point,Marina,attraction,Jazan,Jazan,16.8892,42.551,4.5,3200,Gateway to the Farasan archipelago.,Daily: 9:00 AM - 10:00 PM,,KSA_Curated_Supplement,2026-05-19
POI_000547,Jazan Corniche,Waterfront,attraction,Jazan,Jazan,16.892,42.548,4.4,4100,Coastal promenade and parks.,Daily: 9:00 AM - 10:00 PM,,KSA_Curated_Supplement,2026-05-19
POI_000548,Jazan Regional Museum,Museum,attraction,Jazan,Jazan,16.888,42.555,4.2,1100,Regional heritage exhibits.,Daily: 9:00 AM - 10:00 PM,,KSA_Curated_Supplement,2026-05-19
POI_000549,Al Dosariyah Island,Island,beach,Jazan,Jazan,16.91,42.52,4.6,2800,Island park near Jazan city.,Daily: 9:00 AM - 10:00 PM,,KSA_Curated_Supplement,2026-05-19
POI_000550,Jazan Economic City Beach,Beach,beach,Jazan,Jazan,16.87,42.58,4.3,1900,Red Sea beach access.,Daily: 9:00 AM - 10:00 PM,,KSA_Curated_Supplement,2026-05-19
POI_000551,Wadi Lajab,Canyon,nature,Jazan,Jazan,17.05,43.2,4.8,4500,Stunning sandstone canyon for hiking.,Daily: 9:00 AM - 10:00 PM,,KSA_Curated_Supplement,2026-05-19
POI_000552,Jazan Heritage Village,Heritage Village,attraction,Jazan,Jazan,16.885,42.552,4.1,950,Traditional southern architecture.,Daily: 9:00 AM - 10:00 PM,,KSA_Curated_Supplement,2026-05-19
POI_000553,Al Rashid Mall Jazan,Shopping Mall,shopping,Jazan,Jazan,16.895,42.545,4.0,2200,Shopping and dining complex.,Daily: 9:00 AM - 10:00 PM,,KSA_Curated_Supplement,2026-05-19
POI_000554,Mount Fayfa,Mountain,nature,Jazan,Jazan,17.28,43.05,4.7,1600,Terraced mountain villages and views.,Daily: 9:00 AM - 10:00 PM,,KSA_Curated_Supplement,2026-05-19
POI_000555,Jazan Dam Lake,Lake,nature,Jazan,Jazan,16.9,42.56,4.2,800,Reservoir recreation area.,Daily: 9:00 AM - 10:00 PM,,KSA_Curated_Supplement,2026-05-19
POI_000556,Farasan Islands Marine Reserve,Natural Reserve,nature,Farasan,Jazan,16.7029,41.9932,4.9,1850,Pristine islands with coral reefs.,Daily: 9:00 AM - 10:00 PM,,KSA_Curated_Supplement,2026-05-19
POI_000557,Beit Al Refai Museum,Museum,attraction,Farasan,Jazan,16.705,41.99,4.4,620,Heritage house on Farasan Island.,Daily: 9:00 AM - 10:00 PM,,KSA_Curated_Supplement,2026-05-19
POI_000558,Al Qassar Village,Heritage Village,attraction,Farasan,Jazan,16.71,41.985,4.5,480,Historic coral-stone village.,Daily: 9:00 AM - 10:00 PM,,KSA_Curated_Supplement,2026-05-19
POI_000559,Farasan Island Beach,Beach,beach,Farasan,Jazan,16.698,41.995,4.6,1200,White-sand beaches and snorkeling.,Daily: 9:00 AM - 10:00 PM,,KSA_Curated_Supplement,2026-05-19
POI_000560,Damsik Mangrove Forest,Nature,nature,Farasan,Jazan,16.72,42.01,4.3,350,Mangrove ecosystem tours.,Daily: 9:00 AM - 10:00 PM,,KSA_Curated_Supplement,2026-05-19
POI_000561,Farasan Old Souq,Market,attraction,Farasan,Jazan,16.704,41.992,4.2,290,Traditional island market.,Daily: 9:00 AM - 10:00 PM,,KSA_Curated_Supplement,2026-05-19
POI_000562,Roman Well Farasan,Historic Site,attraction,Farasan,Jazan,16.706,41.988,4.1,210,Ancient well archaeological site.,Daily: 9:00 AM - 10:00 PM,,KSA_Curated_Supplement,2026-05-19
POI_000563,Sajid Island,Island,beach,Farasan,Jazan,16.68,42.02,4.7,540,Nearby island for diving.,Daily: 9:00 AM - 10:00 PM,,KSA_Curated_Supplement,2026-05-19
POI_000564,Farasan Lighthouse,Landmark,attraction,Farasan,Jazan,16.7,41.997,4.0,180,Coastal navigation landmark.,Daily: 9:00 AM - 10:00 PM,,KSA_Curated_Supplement,2026-05-19
POI_000565,Turquoise Bay Farasan,Beach,beach,Farasan,Jazan,16.695,42.0,4.8,890,Crystal-clear swimming bay.,Daily: 9:00 AM - 10:00 PM,,KSA_Curated_Supplement,2026-05-19
POI_000566,Jubail Corniche,Waterfront,attraction,Al Jubail,Eastern Province,27.0174,49.6572,4.3,4500,Coastal walkway and beaches.,Daily: 9:00 AM - 10:00 PM,,KSA_Curated_Supplement,2026-05-19
POI_000567,Al Fanateer Beach,Beach,beach,Al Jubail,Eastern Province,27.02,49.65,4.4,3800,Popular family beach.,Daily: 9:00 AM - 10:00 PM,,KSA_Curated_Supplement,2026-05-19
POI_000568,Jubail Fish Market,Market,attraction,Al Jubail,Eastern Province,27.015,49.66,4.2,2100,Fresh seafood market.,Daily: 9:00 AM - 10:00 PM,,KSA_Curated_Supplement,2026-05-19
POI_000569,Galleria Mall Jubail,Shopping Mall,shopping,Al Jubail,Eastern Province,27.01,49.655,4.3,5200,Major retail destination.,Daily: 9:00 AM - 10:00 PM,,KSA_Curated_Supplement,2026-05-19
POI_000570,Jubail Industrial City Visitor Center,Visitor Center,attraction,Al Jubail,Eastern Province,27.005,49.64,4.0,800,Industrial tourism and exhibits.,Daily: 9:00 AM - 10:00 PM,,KSA_Curated_Supplement,2026-05-19
POI_000571,Deffi Park,Park,attraction,Al Jubail,Eastern Province,27.012,49.658,4.1,1500,Urban park and recreation.,Daily: 9:00 AM - 10:00 PM,,KSA_Curated_Supplement,2026-05-19
POI_000572,Al Nakheel Beach Jubail,Beach,beach,Al Jubail,Eastern Province,27.025,49.645,4.3,2900,Palm-lined public beach.,Daily: 9:00 AM - 10:00 PM,,KSA_Curated_Supplement,2026-05-19
POI_000573,Jubail Heritage Village,Heritage Village,attraction,Al Jubail,Eastern Province,27.008,49.652,4.2,1100,Traditional coastal heritage.,Daily: 9:00 AM - 10:00 PM,,KSA_Curated_Supplement,2026-05-19
POI_000574,Mall of Jubail,Shopping Mall,shopping,Al Jubail,Eastern Province,27.018,49.648,4.1,3400,Shopping and entertainment.,Daily: 9:00 AM - 10:00 PM,,KSA_Curated_Supplement,2026-05-19
POI_000575,Al Huwaylat Beach,Beach,beach,Al Jubail,Eastern Province,27.03,49.635,4.4,2200,Quiet beach north of Jubail.,Daily: 9:00 AM - 10:00 PM,,KSA_Curated_Supplement,2026-05-19
POI_000576,Dhahran Hills Park,Park,attraction,Dhahran,Eastern Province,26.29,50.15,4.3,2100,Hillside park popular with families.,Daily: 9:00 AM - 10:00 PM,,KSA_Curated_Supplement,2026-05-19
POI_000577,King Abdulaziz Air Base Museum,Museum,attraction,Dhahran,Eastern Province,26.28,50.16,4.0,650,Aviation heritage exhibits.,Daily: 9:00 AM - 10:00 PM,,KSA_Curated_Supplement,2026-05-19
POI_000578,Al Dawoodiyah Park,Park,attraction,Dhahran,Eastern Province,26.285,50.155,4.2,1200,Community park and playgrounds.,Daily: 9:00 AM - 10:00 PM,,KSA_Curated_Supplement,2026-05-19
POI_000579,Yanbu Al Bahr Historic District,Historic District,attraction,Yanbu,Madinah,24.089,38.0617,4.5,4200,Ottoman-era old town and harbor.,Daily: 9:00 AM - 10:00 PM,,KSA_Curated_Supplement,2026-05-19
POI_000580,Yanbu Corniche,Waterfront,attraction,Yanbu,Madinah,24.095,38.055,4.4,5100,Red Sea promenade.,Daily: 9:00 AM - 10:00 PM,,KSA_Curated_Supplement,2026-05-19
POI_000581,Yanbu Industrial City Beach,Beach,beach,Yanbu,Madinah,24.05,38.02,4.2,2800,Industrial city coastal access.,Daily: 9:00 AM - 10:00 PM,,KSA_Curated_Supplement,2026-05-19
POI_000582,Radwa Mountain,Mountain,nature,Yanbu,Madinah,24.12,38.1,4.6,1900,Hiking and panoramic views.,Daily: 9:00 AM - 10:00 PM,,KSA_Curated_Supplement,2026-05-19
POI_000583,Yanbu Flower Festival Park,Park,attraction,Yanbu,Madinah,24.092,38.058,4.3,1500,Seasonal flower displays.,Daily: 9:00 AM - 10:00 PM,,KSA_Curated_Supplement,2026-05-19
POI_000584,Al-Nakheel Beach Yanbu,Beach,beach,Yanbu,Madinah,24.1,38.05,4.4,3200,Palm-lined public beach.,Daily: 9:00 AM - 10:00 PM,,KSA_Curated_Supplement,2026-05-19
POI_000585,Yanbu Royal Commission Museum,Museum,attraction,Yanbu,Madinah,24.088,38.062,4.1,900,City development history.,Daily: 9:00 AM - 10:00 PM,,KSA_Curated_Supplement,2026-05-19
POI_000586,Yanbu Fish Market,Market,attraction,Yanbu,Madinah,24.09,38.06,4.3,2100,Fresh Red Sea seafood.,Daily: 9:00 AM - 10:00 PM,,KSA_Curated_Supplement,2026-05-19
POI_000587,Shubra Palace,Historic Palace,attraction,Taif,Makkah,21.2703,40.4158,4.5,3800,"Former royal residence, now museum.",Daily: 9:00 AM - 10:00 PM,,KSA_Curated_Supplement,2026-05-19
POI_000588,Al Rudaf Park,Park,attraction,Taif,Makkah,21.275,40.42,4.4,5200,Large park with lake and roses.,Daily: 9:00 AM - 10:00 PM,,KSA_Curated_Supplement,2026-05-19
POI_000589,Taif Cable Car,Cable Car,attraction,Taif,Makkah,21.26,40.43,4.6,6100,Cable car to Al Hada mountain.,Daily: 9:00 AM - 10:00 PM,,KSA_Curated_Supplement,2026-05-19
POI_000590,Rose Factory Taif,Cultural Site,attraction,Taif,Makkah,21.268,40.418,4.3,2400,Famous Taif rose products.,Daily: 9:00 AM - 10:00 PM,,KSA_Curated_Supplement,2026-05-19
POI_000591,Al Hada Mountain,Mountain,nature,Taif,Makkah,21.25,40.45,4.7,4800,Cool mountain escape with views.,Daily: 9:00 AM - 10:00 PM,,KSA_Curated_Supplement,2026-05-19
POI_000592,Okaz Souq,Historic Market,attraction,Taif,Makkah,21.28,40.4,4.4,2900,Revived ancient cultural souq.,Daily: 9:00 AM - 10:00 PM,,KSA_Curated_Supplement,2026-05-19
POI_000593,King Fahd Park Taif,Park,attraction,Taif,Makkah,21.272,40.412,4.2,3100,Major city park.,Daily: 9:00 AM - 10:00 PM,,KSA_Curated_Supplement,2026-05-19
POI_000594,Taif Regional Museum,Museum,attraction,Taif,Makkah,21.269,40.416,4.1,1500,Regional heritage collection.,Daily: 9:00 AM - 10:00 PM,,KSA_Curated_Supplement,2026-05-19
POI_000595,Al Shafa Village,Mountain Village,nature,Taif,Makkah,21.22,40.35,4.6,2200,Highland village and viewpoints.,Daily: 9:00 AM - 10:00 PM,,KSA_Curated_Supplement,2026-05-19
POI_000596,Al Disah Valley,Valley,nature,Tabuk,Tabuk,28.2,36.8,4.8,4200,Dramatic sandstone valley hiking.,Daily: 9:00 AM - 10:00 PM,,KSA_Curated_Supplement,2026-05-19
POI_000597,Tabuk Regional Museum,Museum,attraction,Tabuk,Tabuk,28.385,36.57,4.2,1400,Regional archaeology and history.,Daily: 9:00 AM - 10:00 PM,,KSA_Curated_Supplement,2026-05-19
POI_000598,Wadi Al Disah,Natural Wonder,nature,Tabuk,Tabuk,28.21,36.79,4.7,3800,Red rock formations and palm groves.,Daily: 9:00 AM - 10:00 PM,,KSA_Curated_Supplement,2026-05-19
POI_000599,Tabuk Park,Park,attraction,Tabuk,Tabuk,28.38,36.575,4.1,1100,Central urban park.,Daily: 9:00 AM - 10:00 PM,,KSA_Curated_Supplement,2026-05-19
POI_000600,Al Bida Archaeological Site,Archaeological Site,attraction,Tabuk,Tabuk,28.1,36.2,4.5,900,Ancient Nabataean site near Tabuk.,Daily: 9:00 AM - 10:00 PM,,KSA_Curated_Supplement,2026-05-19
POI_000601,Tabuk Corniche Park,Waterfront,attraction,Tabuk,Tabuk,28.39,36.56,4.0,800,Northern city waterfront.,Daily: 9:00 AM - 10:00 PM,,KSA_Curated_Supplement,2026-05-19
POI_000602,Prince Fahd Bin Sultan Park,Park,attraction,Tabuk,Tabuk,28.382,36.568,4.2,1500,Family recreation area.,Daily: 9:00 AM - 10:00 PM,,KSA_Curated_Supplement,2026-05-19
POI_000603,Hejaz Railway Station Tabuk,Historic Site,attraction,Tabuk,Tabuk,28.384,36.572,4.4,1200,Restored Ottoman railway station.,Daily: 9:00 AM - 10:00 PM,,KSA_Curated_Supplement,2026-05-19
POI_000604,Al Ahsa Oasis,UNESCO Site,attraction,Al-Ahsa,Eastern Province,25.3833,49.5833,4.8,12000,"World's largest oasis, UNESCO listed.",Daily: 9:00 AM - 10:00 PM,,KSA_Curated_Supplement,2026-05-19
POI_000605,Ibrahim Palace,Historic Palace,attraction,Al-Ahsa,Eastern Province,25.43,49.59,4.5,3400,Ottoman-era palace in Hofuf.,Daily: 9:00 AM - 10:00 PM,,KSA_Curated_Supplement,2026-05-19
POI_000606,Jabal Al Qarah,Mountain,nature,Al-Ahsa,Eastern Province,25.42,49.6,4.6,5100,Distinctive mesa with caves.,Daily: 9:00 AM - 10:00 PM,,KSA_Curated_Supplement,2026-05-19
POI_000607,Al Qaisariyah Souq,Historic Souq,attraction,Al-Ahsa,Eastern Province,25.38,49.585,4.4,2800,Traditional covered market.,Daily: 9:00 AM - 10:00 PM,,KSA_Curated_Supplement,2026-05-19
POI_000608,Yellow Lake Al Ahsa,Lake,nature,Al-Ahsa,Eastern Province,25.35,49.55,4.3,1900,Seasonal desert lake.,Daily: 9:00 AM - 10:00 PM,,KSA_Curated_Supplement,2026-05-19
POI_000609,Jawatha Mosque,Historic Mosque,attraction,Al-Ahsa,Eastern Province,25.4,49.58,4.5,2100,One of the oldest mosques in the region.,Daily: 9:00 AM - 10:00 PM,,KSA_Curated_Supplement,2026-05-19
POI_000610,Al Ahsa National Museum,Museum,attraction,Al-Ahsa,Eastern Province,25.385,49.582,4.2,1500,Oasis heritage exhibits.,Daily: 9:00 AM - 10:00 PM,,KSA_Curated_Supplement,2026-05-19
POI_000611,Uqair Beach,Beach,beach,Al-Ahsa,Eastern Province,25.65,50.2,4.1,2200,Historic coastal port beach.,Daily: 9:00 AM - 10:00 PM,,KSA_Curated_Supplement,2026-05-19
POI_000612,Duba Port Umluj,Marina,attraction,Umluj,Tabuk,25.01,37.27,4.2,1200,Red Sea departure point.,Daily: 9:00 AM - 10:00 PM,,KSA_Curated_Supplement,2026-05-19
POI_000613,Coral Reef Snorkeling Umluj,Marine Activity,beach,Umluj,Tabuk,25.03,37.26,4.7,2100,Snorkeling and diving spots.,Daily: 9:00 AM - 10:00 PM,,KSA_Curated_Supplement,2026-05-19
POI_000614,Umluj Islands Tour,Island Tour,attraction,Umluj,Tabuk,25.04,37.25,4.6,1800,Boat tours to offshore islands.,Daily: 9:00 AM - 10:00 PM,,KSA_Curated_Supplement,2026-05-19
POI_000615,Al Wajh Road Viewpoint,Viewpoint,nature,Umluj,Tabuk,25.05,37.28,4.4,900,Coastal highway scenic stop.,Daily: 9:00 AM - 10:00 PM,,KSA_Curated_Supplement,2026-05-19
POI_000616,Umluj Palm Groves,Oasis,nature,Umluj,Tabuk,25.015,37.265,4.3,650,Date palm farms and walks.,Daily: 9:00 AM - 10:00 PM,,KSA_Curated_Supplement,2026-05-19
POI_000617,Red Sea Diving Center Umluj,Diving,beach,Umluj,Tabuk,25.025,37.268,4.5,1100,Dive trips and equipment rental.,Daily: 9:00 AM - 10:00 PM,,KSA_Curated_Supplement,2026-05-19
POI_000618,Umluj Heritage Village,Heritage Village,attraction,Umluj,Tabuk,25.018,37.272,4.1,420,Traditional coastal settlement.,Daily: 9:00 AM - 10:00 PM,,KSA_Curated_Supplement,2026-05-19
POI_000619,Mango Beach Umluj,Beach,beach,Umluj,Tabuk,25.035,37.255,4.7,1500,Secluded swimming beach.,Daily: 9:00 AM - 10:00 PM,,KSA_Curated_Supplement,2026-05-19
POI_000620,Umluj Marina Walk,Promenade,attraction,Umluj,Tabuk,25.022,37.267,4.2,780,Waterfront dining and walks.,Daily: 9:00 AM - 10:00 PM,,KSA_Curated_Supplement,2026-05-19
POI_000621,Shaqra Heritage Museum,Museum,attraction,Shaqra,Riyadh,25.24,45.25,4.3,800,Local history exhibits.,Daily: 9:00 AM - 10:00 PM,,KSA_Curated_Supplement,2026-05-19
POI_000622,Shaqra Old Market,Market,attraction,Shaqra,Riyadh,25.238,45.252,4.1,450,Traditional souq area.,Daily: 9:00 AM - 10:00 PM,,KSA_Curated_Supplement,2026-05-19
POI_000623,Al-Majmaah Road Park,Park,attraction,Shaqra,Riyadh,25.242,45.255,4.0,320,Community park.,Daily: 9:00 AM - 10:00 PM,,KSA_Curated_Supplement,2026-05-19
POI_000624,Shaqra Date Farms,Farm Tour,attraction,Shaqra,Riyadh,25.23,45.245,4.2,280,Date plantation visits.,Daily: 9:00 AM - 10:00 PM,,KSA_Curated_Supplement,2026-05-19
POI_000625,Wadi Hanifah Viewpoint Shaqra,Viewpoint,nature,Shaqra,Riyadh,25.25,45.26,4.4,510,Desert wadi scenery.,Daily: 9:00 AM - 10:00 PM,,KSA_Curated_Supplement,2026-05-19
POI_000626,Shaqra Cultural Center,Cultural Center,attraction,Shaqra,Riyadh,25.236,45.251,4.1,390,Arts and community events.,Daily: 9:00 AM - 10:00 PM,,KSA_Curated_Supplement,2026-05-19
POI_000627,Al-Dubayyah Fort,Historic Fort,attraction,Shaqra,Riyadh,25.228,45.24,4.3,620,Restored desert fort.,Daily: 9:00 AM - 10:00 PM,,KSA_Curated_Supplement,2026-05-19
POI_000628,Shaqra Guest House District,Heritage District,attraction,Shaqra,Riyadh,25.234,45.249,4.0,210,Traditional accommodation area.,Daily: 9:00 AM - 10:00 PM,,KSA_Curated_Supplement,2026-05-19
POI_000629,Buraydah Dates Market,Market,attraction,Qassim,Qassim,26.359,43.981,4.6,5200,World-famous dates trading.,Daily: 9:00 AM - 10:00 PM,,KSA_Curated_Supplement,2026-05-19
POI_000630,Unaizah Heritage Village,Heritage Village,attraction,Qassim,Qassim,26.09,43.97,4.4,2800,Historic town in Qassim.,Daily: 9:00 AM - 10:00 PM,,KSA_Curated_Supplement,2026-05-19
POI_000631,King Khalid Park Qassim,Park,attraction,Qassim,Qassim,26.35,43.975,4.2,1900,Regional park.,Daily: 9:00 AM - 10:00 PM,,KSA_Curated_Supplement,2026-05-19
POI_000632,Al Mithnab Old Town,Historic Town,attraction,Qassim,Qassim,26.02,44.05,4.3,900,Traditional mud architecture.,Daily: 9:00 AM - 10:00 PM,,KSA_Curated_Supplement,2026-05-19
POI_000633,Qassim University Campus,Landmark,attraction,Qassim,Qassim,26.348,43.958,4.0,750,Modern campus grounds.,Daily: 9:00 AM - 10:00 PM,,KSA_Curated_Supplement,2026-05-19
POI_000634,Al-Rass Heritage Area,Heritage Site,attraction,Qassim,Qassim,25.85,43.5,4.2,1100,Historic Qassim town.,Daily: 9:00 AM - 10:00 PM,,KSA_Curated_Supplement,2026-05-19
POI_000635,Al Bukayriyah Oasis,Oasis,nature,Qassim,Qassim,26.15,43.65,4.4,1400,Palm oasis and farms.,Daily: 9:00 AM - 10:00 PM,,KSA_Curated_Supplement,2026-05-19
POI_000636,Al Shabab Park Buraydah,Park,attraction,Qassim,Qassim,26.362,43.978,4.1,800,Sports and recreation park.,Daily: 9:00 AM - 10:00 PM,,KSA_Curated_Supplement,2026-05-19
POI_000637,Al-Qassim Regional Museum,Museum,attraction,Qassim,Qassim,26.355,43.972,4.2,650,Regional artifacts and history.,Daily: 9:00 AM - 10:00 PM,,KSA_Curated_Supplement,2026-05-19
POI_000638,Al-Kharj Water Tower,Landmark,attraction,Al-Kharj,Riyadh,24.155,47.305,4.2,1100,City landmark.,Daily: 9:00 AM - 10:00 PM,,KSA_Curated_Supplement,2026-05-19
POI_000639,King Abdulaziz Palace Al-Kharj,Historic Site,attraction,Al-Kharj,Riyadh,24.15,47.3,4.4,1800,Historic palace.,Daily: 9:00 AM - 10:00 PM,,KSA_Curated_Supplement,2026-05-19
POI_000640,Al-Kharj Zoo,Zoo,entertainment,Al-Kharj,Riyadh,24.16,47.31,4.1,2400,Family zoo.,Daily: 9:00 AM - 10:00 PM,,KSA_Curated_Supplement,2026-05-19
POI_000641,Al-Baijan Park,Park,attraction,Al-Kharj,Riyadh,24.152,47.302,4.0,900,Urban park.,Daily: 9:00 AM - 10:00 PM,,KSA_Curated_Supplement,2026-05-19
POI_000642,Al-Kharj Historical Museum,Museum,attraction,Al-Kharj,Riyadh,24.153,47.304,4.2,650,Local history.,Daily: 9:00 AM - 10:00 PM,,KSA_Curated_Supplement,2026-05-19
POI_000643,Al-Saih Lake,Lake,nature,Al-Kharj,Riyadh,24.14,47.29,4.3,1200,Desert lake recreation.,Daily: 9:00 AM - 10:00 PM,,KSA_Curated_Supplement,2026-05-19
POI_000644,Al-Kharj Mall,Shopping Mall,shopping,Al-Kharj,Riyadh,24.158,47.308,4.1,3200,Shopping center.,Daily: 9:00 AM - 10:00 PM,,KSA_Curated_Supplement,2026-05-19
POI_000645,Al-Hayer Hot Springs,Hot Springs,nature,Al-Kharj,Riyadh,24.12,47.25,4.5,2100,Natural hot springs.,Daily: 9:00 AM - 10:00 PM,,KSA_Curated_Supplement,2026-05-19
POI_000646,Al-Kharj Heritage Village,Heritage Village,attraction,Al-Kharj,Riyadh,24.151,47.301,4.0,480,Traditional architecture.,Daily: 9:00 AM - 10:00 PM,,KSA_Curated_Supplement,2026-05-19
POI_000647,Prince Salman Park Al-Kharj,Park,attraction,Al-Kharj,Riyadh,24.154,47.306,4.2,1100,Community park.,Daily: 9:00 AM - 10:00 PM,,KSA_Curated_Supplement,2026-05-19
POI_000648,Arar Heritage Museum,Museum,attraction,Arar,Northern Borders,30.975,41.038,4.1,800,Border region history.,Daily: 9:00 AM - 10:00 PM,,KSA_Curated_Supplement,2026-05-19
POI_000649,Arar Grand Mosque,Mosque,attraction,Arar,Northern Borders,30.98,41.04,4.5,1500,Central mosque.,Daily: 9:00 AM - 10:00 PM,,KSA_Curated_Supplement,2026-05-19
POI_000650,Arar Park,Park,attraction,Arar,Northern Borders,30.978,41.035,4.0,600,City park.,Daily: 9:00 AM - 10:00 PM,,KSA_Curated_Supplement,2026-05-19
POI_000651,Northern Borders Monument,Landmark,attraction,Arar,Northern Borders,30.982,41.042,4.2,450,Regional landmark.,Daily: 9:00 AM - 10:00 PM,,KSA_Curated_Supplement,2026-05-19
POI_000652,Arar Traditional Market,Market,attraction,Arar,Northern Borders,30.976,41.037,4.0,520,Local souq.,Daily: 9:00 AM - 10:00 PM,,KSA_Curated_Supplement,2026-05-19
POI_000653,Al-Nabk Forest Arar,Forest,nature,Arar,Northern Borders,30.95,41.0,4.3,380,Desert acacia forest.,Daily: 9:00 AM - 10:00 PM,,KSA_Curated_Supplement,2026-05-19
POI_000654,Arar Sports City,Sports Complex,sports,Arar,Northern Borders,30.97,41.03,4.1,900,Stadium complex.,Daily: 9:00 AM - 10:00 PM,,KSA_Curated_Supplement,2026-05-19
POI_000655,Arar Water Tower Park,Park,attraction,Arar,Northern Borders,30.979,41.039,4.0,350,Park around water tower.,Daily: 9:00 AM - 10:00 PM,,KSA_Curated_Supplement,2026-05-19
POI_000656,Arar Cultural Center,Cultural Center,attraction,Arar,Northern Borders,30.977,41.036,4.1,420,Community arts.,Daily: 9:00 AM - 10:00 PM,,KSA_Curated_Supplement,2026-05-19
POI_000657,Rawdat Arar,Nature,nature,Arar,Northern Borders,30.96,41.02,4.2,280,Desert meadow picnic area.,Daily: 9:00 AM - 10:00 PM,,KSA_Curated_Supplement,2026-05-19
POI_000658,Unayzah Heritage Village,Heritage Village,attraction,Unayzah,Qassim,26.09,43.97,4.5,2800,Historic Qassim town.,Daily: 9:00 AM - 10:00 PM,,KSA_Curated_Supplement,2026-05-19
POI_000659,Unayzah Museum,Museum,attraction,Unayzah,Qassim,26.088,43.968,4.2,1100,Regional museum.,Daily: 9:00 AM - 10:00 PM,,KSA_Curated_Supplement,2026-05-19
POI_000660,Al Bassam House Unayzah,Heritage House,attraction,Unayzah,Qassim,26.092,43.972,4.4,900,Traditional house.,Daily: 9:00 AM - 10:00 PM,,KSA_Curated_Supplement,2026-05-19
POI_000661,Unayzah Park,Park,attraction,Unayzah,Qassim,26.091,43.971,4.1,750,Central park.,Daily: 9:00 AM - 10:00 PM,,KSA_Curated_Supplement,2026-05-19
POI_000662,Unayzah Dates Market,Market,attraction,Unayzah,Qassim,26.089,43.969,4.3,1400,Dates trading.,Daily: 9:00 AM - 10:00 PM,,KSA_Curated_Supplement,2026-05-19
POI_000663,Al Rajhi Mosque Unayzah,Mosque,attraction,Unayzah,Qassim,26.0905,43.9705,4.6,2000,Landmark mosque.,Daily: 9:00 AM - 10:00 PM,,KSA_Curated_Supplement,2026-05-19
POI_000664,Unayzah Corniche Lake,Lake,nature,Unayzah,Qassim,26.085,43.965,4.2,620,Lake recreation.,Daily: 9:00 AM - 10:00 PM,,KSA_Curated_Supplement,2026-05-19
POI_000665,Unayzah Sports Stadium,Stadium,sports,Unayzah,Qassim,26.087,43.967,4.0,1100,Sports venue.,Daily: 9:00 AM - 10:00 PM,,KSA_Curated_Supplement,2026-05-19
POI_000666,Al Ghada Mall Unayzah,Shopping Mall,shopping,Unayzah,Qassim,26.093,43.973,4.1,1800,Shopping mall.,Daily: 9:00 AM - 10:00 PM,,KSA_Curated_Supplement,2026-05-19
POI_000667,Unayzah Old Souq,Market,attraction,Unayzah,Qassim,26.0885,43.9685,4.2,850,Traditional market.,Daily: 9:00 AM - 10:00 PM,,KSA_Curated_Supplement,2026-05-19
POI_000668,Safwa Corniche,Waterfront,attraction,Safwa,Eastern Province,26.65,49.95,4.2,1100,Gulf waterfront.,Daily: 9:00 AM - 10:00 PM,,KSA_Curated_Supplement,2026-05-19
POI_000669,Safwa Fish Market,Market,attraction,Safwa,Eastern Province,26.652,49.952,4.1,800,Seafood market.,Daily: 9:00 AM - 10:00 PM,,KSA_Curated_Supplement,2026-05-19
POI_000670,Safwa Park,Park,attraction,Safwa,Eastern Province,26.648,49.948,4.0,450,Community park.,Daily: 9:00 AM - 10:00 PM,,KSA_Curated_Supplement,2026-05-19
POI_000671,Safwa Heritage House,Heritage House,attraction,Safwa,Eastern Province,26.651,49.951,4.2,320,Traditional house.,Daily: 9:00 AM - 10:00 PM,,KSA_Curated_Supplement,2026-05-19
POI_000672,Al Khaleej Mall Safwa,Shopping Mall,shopping,Safwa,Eastern Province,26.653,49.953,4.0,1200,Local mall.,Daily: 9:00 AM - 10:00 PM,,KSA_Curated_Supplement,2026-05-19
POI_000673,Safwa Beach,Beach,beach,Safwa,Eastern Province,26.655,49.955,4.3,900,Public beach.,Daily: 9:00 AM - 10:00 PM,,KSA_Curated_Supplement,2026-05-19
POI_000674,Safwa Cultural Center,Cultural Center,attraction,Safwa,Eastern Province,26.649,49.949,4.1,280,Community events.,Daily: 9:00 AM - 10:00 PM,,KSA_Curated_Supplement,2026-05-19
POI_000675,Safwa Sports Club,Sports,sports,Safwa,Eastern Province,26.647,49.947,4.0,350,Sports facilities.,Daily: 9:00 AM - 10:00 PM,,KSA_Curated_Supplement,2026-05-19
POI_000676,Safwa Date Farms,Farm,attraction,Safwa,Eastern Province,26.645,49.945,4.2,210,Date plantations.,Daily: 9:00 AM - 10:00 PM,,KSA_Curated_Supplement,2026-05-19
POI_000677,Safwa Marina,Marina,attraction,Safwa,Eastern Province,26.656,49.956,4.1,480,Small boat harbor.,Daily: 9:00 AM - 10:00 PM,,KSA_Curated_Supplement,2026-05-19
POI_000678,King Abdullah Economic City Beach,Beach,beach,King Abdullah Economic City,Makkah,22.4,39.08,4.5,6200,Red Sea beaches in KAEC.,Daily: 9:00 AM - 10:00 PM,,KSA_Curated_Supplement,2026-05-19
POI_000679,Bay La Sun Marina,Marina,attraction,King Abdullah Economic City,Makkah,22.405,39.085,4.4,4100,Marina and waterfront dining.,Daily: 9:00 AM - 10:00 PM,,KSA_Curated_Supplement,2026-05-19
POI_000680,KAEC Golf Course,Golf,sports,King Abdullah Economic City,Makkah,22.395,39.075,4.6,2800,Championship golf course.,Daily: 9:00 AM - 10:00 PM,,KSA_Curated_Supplement,2026-05-19
POI_000681,Juman Mall KAEC,Shopping Mall,shopping,King Abdullah Economic City,Makkah,22.402,39.082,4.3,3500,Retail and entertainment.,Daily: 9:00 AM - 10:00 PM,,KSA_Curated_Supplement,2026-05-19
POI_000682,KAEC Industrial Valley,Landmark,attraction,King Abdullah Economic City,Makkah,22.39,39.07,4.0,900,Economic zone landmark.,Daily: 9:00 AM - 10:00 PM,,KSA_Curated_Supplement,2026-05-19
POI_000683,Lagoon Park KAEC,Park,attraction,King Abdullah Economic City,Makkah,22.408,39.088,4.4,2100,Waterfront park and lagoon.,Daily: 9:00 AM - 10:00 PM,,KSA_Curated_Supplement,2026-05-19
POI_000684,KAEC Sports Stadium,Stadium,sports,King Abdullah Economic City,Makkah,22.392,39.078,4.2,1500,Community sports venue.,Daily: 9:00 AM - 10:00 PM,,KSA_Curated_Supplement,2026-05-19
POI_000685,Coral Reef KAEC,Marine Reserve,nature,King Abdullah Economic City,Makkah,22.41,39.09,4.7,1800,Snorkeling and diving.,Daily: 9:00 AM - 10:00 PM,,KSA_Curated_Supplement,2026-05-19
POI_000686,KAEC Heritage Trail,Trail,attraction,King Abdullah Economic City,Makkah,22.398,39.08,4.1,650,Coastal walking trail.,Daily: 9:00 AM - 10:00 PM,,KSA_Curated_Supplement,2026-05-19
POI_000687,Sunset Beach KAEC,Beach,beach,King Abdullah Economic City,Makkah,22.412,39.092,4.5,2400,Popular sunset viewpoint.,Daily: 9:00 AM - 10:00 PM,,KSA_Curated_Supplement,2026-05-19
