Route_ID,User_ID,Sequence,Total_Duration,Total_Cost,Weather,Traffic_Level,Crowd_Density,Event_Impact,Optimal_Route_Preference,Satisfaction_Score,Age,Gender,Nationality,Travel_Companions,Budget_Category,Preferred_Theme,Preferred_Transport,Number_of_Stops,Traffic_Level_Score,Crowd_Density_Score,Budget_Level_Score,Total_Duration_Normalized,Total_Cost_Normalized,Age_Normalized,Number_of_Stops_Normalized
1,23,42->32->48->20->29->9,466,1541,Sunny,Medium,Low,Festival,9->20->29->32->42->48,2,61,Other,USA,Family,Low,Relaxation,Taxi,6,1,0,0,0.7208333333333333,0.10947213149299337,0.826923076923077,0.75
2,124,7->44->43->50->30,151,3817,Rainy,High,High,Festival,7->30->43->44->50,4,18,Male,India,Group,High,Shopping,Bus,5,2,2,2,0.06458333333333333,0.3492782636181646,0.0,0.5
3,135,27->3->32->28->2->36->31,559,8087,Rainy,Low,High,None,2->3->27->28->31->32->36,4,68,Male,USA,Group,Medium,Shopping,Walk,7,0,2,1,0.9145833333333333,0.7991781687914866,0.9615384615384616,1.0
4,86,38->2->20->19->40->39->29,159,2218,Snowy,Medium,High,Festival,2->19->20->29->38->39->40,4,38,Female,USA,Friends,Low,Adventure,Car,7,1,2,0,0.08124999999999999,0.18080286587293223,0.3846153846153847,1.0
5,137,27->24->3,466,1388,Snowy,Low,Medium,Holiday,3->24->27,2,35,Female,China,Solo,High,Cultural,Car,3,0,1,2,0.7208333333333333,0.09335159624907807,0.326923076923077,0.0
6,153,29->23->40->16->49->37->14,556,5212,Sunny,Low,High,Festival,14->16->23->29->37->40->49,2,20,Female,USA,Group,Low,Shopping,Walk,7,0,2,0,0.9083333333333332,0.4962596143715099,0.03846153846153849,1.0
7,34,47->8->23,257,9545,Sunny,High,Medium,Holiday,8->23->47,2,29,Male,China,Friends,High,Shopping,Train,3,2,1,2,0.28541666666666665,0.9527973869982088,0.21153846153846156,0.0
8,198,6->15->21->28->3,438,2141,Cloudy,Medium,Low,Holiday,3->6->15->21->28,4,39,Female,Japan,Friends,High,Relaxation,Taxi,5,1,0,2,0.6625,0.17268991676324938,0.40384615384615385,0.5
9,160,48->45->44->9,219,5649,Rainy,High,Medium,Festival,9->44->45->48,2,43,Female,Germany,Friends,Low,Food,Taxi,4,2,1,0,0.20625,0.5423032346433463,0.48076923076923084,0.25
10,76,24->5->14,287,7179,Sunny,Low,High,None,5->14->24,3,66,Female,Japan,Solo,Low,Nature,Walk,3,0,2,0,0.34791666666666665,0.7035085870824992,0.9230769230769232,0.0
11,109,3->37->27->25->5->4,148,6451,Rainy,High,Low,Festival,3->4->5->25->27->37,4,40,Male,USA,Family,Low,Food,Car,6,2,0,0,0.05833333333333335,0.6268043409545886,0.42307692307692313,0.75
12,29,12->44->16->38->34->46,490,6580,Snowy,High,Medium,Holiday,12->16->34->38->44->46,3,40,Other,China,Friends,Medium,Cultural,Taxi,6,2,1,1,0.7708333333333333,0.6403961647876936,0.42307692307692313,0.75
13,168,23->31->21->42->35,155,1339,Sunny,High,Low,None,21->23->31->35->42,2,33,Male,Germany,Group,Low,Adventure,Walk,5,2,0,0,0.07291666666666669,0.08818881045200716,0.28846153846153855,0.5
14,130,16->22->37->5->13->30->6,582,7743,Cloudy,Low,High,Holiday,5->6->13->16->22->30->37,5,41,Other,India,Friends,Medium,Shopping,Train,7,0,2,1,0.9624999999999999,0.7629333052365399,0.4423076923076924,1.0
15,107,43->3->6->38->50->24,263,9695,Snowy,Medium,Low,None,3->6->24->38->43->50,4,39,Female,UK,Family,High,Food,Car,6,1,0,2,0.2979166666666666,0.9686018333157728,0.40384615384615385,0.75
16,174,1->48->47->44->22,246,5125,Snowy,Medium,Low,Festival,1->22->44->47->48,2,58,Other,China,Family,Low,Food,Bike,5,1,0,0,0.26249999999999996,0.48709303550732275,0.7692307692307693,0.5
17,14,48->8->45->11,559,2422,Cloudy,Low,Medium,Festival,8->11->45->48,5,35,Other,Japan,Group,Low,Shopping,Taxi,4,0,1,0,0.9145833333333333,0.2022969128648193,0.326923076923077,0.25
18,154,37->46->36->48->33->27->34,472,1833,Sunny,Medium,Medium,Holiday,27->33->34->36->37->46->48,4,42,Other,France,Solo,Medium,Adventure,Bus,7,1,1,1,0.7333333333333333,0.14023812032451796,0.46153846153846156,1.0
19,121,31->37->11,417,8897,Rainy,High,High,Holiday,11->31->37,2,28,Other,Germany,Family,Medium,Adventure,Car,3,2,2,1,0.61875,0.8845221789063323,0.1923076923076924,0.0
20,182,23->20->44->16->13,261,2009,Rainy,High,High,Holiday,13->16->20->23->44,2,69,Female,China,Family,Medium,Food,Train,5,2,2,1,0.29374999999999996,0.15878200400379305,0.980769230769231,0.5
21,51,15->11->47->1->2->34->14,342,5285,Sunny,High,Low,None,1->2->11->14->15->34->47,2,38,Female,China,Solo,Medium,Adventure,Taxi,7,2,0,1,0.4625,0.503951111579391,0.3846153846153847,1.0
22,117,48->16->31->10,369,6344,Snowy,Low,Medium,Holiday,10->16->31->48,4,26,Female,USA,Friends,Low,Food,Walk,4,0,1,0,0.51875,0.6155305025813929,0.15384615384615385,0.25
23,182,46->35->21,246,8719,Cloudy,High,Low,Festival,21->35->46,5,69,Female,China,Family,Medium,Food,Train,3,2,0,1,0.26249999999999996,0.8657675692761564,0.980769230769231,0.0
24,10,6->5->24,487,4526,Rainy,High,High,None,5->6->24,1,46,Male,India,Family,High,Food,Train,3,2,2,2,0.7645833333333334,0.4239806132125171,0.5384615384615385,0.0
25,195,5->9->22,283,9824,Cloudy,Medium,Low,Holiday,5->9->22,5,19,Other,France,Family,Medium,Cultural,Train,3,1,0,1,0.33958333333333335,0.982193657148878,0.019230769230769273,0.0
26,176,3->15->30->35,534,7467,Snowy,High,Low,None,3->15->30->35,1,31,Other,China,Group,High,Relaxation,Taxi,4,2,0,2,0.8625,0.7338531240122221,0.25,0.25
27,111,41->16->3->23->36->6,366,7482,Rainy,High,Medium,None,3->6->16->23->36->41,5,45,Female,Japan,Solo,Medium,Shopping,Car,6,2,1,1,0.5125,0.7354335686439785,0.5192307692307693,0.75
28,95,21->23->8,559,9510,Cloudy,High,Medium,Holiday,8->21->23,1,42,Male,Japan,Family,Medium,Food,Bike,3,2,1,1,0.9145833333333333,0.9491096828574438,0.46153846153846156,0.0
29,128,49->11->28->22->50,420,9269,Snowy,Medium,Medium,None,11->22->28->49->50,3,66,Male,UK,Family,Medium,Nature,Train,5,1,1,1,0.625,0.923717205773891,0.9230769230769232,0.5
30,195,11->41->20,548,4508,Sunny,High,Low,None,11->20->41,3,19,Other,France,Family,Medium,Cultural,Train,3,2,0,1,0.8916666666666666,0.4220840796544094,0.019230769230769273,0.0
31,154,9->13->43,396,3694,Cloudy,High,Low,Holiday,9->13->43,5,42,Other,France,Solo,Medium,Adventure,Bus,3,2,0,1,0.575,0.33631861763776205,0.46153846153846156,0.0
32,101,36->4->17->26->40->12->2,540,6292,Rainy,High,Low,None,2->4->12->17->26->36->40,5,44,Male,France,Group,High,Shopping,Walk,7,2,0,2,0.875,0.6100516278579707,0.5000000000000001,1.0
33,33,30->48->43->17->38,383,8670,Rainy,Medium,Medium,None,17->30->38->43->48,3,26,Male,USA,Friends,High,Food,Walk,5,1,1,2,0.5479166666666666,0.8606047834790854,0.15384615384615385,0.5
34,87,33->25->11->8->23->30,531,2713,Rainy,Low,High,Festival,8->11->23->25->30->33,1,31,Female,Japan,Friends,Low,Food,Bus,6,0,2,0,0.85625,0.23295753872089345,0.25,0.75
35,163,1->12->18->50->4,419,8074,Sunny,Medium,Low,Holiday,1->4->12->18->50,4,59,Female,India,Friends,Low,Food,Car,5,1,0,0,0.6229166666666667,0.7978084501106312,0.7884615384615384,0.5
36,144,46->12->8,428,5393,Sunny,High,High,Holiday,8->12->46,3,43,Male,Japan,Solo,High,Shopping,Walk,3,2,2,2,0.6416666666666666,0.5153303129280371,0.48076923076923084,0.0
37,159,40->5->37->49->21->34,223,1833,Rainy,Low,Medium,None,5->21->34->37->40->49,5,44,Female,UK,Group,Medium,Cultural,Bike,6,0,1,1,0.21458333333333335,0.14023812032451796,0.5000000000000001,0.75
38,143,23->13->17->19->15->25,600,2014,Cloudy,Low,Low,None,13->15->17->19->23->25,2,49,Male,France,Group,Medium,Nature,Car,6,0,0,1,1.0,0.1593088188810452,0.5961538461538463,0.75
39,157,34->41->40->42->23,392,2282,Rainy,Low,Low,None,23->34->40->41->42,1,52,Other,Japan,Group,Low,Food,Bus,5,0,0,0,0.5666666666666667,0.18754609630175956,0.6538461538461539,0.5
40,31,28->43->8->47->34->3,412,9373,Rainy,Low,Medium,Festival,3->8->28->34->43->47,1,61,Male,UK,Group,Low,Nature,Train,6,0,1,0,0.6083333333333333,0.9346749552207354,0.826923076923077,0.75
41,167,18->26->29->28->14->19,515,628,Snowy,Low,High,Festival,14->18->19->26->28->29,2,18,Other,China,Friends,Low,Nature,Car,6,0,2,0,0.8229166666666667,0.013275734906753767,0.0,0.75
42,78,44->45->18->23->21,342,572,Cloudy,Low,High,None,18->21->23->44->45,1,68,Male,Germany,Group,Medium,Relaxation,Train,5,0,2,1,0.4625,0.007375408281529869,0.9615384615384616,0.5
43,89,25->29->23,404,3962,Cloudy,Medium,Medium,None,23->25->29,4,45,Male,USA,Group,Medium,Shopping,Train,3,1,1,1,0.5916666666666667,0.3645558950584764,0.5192307692307693,0.0
44,17,33->2->10->21->5->11->44,289,7026,Rainy,High,Medium,None,2->5->10->11->21->33->44,1,57,Male,UK,Group,Medium,Shopping,Taxi,7,2,1,1,0.3520833333333333,0.6873880518385839,0.7500000000000001,1.0
45,39,2->10->47->8->21,258,3241,Snowy,Low,Low,Holiday,2->8->10->21->47,1,51,Female,India,Group,Low,Nature,Car,5,0,0,0,0.2875,0.2885891897587187,0.6346153846153847,0.5
46,170,18->45->17->34->29->50->37,231,7538,Rainy,High,Low,Holiday,17->18->29->34->37->45->50,2,31,Other,UK,Solo,Low,Adventure,Taxi,7,2,0,0,0.23125,0.7413338952692023,0.25,1.0
47,190,25->1->2->12->9,562,8488,Sunny,Low,Medium,Holiday,1->2->9->12->25,5,35,Other,Germany,Group,High,Nature,Bus,5,0,1,2,0.9208333333333334,0.8414287219471078,0.326923076923077,0.5
48,59,1->15->13->39->16->40->14,152,2061,Snowy,High,Low,Holiday,1->13->14->15->16->39->40,1,53,Male,France,Friends,Low,Shopping,Car,7,2,0,0,0.06666666666666665,0.16426087872721526,0.6730769230769232,1.0
49,69,19->41->10->2->21,483,3578,Snowy,Low,Low,Festival,2->10->19->21->41,4,56,Other,Japan,Family,Low,Nature,Car,5,0,0,0,0.7562500000000001,0.3240965124855125,0.730769230769231,0.5
50,70,8->12->49,497,8110,Cloudy,Medium,High,None,8->12->49,5,54,Other,USA,Friends,Medium,Shopping,Bike,3,1,2,1,0.7854166666666667,0.8016015172268465,0.6923076923076924,0.0
51,179,14->41->42->33->2,495,3052,Sunny,Low,Medium,None,2->14->33->41->42,5,59,Male,Germany,Solo,Medium,Food,Bike,5,0,1,1,0.78125,0.2686755873985881,0.7884615384615384,0.5
52,110,31->22->49->37->36->38->13,184,8119,Sunny,Medium,Low,None,13->22->31->36->37->38->49,4,45,Other,Germany,Friends,Low,Food,Car,7,1,0,0,0.1333333333333333,0.8025497840059003,0.5192307692307693,1.0
53,170,42->29->46->26->28,564,1067,Rainy,High,Medium,Holiday,26->28->29->42->46,1,31,Other,UK,Solo,Low,Adventure,Taxi,5,2,1,0,0.925,0.0595300811294911,0.25,0.5
54,51,47->15->46,290,2446,Cloudy,Medium,High,Holiday,15->46->47,4,38,Female,China,Solo,Medium,Adventure,Taxi,3,1,2,1,0.35416666666666663,0.20482562427562953,0.3846153846153847,0.0
55,197,30->13->33->24,410,3565,Cloudy,Low,High,Festival,13->24->30->33,5,23,Male,India,Group,High,Food,Walk,4,0,2,2,0.6041666666666666,0.3227267938046571,0.0961538461538462,0.25
56,50,33->12->8->45->9->27->7,559,6052,Sunny,Medium,High,None,7->8->9->12->27->33->45,2,66,Male,USA,Solo,High,Food,Train,7,1,2,2,0.9145833333333333,0.5847645137498683,0.9230769230769232,1.0
57,5,40->44->19->28->3->29,133,8002,Sunny,High,Medium,Holiday,3->19->28->29->40->44,2,65,Other,Japan,Solo,Low,Cultural,Train,6,2,1,0,0.027083333333333348,0.7902223158782004,0.9038461538461539,0.75
58,180,49->12->27->11,375,1978,Snowy,Medium,High,Holiday,11->12->27->49,2,38,Female,France,Solo,Low,Relaxation,Train,4,1,2,0,0.53125,0.15551575176482982,0.3846153846153847,0.25
59,4,37->15->7->18->11->2->35,525,4523,Sunny,High,Low,Festival,2->7->11->15->18->35->37,3,31,Female,Germany,Family,Medium,Shopping,Car,7,2,0,1,0.84375,0.42366452428616586,0.25,1.0
60,42,47->25->21->10->42->17,206,1455,Sunny,Low,Medium,Holiday,10->17->21->25->42->47,5,23,Female,UK,Family,Medium,Adventure,Bus,6,0,1,1,0.17916666666666664,0.10041091560425666,0.0961538461538462,0.75
61,156,20->43->48->7->26,386,6379,Snowy,Low,Low,Holiday,7->20->26->43->48,4,34,Other,India,Group,Medium,Nature,Bus,5,0,0,1,0.5541666666666667,0.6192182067221579,0.3076923076923077,0.5
62,12,1->20->47->32->8->41->46,598,6051,Cloudy,Low,Medium,Holiday,1->8->20->32->41->46->47,5,47,Female,UK,Solo,High,Cultural,Train,7,0,1,2,0.9958333333333333,0.5846591507744179,0.5576923076923077,1.0
63,114,14->41->39->47->17,299,5406,Rainy,Medium,Medium,Festival,14->17->39->41->47,4,19,Female,China,Family,High,Cultural,Taxi,5,1,1,2,0.3729166666666667,0.5167000316088927,0.019230769230769273,0.5
64,104,47->23->13,453,3096,Rainy,Low,High,Holiday,13->23->47,5,51,Male,India,Group,Medium,Shopping,Bus,3,0,2,1,0.69375,0.2733115583184069,0.6346153846153847,0.0
65,19,45->32->10,379,3070,Snowy,Medium,Medium,None,10->32->45,3,32,Male,UK,Family,High,Nature,Train,3,1,1,2,0.5395833333333333,0.2705721209566958,0.2692307692307693,0.0
66,146,5->40->4->15->17->2,480,1247,Sunny,Low,Low,Holiday,2->4->5->15->17->40,4,21,Female,USA,Solo,Medium,Food,Bus,6,0,0,1,0.75,0.0784954167105679,0.05769230769230771,0.75
67,132,32->22->35->20->1,478,6925,Snowy,Medium,Medium,None,1->20->22->32->35,1,29,Female,Japan,Family,Medium,Relaxation,Train,5,1,1,1,0.7458333333333333,0.6767463913180908,0.21153846153846156,0.5
68,79,5->33->30,123,1583,Rainy,Low,Low,Festival,5->30->33,3,20,Male,France,Friends,Low,Adventure,Taxi,3,0,0,0,0.006249999999999978,0.11389737646191128,0.03846153846153849,0.0
69,192,29->21->47,352,8258,Rainy,High,High,None,21->29->47,4,47,Female,India,Family,Medium,Shopping,Car,3,2,2,1,0.4833333333333333,0.8171952375935096,0.5576923076923077,0.0
70,16,6->13->15->22,258,5285,Sunny,Low,High,Festival,6->13->15->22,2,32,Male,USA,Friends,Low,Relaxation,Walk,4,0,2,0,0.2875,0.503951111579391,0.2692307692307693,0.25
71,48,42->39->29->7->31,164,7130,Rainy,Medium,High,Festival,7->29->31->39->42,2,25,Male,Germany,Solo,Low,Cultural,Bus,5,1,2,0,0.09166666666666667,0.6983458012854283,0.13461538461538464,0.5
72,106,32->48->1->27->23->11->20,255,7414,Cloudy,Low,Low,Festival,1->11->20->23->27->32->48,2,52,Female,India,Group,Low,Adventure,Car,7,0,0,0,0.28125,0.7282688863133495,0.6538461538461539,1.0
73,116,17->12->7->14->48->4,234,5415,Snowy,Low,High,Festival,4->7->12->14->17->48,2,54,Male,France,Solo,Medium,Relaxation,Car,6,0,2,1,0.2375,0.5176482983879465,0.6923076923076924,0.75
74,88,4->3->41->38->1,210,2479,Snowy,High,Medium,Holiday,1->3->4->38->41,2,33,Other,Germany,Group,Medium,Nature,Bike,5,2,1,1,0.1875,0.20830260246549362,0.28846153846153855,0.5
75,50,9->34->18->10->7->22->23,438,4836,Sunny,Medium,High,Holiday,7->9->10->18->22->23->34,3,66,Male,USA,Solo,High,Food,Train,7,1,2,2,0.6625,0.4566431356021494,0.9230769230769232,1.0
76,128,30->25->9->23->32,440,3830,Sunny,Low,Low,Holiday,9->23->25->30->32,5,66,Male,UK,Family,Medium,Nature,Train,5,0,0,1,0.6666666666666666,0.35064798229902006,0.9230769230769232,0.5
77,195,18->22->10,506,6400,Rainy,Low,Medium,None,10->18->22,3,19,Other,France,Family,Medium,Cultural,Train,3,0,1,1,0.8041666666666667,0.6214308292066167,0.019230769230769273,0.0
78,99,7->18->34,328,8652,Snowy,High,Medium,Festival,7->18->34,3,35,Other,Japan,Group,High,Food,Taxi,3,2,1,2,0.43333333333333335,0.8587082499209777,0.326923076923077,0.0
79,195,26->4->15->24,326,9940,Rainy,Medium,High,None,4->15->24->26,2,19,Other,France,Family,Medium,Cultural,Train,4,1,2,1,0.4291666666666667,0.9944157623011273,0.019230769230769273,0.25
80,116,38->50->32->17,501,7192,Rainy,Low,High,Festival,17->32->38->50,3,54,Male,France,Solo,Medium,Relaxation,Car,4,0,2,1,0.79375,0.7048783057633548,0.6923076923076924,0.25
81,196,32->26->9->7->48->2->40,192,8731,Cloudy,Low,Medium,None,2->7->9->26->32->40->48,2,32,Other,USA,Group,Low,Nature,Car,7,0,1,0,0.15000000000000002,0.8670319249815615,0.2692307692307693,1.0
82,185,10->43->13,347,5638,Snowy,High,Low,Festival,10->13->43,5,19,Female,UK,Friends,High,Relaxation,Taxi,3,2,0,2,0.47291666666666665,0.5411442419133916,0.019230769230769273,0.0
83,194,2->42->25->23->44->8->4,383,9592,Snowy,Medium,Medium,Holiday,2->4->8->23->25->42->44,4,50,Male,Japan,Family,Medium,Shopping,Walk,7,1,1,1,0.5479166666666666,0.9577494468443789,0.6153846153846154,1.0
84,160,50->41->47->49->31,595,4222,Snowy,Medium,High,Festival,31->41->47->49->50,2,43,Female,Germany,Friends,Low,Food,Taxi,5,1,2,0,0.9895833333333333,0.39195026867558735,0.48076923076923084,0.5
85,161,41->19->29->3->40,372,4163,Cloudy,High,Medium,Festival,3->19->29->40->41,3,25,Male,China,Solo,Medium,Shopping,Car,5,2,1,1,0.525,0.3857338531240122,0.13461538461538464,0.5
86,21,25->26->46->27,320,2255,Rainy,High,Medium,None,25->26->27->46,3,32,Male,Japan,Friends,Low,Nature,Bus,4,2,1,0,0.41666666666666663,0.18470129596459803,0.2692307692307693,0.25
87,110,20->3->48->33,139,9597,Sunny,Low,Medium,None,3->20->33->48,3,45,Other,Germany,Friends,Low,Food,Car,4,0,1,0,0.039583333333333304,0.958276261721631,0.5192307692307693,0.25
88,136,12->10->25->31,244,5358,Cloudy,High,Medium,Festival,10->12->25->31,3,62,Male,Germany,Family,High,Relaxation,Bike,4,2,1,2,0.2583333333333333,0.5116426087872722,0.8461538461538461,0.25
89,65,10->31->17->12->29,445,6437,Sunny,Medium,Medium,Festival,10->12->17->29->31,2,40,Male,USA,Solo,Low,Relaxation,Taxi,5,1,1,0,0.6770833333333334,0.6253292592982825,0.42307692307692313,0.5
90,6,37->35->26,423,6050,Cloudy,High,Medium,Holiday,26->35->37,2,36,Female,UK,Group,Low,Adventure,Bus,3,2,1,0,0.63125,0.5845537877989675,0.34615384615384615,0.0
91,166,21->15->6->30->43,399,8167,Sunny,High,Low,None,6->15->21->30->43,2,44,Male,Germany,Solo,Medium,Relaxation,Train,5,2,0,1,0.5812499999999999,0.8076072068275209,0.5000000000000001,0.5
92,32,23->41->44->10->8->12->40,419,4527,Snowy,Low,Medium,Festival,8->10->12->23->40->41->44,5,59,Male,Germany,Solo,Medium,Relaxation,Bus,7,0,1,1,0.6229166666666667,0.4240859761879675,0.7884615384615384,1.0
93,11,42->11->45->48,428,1951,Snowy,Low,Medium,None,11->42->45->48,2,19,Female,UK,Friends,Medium,Food,Taxi,4,0,1,1,0.6416666666666666,0.15267095142766832,0.019230769230769273,0.25
94,19,16->28->46->35->25->19,178,1429,Snowy,High,High,Holiday,16->19->25->28->35->46,5,32,Male,UK,Family,High,Nature,Train,6,2,2,2,0.12083333333333335,0.09767147824254557,0.2692307692307693,0.75
95,107,36->34->10->19->26->5->47,134,7616,Cloudy,Medium,High,Festival,5->10->19->26->34->36->47,4,39,Female,UK,Family,High,Food,Car,7,1,2,2,0.029166666666666674,0.7495522073543357,0.40384615384615385,1.0
96,93,38->27->49->50->33->37->40,174,5383,Cloudy,Low,Medium,Holiday,27->33->37->38->40->49->50,3,43,Female,Japan,Solo,High,Food,Bike,7,0,1,2,0.11249999999999999,0.5142766831735328,0.48076923076923084,1.0
97,70,47->43->26->24->17->21,259,4224,Sunny,Low,Low,Holiday,17->21->24->26->43->47,2,54,Other,USA,Friends,Medium,Shopping,Bike,6,0,0,1,0.2895833333333333,0.39216099462648824,0.6923076923076924,0.75
98,51,29->7->46->22->24->5->42,213,3718,Rainy,High,Medium,Festival,5->7->22->24->29->42->46,5,38,Female,China,Solo,Medium,Adventure,Taxi,7,2,1,1,0.19374999999999998,0.3388473290485723,0.3846153846153847,1.0
99,80,28->2->41->8->25->13,506,4419,Sunny,Medium,High,None,2->8->13->25->28->41,1,67,Male,UK,Family,Medium,Food,Walk,6,1,2,1,0.8041666666666667,0.4127067748393215,0.9423076923076924,0.75
100,163,29->2->13->22->4->5->37,480,1238,Sunny,Low,Medium,Festival,2->4->5->13->22->29->37,5,59,Female,India,Friends,Low,Food,Car,7,0,1,0,0.75,0.07754714993151407,0.7884615384615384,1.0
101,129,42->48->2->40->8->34->30,514,6771,Snowy,High,Low,None,2->8->30->34->40->42->48,1,56,Other,Germany,Family,High,Food,Car,7,2,0,2,0.8208333333333333,0.6605204930987251,0.730769230769231,1.0
102,30,35->43->29->41,262,7482,Cloudy,Medium,Low,Festival,29->35->41->43,5,25,Male,India,Solo,Low,Shopping,Train,4,1,0,0,0.2958333333333333,0.7354335686439785,0.13461538461538464,0.25
103,6,10->22->41,585,8198,Snowy,High,Low,Festival,10->22->41,4,36,Female,UK,Group,Low,Adventure,Bus,3,2,0,0,0.96875,0.810873459066484,0.34615384615384615,0.0
104,26,47->13->42->26,520,1663,Sunny,Low,Medium,None,13->26->42->47,1,57,Other,China,Family,High,Nature,Bus,4,0,1,2,0.8333333333333333,0.1223264144979454,0.7500000000000001,0.25
105,139,46->48->45->32->42->10->36,204,7266,Sunny,Low,Low,Holiday,10->32->36->42->45->46->48,5,67,Female,India,Solo,High,Relaxation,Train,7,0,0,2,0.175,0.7126751659466863,0.9423076923076924,1.0
106,121,48->28->6->15->22->19->35,516,3535,Snowy,Low,High,None,6->15->19->22->28->35->48,3,28,Other,Germany,Family,Medium,Adventure,Car,7,0,2,1,0.825,0.3195659045411442,0.1923076923076924,1.0
107,8,46->30->14->47->40->15,361,2886,Sunny,Medium,Medium,None,14->15->30->40->46->47,3,24,Female,USA,Family,Low,Adventure,Walk,6,1,1,0,0.5020833333333333,0.25118533347381733,0.11538461538461542,0.75
108,30,30->15->18->2->46->26,387,1475,Rainy,Low,High,None,2->15->18->26->30->46,5,25,Male,India,Solo,Low,Shopping,Train,6,0,2,0,0.55625,0.10251817511326519,0.13461538461538464,0.75
109,26,50->45->41->21->39->18,199,9987,Rainy,High,Low,Holiday,18->21->39->41->45->50,2,57,Other,China,Family,High,Nature,Bus,6,2,0,2,0.1645833333333333,0.9993678221472974,0.7500000000000001,0.75
110,167,44->13->29->32->7,377,5215,Rainy,Low,Medium,Holiday,7->13->29->32->44,3,18,Other,China,Friends,Low,Nature,Car,5,0,1,0,0.5354166666666667,0.49657570329786116,0.0,0.5
111,164,18->10->4->36->17->49->32,298,2965,Snowy,High,High,Holiday,4->10->17->18->32->36->49,1,66,Female,China,Family,Medium,Relaxation,Car,7,2,2,1,0.37083333333333335,0.25950900853440095,0.9230769230769232,1.0
112,147,48->28->50->21->6->4,243,6775,Snowy,High,Low,None,4->6->21->28->48->50,5,19,Other,Japan,Friends,High,Nature,Walk,6,2,0,2,0.25625,0.6609419450005268,0.019230769230769273,0.75
113,58,48->32->6->28,339,1908,Sunny,High,Low,Festival,6->28->32->48,3,60,Male,France,Solo,High,Relaxation,Bus,4,2,0,2,0.45625000000000004,0.14814034348329996,0.8076923076923078,0.25
114,98,48->46->39,428,1128,Sunny,Low,Low,Festival,39->46->48,5,26,Other,China,Friends,Low,Nature,Car,3,0,0,0,0.6416666666666666,0.06595722263196713,0.15384615384615385,0.0
115,120,18->36->25->32,589,551,Snowy,High,Medium,None,18->25->32->36,2,55,Other,Germany,Friends,High,Relaxation,Bus,4,2,1,2,0.9770833333333333,0.005162785797070905,0.7115384615384616,0.25
116,154,12->36->9,480,1413,Sunny,Low,High,Festival,9->12->36,1,42,Other,France,Solo,Medium,Adventure,Bus,3,0,2,1,0.75,0.09598567063533875,0.46153846153846156,0.0
117,101,26->38->49,559,875,Rainy,High,Low,Holiday,26->38->49,3,44,Male,France,Group,High,Shopping,Walk,3,2,0,2,0.9145833333333333,0.03930038984300917,0.5000000000000001,0.0
118,104,34->7->38->23->32->39,482,5576,Rainy,High,High,Holiday,7->23->32->34->38->39,2,51,Male,India,Group,Medium,Shopping,Bus,6,2,2,1,0.7541666666666667,0.5346117374354652,0.6346153846153847,0.75
119,56,47->28->10->31->14->19,264,6998,Snowy,Low,High,None,10->14->19->28->31->47,2,34,Male,USA,Solo,Medium,Adventure,Taxi,6,0,2,1,0.30000000000000004,0.684437888525972,0.3076923076923077,0.75
120,85,14->20->27->24->2->34->40,198,9191,Snowy,Medium,High,None,2->14->20->24->27->34->40,3,47,Male,India,Friends,Medium,Food,Car,7,1,2,1,0.16249999999999998,0.9154988936887578,0.5576923076923077,1.0
121,85,23->4->22->37->39,488,8123,Snowy,Low,Medium,Festival,4->22->23->37->39,5,47,Male,India,Friends,Medium,Food,Car,5,0,1,1,0.7666666666666666,0.802971235907702,0.5576923076923077,0.5
122,185,41->37->18->4,382,2312,Rainy,High,Medium,Festival,4->18->37->41,4,19,Female,UK,Friends,High,Relaxation,Taxi,4,2,1,2,0.5458333333333333,0.19070698556527235,0.019230769230769273,0.25
123,188,8->39->42,256,8227,Snowy,Medium,Medium,Holiday,8->39->42,1,20,Other,India,Group,Medium,Nature,Train,3,1,1,1,0.2833333333333333,0.8139289853545464,0.03846153846153849,0.0
124,73,45->8->35->29,150,2100,Snowy,Low,High,Festival,8->29->35->45,1,41,Female,UK,Friends,High,Nature,Taxi,4,0,2,2,0.0625,0.16837003476978188,0.4423076923076924,0.25
125,126,13->21->24->22->32->45->49,350,9851,Rainy,High,Medium,Holiday,13->21->22->24->32->45->49,5,32,Male,Germany,Friends,Medium,Nature,Taxi,7,2,1,1,0.47916666666666663,0.9850384574860395,0.2692307692307693,1.0
126,3,38->8->47,493,5417,Rainy,High,High,Holiday,8->38->47,3,19,Other,USA,Friends,High,Adventure,Taxi,3,2,2,2,0.7770833333333333,0.5178590243388473,0.019230769230769273,0.0
127,20,40->47->2,152,7465,Snowy,Medium,Low,Holiday,2->40->47,1,57,Male,China,Solo,High,Food,Walk,3,1,0,2,0.06666666666666665,0.7336423980613213,0.7500000000000001,0.0
128,71,15->42->8->36->34->50,181,1626,Snowy,Low,Medium,None,8->15->34->36->42->50,2,41,Female,France,Family,High,Relaxation,Bus,6,0,1,2,0.12708333333333333,0.11842798440627963,0.4423076923076924,0.75
129,108,5->47->23->50->21,358,972,Sunny,High,Low,None,5->21->23->47->50,5,31,Other,USA,Friends,Low,Food,Walk,5,2,0,0,0.49583333333333335,0.04952059846170055,0.25,0.5
130,56,12->28->30->5->31,249,9515,Sunny,High,High,Festival,5->12->28->30->31,2,34,Male,USA,Solo,Medium,Adventure,Taxi,5,2,2,1,0.26875000000000004,0.9496364977346959,0.3076923076923077,0.5
131,133,37->43->2,440,3837,Cloudy,Low,Medium,None,2->37->43,1,69,Male,USA,Group,Medium,Shopping,Train,3,0,1,1,0.6666666666666666,0.3513855231271731,0.980769230769231,0.0
132,182,1->21->25->9->41,419,2763,Snowy,High,Low,None,1->9->21->25->41,1,69,Female,China,Family,Medium,Food,Train,5,2,0,1,0.6229166666666667,0.2382256874934148,0.980769230769231,0.5
133,168,4->41->24->21->10->14->30,407,5812,Cloudy,Low,High,Festival,4->10->14->21->24->30->41,4,33,Male,Germany,Group,Low,Adventure,Walk,7,0,2,0,0.5979166666666667,0.5594773996417659,0.28846153846153855,1.0
134,64,32->36->42->26->21->40,451,3817,Snowy,High,High,None,21->26->32->36->40->42,4,25,Female,China,Group,Low,Nature,Bus,6,2,2,0,0.6895833333333333,0.3492782636181646,0.13461538461538464,0.75
135,169,49->18->43,564,4809,Snowy,High,Medium,Holiday,18->43->49,3,45,Other,France,Friends,High,Adventure,Taxi,3,2,1,2,0.925,0.4537983352649879,0.5192307692307693,0.0
136,114,48->16->37,441,5113,Sunny,High,Medium,None,16->37->48,3,19,Female,China,Family,High,Cultural,Taxi,3,2,1,2,0.66875,0.4858286798019176,0.019230769230769273,0.0
137,143,46->15->32->14->3->27,399,593,Cloudy,Low,Low,None,3->14->15->27->32->46,2,49,Male,France,Group,Medium,Nature,Car,6,0,0,1,0.5812499999999999,0.009588030765988832,0.5961538461538463,0.75
138,176,33->45->29->10->49->24->4,587,9683,Sunny,High,Medium,Festival,4->10->24->29->33->45->49,1,31,Other,China,Group,High,Relaxation,Taxi,7,2,1,2,0.9729166666666667,0.9673374776103677,0.25,1.0
139,64,34->36->1->35->43,151,2948,Rainy,Low,High,Holiday,1->34->35->36->43,5,25,Female,China,Group,Low,Nature,Bus,5,0,2,0,0.06458333333333333,0.25771783795174374,0.13461538461538464,0.5
140,199,12->11->43->24->32->35,138,4143,Snowy,Medium,Medium,Festival,11->12->24->32->35->43,2,64,Other,France,Family,Low,Adventure,Train,6,1,1,0,0.03749999999999998,0.3836265936150036,0.8846153846153847,0.75
141,113,22->25->47->33->16,336,1458,Cloudy,Low,Low,None,16->22->25->33->47,2,25,Female,Japan,Family,High,Food,Bus,5,0,0,2,0.44999999999999996,0.10072700453060793,0.13461538461538464,0.5
142,78,34->48->9->17->23,466,4794,Cloudy,Medium,High,Festival,9->17->23->34->48,5,68,Male,Germany,Group,Medium,Relaxation,Train,5,1,2,1,0.7208333333333333,0.4522178906332315,0.9615384615384616,0.5
143,34,35->24->5->26->47->4,596,838,Cloudy,Medium,Low,Festival,4->5->24->26->35->47,5,29,Male,China,Friends,High,Shopping,Train,6,1,0,2,0.9916666666666667,0.03540195975134337,0.21153846153846156,0.75
144,180,9->6->32,139,8017,Cloudy,Medium,High,Festival,6->9->32,2,38,Female,France,Solo,Low,Relaxation,Train,3,1,2,0,0.039583333333333304,0.7918027605099568,0.3846153846153847,0.0
145,190,37->19->31->20->5->9,473,5538,Snowy,Medium,Medium,Holiday,5->9->19->20->31->37,4,35,Other,Germany,Group,High,Nature,Bus,6,1,1,2,0.7354166666666666,0.530607944368349,0.326923076923077,0.75
146,42,5->25->32,523,3145,Sunny,Low,Medium,Festival,5->25->32,2,23,Female,UK,Family,Medium,Adventure,Bus,3,0,1,1,0.8395833333333333,0.2784743441154778,0.0961538461538462,0.0
147,165,17->3->36->28->34->23,161,9728,Sunny,High,High,Holiday,3->17->23->28->34->36,3,68,Male,UK,Friends,Medium,Nature,Walk,6,2,2,1,0.08541666666666664,0.972078811505637,0.9615384615384616,0.75
148,5,24->19->38->9->25,396,8262,Snowy,High,High,Holiday,9->19->24->25->38,1,65,Other,Japan,Solo,Low,Cultural,Train,5,2,2,0,0.575,0.8176166894953113,0.9038461538461539,0.5
149,178,1->20->47->5->16,461,3400,Cloudy,High,Low,Holiday,1->5->16->20->47,2,25,Male,Japan,Friends,Low,Food,Walk,5,2,0,0,0.7104166666666667,0.3053419028553366,0.13461538461538464,0.5
150,121,45->21->14,239,5758,Rainy,High,Medium,None,14->21->45,1,28,Other,Germany,Family,Medium,Adventure,Car,3,2,1,1,0.24791666666666667,0.5537877989674428,0.1923076923076924,0.0
151,167,41->5->3->45->16,154,2964,Cloudy,Medium,Medium,Festival,3->5->16->41->45,3,18,Other,China,Friends,Low,Nature,Car,5,1,1,0,0.0708333333333333,0.25940364555895057,0.0,0.5
152,115,38->31->32->33->3->42->43,309,5836,Rainy,Low,Medium,Holiday,3->31->32->33->38->42->43,1,50,Male,France,Family,High,Shopping,Train,7,0,1,2,0.39375000000000004,0.5620061110525761,0.6153846153846154,1.0
153,12,12->46->2->18->50,257,2637,Cloudy,Low,High,Festival,2->12->18->46->50,4,47,Female,UK,Solo,High,Cultural,Train,5,0,2,2,0.28541666666666665,0.22494995258666103,0.5576923076923077,0.5
154,56,7->31->32->35->10,324,5660,Sunny,Low,Low,Festival,7->10->31->32->35,5,34,Male,USA,Solo,Medium,Adventure,Taxi,5,0,0,1,0.42500000000000004,0.5434622273733011,0.3076923076923077,0.5
155,27,47->43->12,194,5512,Sunny,Low,High,Holiday,12->43->47,2,60,Female,USA,Friends,Medium,Cultural,Bike,3,0,2,1,0.15416666666666667,0.5278685070066379,0.8076923076923078,0.0
156,99,47->48->5->24->2->1,237,1188,Snowy,High,High,None,1->2->5->24->47->48,4,35,Other,Japan,Group,High,Food,Taxi,6,2,2,2,0.24374999999999997,0.07227900115899272,0.326923076923077,0.75
157,191,30->18->3->44,521,7716,Cloudy,Low,Medium,Holiday,3->18->30->44,5,51,Male,Germany,Friends,High,Food,Train,4,0,1,2,0.8354166666666667,0.7600885048993784,0.6346153846153847,0.25
158,166,12->34->4->27->39->49,176,8008,Cloudy,Low,Medium,None,4->12->27->34->39->49,1,44,Male,Germany,Solo,Medium,Relaxation,Train,6,0,1,1,0.11666666666666664,0.790854493730903,0.5000000000000001,0.75
159,107,6->47->33->46->39,597,3353,Cloudy,Medium,Medium,Festival,6->33->39->46->47,4,39,Female,UK,Family,High,Food,Car,5,1,1,2,0.9937499999999999,0.3003898430091666,0.40384615384615385,0.5
160,103,31->3->43->21->27->10->22,420,9475,Cloudy,Low,Medium,None,3->10->21->22->27->31->43,4,47,Female,USA,Family,Low,Shopping,Walk,7,0,1,0,0.625,0.945421978716679,0.5576923076923077,1.0
161,157,49->45->42,254,8114,Rainy,Medium,Low,Festival,42->45->49,4,52,Other,Japan,Group,Low,Food,Bus,3,1,0,0,0.2791666666666667,0.8020229691286482,0.6538461538461539,0.0
162,41,33->14->48,457,6855,Rainy,High,Medium,None,14->33->48,4,29,Female,Germany,Friends,High,Shopping,Train,3,2,1,2,0.7020833333333333,0.669370983036561,0.21153846153846156,0.0
163,91,35->9->12->26->1->34,203,1005,Rainy,Medium,Medium,Holiday,1->9->12->26->34->35,5,40,Female,India,Family,Low,Food,Bike,6,1,1,0,0.17291666666666666,0.05299757665156464,0.42307692307692313,0.75
164,87,28->11->36,430,2296,Snowy,Medium,High,None,11->28->36,1,31,Female,Japan,Friends,Low,Food,Bus,3,1,2,0,0.6458333333333334,0.18902117795806553,0.25,0.0
165,126,48->46->3,549,3342,Cloudy,High,High,Holiday,3->46->48,3,32,Male,Germany,Friends,Medium,Nature,Taxi,3,2,2,1,0.89375,0.2992308502792119,0.2692307692307693,0.0
166,158,15->43->1->32->41,137,7890,Cloudy,High,High,None,1->15->32->41->43,4,40,Other,India,Group,Medium,Adventure,Train,5,2,2,1,0.03541666666666665,0.7784216626277526,0.42307692307692313,0.5
167,178,38->34->25->22,188,1561,Rainy,High,Medium,Holiday,22->25->34->38,5,25,Male,Japan,Friends,Low,Food,Walk,4,2,1,0,0.14166666666666666,0.1115793910020019,0.13461538461538464,0.25
168,123,10->11->31->13->27,467,5117,Rainy,Medium,Medium,Holiday,10->11->13->27->31,4,25,Other,Germany,Solo,Low,Nature,Bike,5,1,1,0,0.7229166666666667,0.48625013170371933,0.13461538461538464,0.5
169,179,21->34->28->4->3->11->37,560,3383,Cloudy,High,High,Festival,3->4->11->21->28->34->37,1,59,Male,Germany,Solo,Medium,Food,Bike,7,2,2,1,0.9166666666666667,0.30355073227267937,0.7884615384615384,1.0
170,16,23->25->24->32,365,1396,Rainy,Medium,Low,None,23->24->25->32,5,32,Male,USA,Friends,Low,Relaxation,Walk,4,1,0,0,0.5104166666666666,0.09419450005268148,0.2692307692307693,0.25
171,124,39->21->7->26->46->31,311,3978,Rainy,High,Medium,Festival,7->21->26->31->39->46,1,18,Male,India,Group,High,Shopping,Bus,6,2,1,2,0.3979166666666667,0.36624170266568323,0.0,0.75
172,111,27->39->44->4->6->31,237,9772,Snowy,High,High,Holiday,4->6->27->31->39->44,3,45,Female,Japan,Solo,Medium,Shopping,Car,6,2,2,1,0.24374999999999997,0.9767147824254557,0.5192307692307693,0.75
173,55,40->23->44->48->30->19,143,1447,Cloudy,Low,Low,Festival,19->23->30->40->44->48,1,55,Male,Germany,Family,Medium,Nature,Bus,6,0,0,1,0.04791666666666666,0.09956801180065325,0.7115384615384616,0.75
174,60,45->20->16->31->48,482,1026,Snowy,Medium,High,Holiday,16->20->31->45->48,5,25,Male,China,Solo,High,Cultural,Train,5,1,2,2,0.7541666666666667,0.0552101991360236,0.13461538461538464,0.5
175,198,4->36->11->29,143,4961,Snowy,High,High,Festival,4->11->29->36,4,39,Female,Japan,Friends,High,Relaxation,Taxi,4,2,2,2,0.04791666666666666,0.46981350753345275,0.40384615384615385,0.25
176,55,42->49->2,330,2874,Rainy,Low,Medium,Festival,2->42->49,4,55,Male,Germany,Family,Medium,Nature,Bus,3,0,1,1,0.4375,0.24992097776841218,0.7115384615384616,0.0
177,48,35->19->37,415,8166,Cloudy,High,Medium,None,19->35->37,4,25,Male,Germany,Solo,Low,Cultural,Bus,3,2,1,0,0.6145833333333334,0.8075018438520704,0.13461538461538464,0.0
178,12,28->42->20->4->15->25,152,7689,Snowy,Medium,High,Holiday,4->15->20->25->28->42,4,47,Female,UK,Solo,High,Cultural,Train,6,1,2,2,0.06666666666666665,0.7572437045622168,0.5576923076923077,0.75
179,117,5->32->40,418,9870,Rainy,High,High,Holiday,5->32->40,3,26,Female,USA,Friends,Low,Food,Walk,3,2,2,0,0.6208333333333333,0.9870403540195974,0.15384615384615385,0.0
180,129,25->47->44->45->42->29->17,286,2453,Cloudy,Low,Low,Holiday,17->25->29->42->44->45->47,3,56,Other,Germany,Family,High,Food,Car,7,0,0,2,0.3458333333333333,0.2055631651037825,0.730769230769231,1.0
181,8,39->27->24->20->50->22,466,3673,Rainy,High,Medium,Holiday,20->22->24->27->39->50,1,24,Female,USA,Family,Low,Adventure,Walk,6,2,1,0,0.7208333333333333,0.3341059951533031,0.11538461538461542,0.75
182,40,14->7->6->15,358,8035,Rainy,Low,Medium,None,6->7->14->15,3,28,Male,USA,Solo,Medium,Shopping,Bike,4,0,1,1,0.49583333333333335,0.7936992940680645,0.1923076923076924,0.25
183,146,27->31->11,192,6733,Cloudy,Low,Medium,None,11->27->31,5,21,Female,USA,Solo,Medium,Food,Bus,3,0,1,1,0.15000000000000002,0.6565167000316089,0.05769230769230771,0.0
184,89,48->17->21->43->39->37,227,4544,Rainy,Medium,Low,None,17->21->37->39->43->48,2,45,Male,USA,Group,Medium,Shopping,Train,6,1,0,1,0.22291666666666665,0.4258771467706248,0.5192307692307693,0.75
185,22,33->15->50->7->8,412,8828,Snowy,Low,Medium,Festival,7->8->15->33->50,1,65,Male,India,Friends,High,Adventure,Taxi,5,0,1,2,0.6083333333333333,0.8772521336002529,0.9038461538461539,0.5
186,30,27->7->19,517,7015,Snowy,Low,High,Festival,7->19->27,1,25,Male,India,Solo,Low,Shopping,Train,3,0,2,0,0.8270833333333334,0.6862290591086292,0.13461538461538464,0.0
187,5,4->30->5,193,4802,Sunny,Medium,High,Holiday,4->5->30,4,65,Other,Japan,Solo,Low,Cultural,Train,3,1,2,0,0.15208333333333335,0.4530607944368349,0.9038461538461539,0.0
188,181,17->26->25->21->6->3->38,339,1324,Sunny,Low,High,Holiday,3->6->17->21->25->26->38,1,69,Male,Germany,Friends,Low,Food,Taxi,7,0,2,0,0.45625000000000004,0.08660836582025075,0.980769230769231,1.0
189,38,23->6->2,536,813,Cloudy,High,Medium,Holiday,2->6->23,3,49,Male,France,Friends,Low,Food,Train,3,2,1,0,0.8666666666666667,0.03276788536508271,0.5961538461538463,0.0
190,74,48->50->35,599,8723,Rainy,High,Low,Festival,35->48->50,5,26,Female,France,Solo,Low,Food,Taxi,3,2,0,0,0.9979166666666666,0.866189021177958,0.15384615384615385,0.0
191,102,39->9->24->4->15,310,7618,Rainy,High,High,Festival,4->9->15->24->39,2,54,Female,China,Group,High,Adventure,Bus,5,2,2,2,0.39583333333333337,0.7497629333052366,0.6923076923076924,0.5
192,169,40->22->38,594,4367,Sunny,Medium,Low,Holiday,22->38->40,5,45,Other,France,Friends,High,Adventure,Taxi,3,1,0,2,0.9875,0.40722790011589927,0.5192307692307693,0.0
193,84,29->25->21->30->39->49->36,421,6531,Sunny,High,High,Holiday,21->25->29->30->36->39->49,2,61,Male,UK,Friends,High,Food,Walk,7,2,2,2,0.6270833333333333,0.6352333789906227,0.826923076923077,1.0
194,96,12->32->41->7->27,251,6392,Snowy,High,Medium,None,7->12->27->32->41,2,29,Other,India,Friends,Medium,Relaxation,Train,5,2,1,1,0.2729166666666667,0.6205879254030133,0.21153846153846156,0.5
195,125,46->11->35->38,347,5483,Snowy,Medium,Medium,None,11->35->38->46,5,31,Male,Germany,Solo,Low,Cultural,Train,4,1,1,0,0.47291666666666665,0.5248129807185755,0.25,0.25
196,38,24->12->38,309,723,Snowy,Medium,Low,Holiday,12->24->38,4,49,Male,France,Friends,Low,Food,Train,3,1,0,0,0.39375000000000004,0.023285217574544298,0.5961538461538463,0.0
197,4,24->3->33->44->28->16->34,499,2601,Cloudy,Low,Low,Holiday,3->16->24->28->33->34->44,3,31,Female,Germany,Family,Medium,Shopping,Car,7,0,0,1,0.7895833333333333,0.22115688547044568,0.25,1.0
198,57,19->35->43->48,398,6638,Rainy,Medium,Medium,None,19->35->43->48,4,46,Male,Japan,Family,Low,Nature,Bike,4,1,1,0,0.5791666666666666,0.6465072173638183,0.5384615384615385,0.25
199,181,42->30->24->40->49->47,172,8645,Rainy,Medium,Medium,None,24->30->40->42->47->49,4,69,Male,Germany,Friends,Low,Food,Taxi,6,1,1,0,0.10833333333333334,0.8579707090928248,0.980769230769231,0.75
200,130,31->50->33->48->6->11,497,3945,Sunny,Low,Medium,Holiday,6->11->31->33->48->50,5,41,Other,India,Friends,Medium,Shopping,Train,6,0,1,1,0.7854166666666667,0.3627647244758192,0.4423076923076924,0.75
201,150,45->2->29->42->25,510,2215,Rainy,Low,Medium,Festival,2->25->29->42->45,1,51,Female,USA,Solo,Low,Cultural,Bus,5,0,1,0,0.8125,0.18048677694658097,0.6346153846153847,0.5
202,48,40->42->49->13->43,177,2259,Sunny,Low,Low,Festival,13->40->42->43->49,4,25,Male,Germany,Solo,Low,Cultural,Bus,5,0,0,0,0.11875000000000002,0.18512274786639973,0.13461538461538464,0.5
203,85,12->42->20->3->44,432,4595,Cloudy,Medium,Low,Festival,3->12->20->42->44,3,47,Male,India,Friends,Medium,Food,Car,5,1,0,1,0.65,0.43125065851859656,0.5576923076923077,0.5
204,154,33->50->11->31->19->26,281,6339,Sunny,Low,Medium,Holiday,11->19->26->31->33->50,2,42,Other,France,Solo,Medium,Adventure,Bus,6,0,1,1,0.3354166666666667,0.6150036877041408,0.46153846153846156,0.75
205,93,49->6->24->38->44->32,339,6122,Sunny,Low,Medium,Festival,6->24->32->38->44->49,1,43,Female,Japan,Solo,High,Food,Bike,6,0,1,2,0.45625000000000004,0.5921399220313982,0.48076923076923084,0.75
206,163,17->3->24->25->7->1->47,569,4510,Sunny,Medium,High,None,1->3->7->17->24->25->47,1,59,Female,India,Friends,Low,Food,Car,7,1,2,0,0.9354166666666666,0.4222948056053103,0.7884615384615384,1.0
207,170,17->27->39,567,4733,Sunny,Low,High,Festival,17->27->39,3,31,Other,UK,Solo,Low,Adventure,Taxi,3,0,2,0,0.9312499999999999,0.44579074913075545,0.25,0.0
208,145,9->24->3->45->1->6,421,6289,Sunny,High,High,None,1->3->6->9->24->45,2,36,Female,Japan,Group,High,Shopping,Train,6,2,2,2,0.6270833333333333,0.6097355389316195,0.34615384615384615,0.75
209,78,42->17->11,164,9028,Sunny,High,Low,Festival,11->17->42,5,68,Male,Germany,Group,Medium,Relaxation,Train,3,2,0,1,0.09166666666666667,0.8983247286903382,0.9615384615384616,0.0
210,40,13->34->46->49->21->40,187,5999,Snowy,High,Low,Festival,13->21->34->40->46->49,4,28,Male,USA,Solo,Medium,Shopping,Bike,6,2,0,1,0.13958333333333334,0.5791802760509956,0.1923076923076924,0.75
211,35,44->45->25->30->13->20->4,243,2535,Sunny,High,High,Festival,4->13->20->25->30->44->45,5,62,Other,France,Group,Medium,Relaxation,Train,7,2,2,1,0.25625,0.2142029290907175,0.8461538461538461,1.0
212,121,13->47->20->32,584,2567,Snowy,Low,High,Festival,13->20->32->47,2,28,Other,Germany,Family,Medium,Adventure,Car,4,0,2,1,0.9666666666666666,0.21757454430513115,0.1923076923076924,0.25
213,158,44->19->8->50,324,7519,Rainy,Low,High,Festival,8->19->44->50,1,40,Other,India,Group,Medium,Adventure,Train,4,0,2,1,0.42500000000000004,0.7393319987356443,0.42307692307692313,0.25
214,48,17->34->28->26,427,2415,Snowy,High,High,Festival,17->26->28->34,3,25,Male,Germany,Solo,Low,Cultural,Bus,4,2,2,0,0.6395833333333333,0.20155937203666632,0.13461538461538464,0.25
215,86,21->43->10->48->22,397,1520,Cloudy,Low,Low,Festival,10->21->22->43->48,3,38,Female,USA,Friends,Low,Adventure,Car,5,0,0,0,0.5770833333333333,0.1072595090085344,0.3846153846153847,0.5
216,191,38->22->41->5->20->14->17,408,7780,Rainy,Low,Medium,None,5->14->17->20->22->38->41,1,51,Male,Germany,Friends,High,Food,Train,7,0,1,2,0.6,0.7668317353282057,0.6346153846153847,1.0
217,28,33->31->12->16->29,494,4535,Rainy,Medium,High,None,12->16->29->31->33,3,32,Female,China,Solo,Low,Shopping,Train,5,1,2,0,0.7791666666666666,0.4249288799915709,0.2692307692307693,0.5
218,135,15->29->9,314,2280,Sunny,Low,Low,Festival,9->15->29,1,68,Male,USA,Group,Medium,Shopping,Walk,3,0,0,1,0.4041666666666667,0.1873353703508587,0.9615384615384616,0.0
219,169,24->28->42->37->17->44,132,9911,Sunny,High,Low,Holiday,17->24->28->37->42->44,3,45,Other,France,Friends,High,Adventure,Taxi,6,2,0,2,0.025000000000000022,0.991360236013065,0.5192307692307693,0.75
220,2,41->13->12,262,9641,Cloudy,Low,Medium,Holiday,12->13->41,3,38,Male,USA,Friends,High,Relaxation,Bike,3,0,1,2,0.2958333333333333,0.9629122326414498,0.3846153846153847,0.0
221,97,46->6->8->36->27->11->23,352,2651,Snowy,Low,Medium,Festival,6->8->11->23->27->36->46,3,39,Male,Germany,Family,Medium,Nature,Train,7,0,1,1,0.4833333333333333,0.22642503424296703,0.40384615384615385,1.0
222,185,32->49->48->38->12->9->45,387,2009,Rainy,Medium,Low,None,9->12->32->38->45->48->49,1,19,Female,UK,Friends,High,Relaxation,Taxi,7,1,0,2,0.55625,0.15878200400379305,0.019230769230769273,1.0
223,143,4->32->29->27,574,3734,Snowy,High,Low,Festival,4->27->29->32,4,49,Male,France,Group,Medium,Nature,Car,4,2,0,1,0.9458333333333333,0.3405331366557791,0.5961538461538463,0.25
224,180,11->19->41->35->5,415,1662,Cloudy,Low,Low,None,5->11->19->35->41,1,38,Female,France,Solo,Low,Relaxation,Train,5,0,0,0,0.6145833333333334,0.12222105152249499,0.3846153846153847,0.5
225,31,48->44->35->49,587,6742,Snowy,Low,Medium,None,35->44->48->49,2,61,Male,UK,Group,Low,Nature,Train,4,0,1,0,0.9729166666666667,0.6574649668106627,0.826923076923077,0.25
226,25,15->46->28->21,563,7070,Sunny,High,Medium,Holiday,15->21->28->46,3,58,Female,Germany,Family,Medium,Adventure,Bike,4,2,1,1,0.9229166666666666,0.6920240227584027,0.7692307692307693,0.25
227,98,23->8->49->36,319,9493,Snowy,Low,High,Festival,8->23->36->49,2,26,Other,China,Friends,Low,Nature,Car,4,0,2,0,0.4145833333333333,0.9473185122747866,0.15384615384615385,0.25
228,164,24->48->37->14->30,519,9449,Sunny,High,Medium,None,14->24->30->37->48,5,66,Female,China,Family,Medium,Relaxation,Car,5,2,1,1,0.83125,0.9426825413549679,0.9230769230769232,0.5
229,174,37->50->34->5,307,802,Rainy,Low,Low,Festival,5->34->37->50,4,58,Other,China,Family,Low,Food,Bike,4,0,0,0,0.3895833333333333,0.03160889263512802,0.7692307692307693,0.25
230,180,25->39->2->33->7,179,9933,Sunny,Medium,High,Festival,2->7->25->33->39,4,38,Female,France,Solo,Low,Relaxation,Train,5,1,2,0,0.12291666666666667,0.9936782214729744,0.3846153846153847,0.5
231,50,43->41->15->4->36->21->23,388,5402,Sunny,Medium,High,Festival,4->15->21->23->36->41->43,2,66,Male,USA,Solo,High,Food,Train,7,1,2,2,0.5583333333333333,0.5162785797070909,0.9230769230769232,1.0
232,142,43->35->34->32->19->11->10,383,1119,Cloudy,Medium,Low,None,10->11->19->32->34->35->43,2,42,Male,China,Solo,Low,Shopping,Car,7,1,0,0,0.5479166666666666,0.06500895585291327,0.46153846153846156,1.0
233,23,2->33->15->50,419,2726,Sunny,Low,High,Festival,2->15->33->50,3,61,Other,USA,Family,Low,Relaxation,Taxi,4,0,2,0,0.6229166666666667,0.234327257401749,0.826923076923077,0.25
234,152,6->48->47->1->28->4->44,399,5318,Sunny,Medium,High,Holiday,1->4->6->28->44->47->48,3,68,Female,USA,Family,Medium,Relaxation,Car,7,1,2,1,0.5812499999999999,0.5074280897692551,0.9615384615384616,1.0
235,54,5->18->36->38->13->23->35,390,5269,Sunny,Low,Medium,Festival,5->13->18->23->35->36->38,1,34,Female,Germany,Friends,Medium,Cultural,Train,7,0,1,1,0.5625,0.5022653039721842,0.3076923076923077,1.0
236,192,41->10->21->29->16->11->2,210,6257,Cloudy,Medium,Low,None,2->10->11->16->21->29->41,3,47,Female,India,Family,Medium,Shopping,Car,7,1,0,1,0.1875,0.6063639237172058,0.5576923076923077,1.0
237,71,31->8->16->18,509,8373,Rainy,Low,High,Festival,8->16->18->31,3,41,Female,France,Family,High,Relaxation,Bus,4,0,2,2,0.8104166666666666,0.8293119797703087,0.4423076923076924,0.25
238,190,11->48->28->15->16->18->2,506,9967,Rainy,High,Medium,None,2->11->15->16->18->28->48,4,35,Other,Germany,Group,High,Nature,Bus,7,2,1,2,0.8041666666666667,0.997260562638289,0.326923076923077,1.0
239,130,7->32->41->37,336,8496,Rainy,Low,Low,Festival,7->32->37->41,1,41,Other,India,Friends,Medium,Shopping,Train,4,0,0,1,0.44999999999999996,0.8422716257507112,0.4423076923076924,0.25
240,127,36->4->24->10->18->31,233,4682,Snowy,High,Medium,Holiday,4->10->18->24->31->36,1,67,Male,Germany,Family,Low,Food,Bike,6,2,1,0,0.23541666666666666,0.4404172373827837,0.9423076923076924,0.75
241,75,22->39->43->11,530,9151,Cloudy,High,Medium,None,11->22->39->43,4,24,Male,USA,Group,High,Shopping,Taxi,4,2,1,2,0.8541666666666667,0.9112843746707406,0.11538461538461542,0.25
242,172,15->40->45->32,529,5257,Cloudy,Medium,Low,Holiday,15->32->40->45,3,54,Other,China,Group,Low,Relaxation,Bike,4,1,0,0,0.8520833333333333,0.5010009482667791,0.6923076923076924,0.25
243,17,14->45->6->27->16,275,2557,Cloudy,High,High,Holiday,6->14->16->27->45,2,57,Male,UK,Group,Medium,Shopping,Taxi,5,2,2,1,0.32291666666666663,0.21652091455062691,0.7500000000000001,0.5
244,112,22->43->16->44->46->23->41,536,2892,Sunny,High,High,Festival,16->22->23->41->43->44->46,5,46,Female,USA,Friends,Low,Food,Train,7,2,2,0,0.8666666666666667,0.25181751132651986,0.5384615384615385,1.0
245,120,25->13->39->12->45->7,470,7084,Sunny,High,Low,None,7->12->13->25->39->45,5,55,Other,Germany,Friends,High,Relaxation,Bus,6,2,0,2,0.7291666666666666,0.6934991044147086,0.7115384615384616,0.75
246,61,32->26->8->4,599,935,Sunny,High,High,Festival,4->8->26->32,5,20,Male,France,Solo,Medium,Food,Taxi,4,2,2,1,0.9979166666666666,0.04562216837003477,0.03846153846153849,0.25
247,120,25->46->43->41->6->28->22,415,3409,Sunny,High,Low,Holiday,6->22->25->28->41->43->46,1,55,Other,Germany,Friends,High,Relaxation,Bus,7,2,0,2,0.6145833333333334,0.3062901696343905,0.7115384615384616,1.0
248,178,28->8->6->17->29->2->14,266,8028,Cloudy,High,Medium,Holiday,2->6->8->14->17->28->29,5,25,Male,Japan,Friends,Low,Food,Walk,7,2,1,0,0.3041666666666667,0.7929617532399115,0.13461538461538464,1.0
249,158,12->9->44->50->29,165,4664,Rainy,Medium,Medium,None,9->12->29->44->50,5,40,Other,India,Group,Medium,Adventure,Train,5,1,1,1,0.09375,0.438520703824676,0.42307692307692313,0.5
250,182,48->23->31->44->43->26->12,312,2707,Rainy,High,High,None,12->23->26->31->43->44->48,5,69,Female,China,Family,Medium,Food,Train,7,2,2,1,0.4,0.23232536086819092,0.980769230769231,1.0
251,104,10->28->50,455,2972,Snowy,High,High,Holiday,10->28->50,2,51,Male,India,Group,Medium,Shopping,Bus,3,2,2,1,0.6979166666666666,0.260246549362554,0.6346153846153847,0.0
252,11,46->1->7,207,2019,Sunny,Low,Low,None,1->7->46,4,19,Female,UK,Friends,Medium,Food,Taxi,3,0,0,1,0.18124999999999997,0.15983563375829732,0.019230769230769273,0.0
253,138,25->47->19->15->24->38,549,606,Sunny,Medium,Low,None,15->19->24->25->38->47,1,36,Other,France,Solo,High,Adventure,Car,6,1,0,2,0.89375,0.01095774944684437,0.34615384615384615,0.75
254,163,32->27->47->9,239,4622,Sunny,Medium,Medium,Festival,9->27->32->47,1,59,Female,India,Friends,Low,Food,Car,4,1,1,0,0.24791666666666667,0.43409545885575807,0.7884615384615384,0.25
255,41,36->12->49->9,483,6152,Sunny,Low,Medium,Festival,9->12->36->49,4,29,Female,Germany,Friends,High,Shopping,Train,4,0,1,2,0.7562500000000001,0.595300811294911,0.21153846153846156,0.25
256,106,44->16->42,477,5290,Cloudy,High,Medium,None,16->42->44,2,52,Female,India,Group,Low,Adventure,Car,3,2,1,0,0.74375,0.5044779264566431,0.6538461538461539,0.0
257,95,49->36->35->3->38->9->32,133,9693,Sunny,High,Medium,None,3->9->32->35->36->38->49,1,42,Male,Japan,Family,Medium,Food,Bike,7,2,1,1,0.027083333333333348,0.968391107364872,0.46153846153846156,1.0
258,10,50->15->12->6->35->34,374,7080,Cloudy,Low,High,None,6->12->15->34->35->50,3,46,Male,India,Family,High,Food,Train,6,0,2,2,0.5291666666666667,0.693077652512907,0.5384615384615385,0.75
259,63,23->17->4->26->50->10->27,405,9634,Cloudy,High,High,Holiday,4->10->17->23->26->27->50,1,19,Female,China,Friends,High,Shopping,Walk,7,2,2,2,0.59375,0.9621746918132968,0.019230769230769273,1.0
260,47,41->29->15->22->37->25,468,6725,Rainy,Medium,Low,Holiday,15->22->25->29->37->41,4,57,Female,Japan,Group,Medium,Food,Train,6,1,0,1,0.725,0.6556737962280055,0.7500000000000001,0.75
261,83,22->18->30->2->38->9,330,1499,Rainy,Medium,Low,Holiday,2->9->18->22->30->38,1,62,Male,Germany,Friends,Medium,Adventure,Bus,6,1,0,1,0.4375,0.10504688652407543,0.8461538461538461,0.75
262,128,17->32->21,433,4558,Sunny,Medium,High,Festival,17->21->32,2,66,Male,UK,Family,Medium,Nature,Train,3,1,2,1,0.6520833333333333,0.42735222842693077,0.9230769230769232,0.0
263,151,3->15->45,365,7014,Snowy,High,Medium,Festival,3->15->45,2,36,Male,France,Friends,High,Relaxation,Train,3,2,1,2,0.5104166666666666,0.6861236961331788,0.34615384615384615,0.0
264,104,17->20->1->48->28->42,290,8799,Sunny,Low,Low,None,1->17->20->28->42->48,3,51,Male,India,Group,Medium,Shopping,Bus,6,0,0,1,0.35416666666666663,0.8741966073121905,0.6346153846153847,0.75
265,132,35->46->25->1,226,3255,Rainy,Medium,Medium,Holiday,1->25->35->46,3,29,Female,Japan,Family,Medium,Relaxation,Train,4,1,1,1,0.22083333333333333,0.2900642714150248,0.21153846153846156,0.25
266,150,13->26->9->3->45->32,288,5767,Sunny,Low,Medium,Holiday,3->9->13->26->32->45,5,51,Female,USA,Solo,Low,Cultural,Bus,6,0,1,0,0.35,0.5547360657464967,0.6346153846153847,0.75
267,96,38->45->33,397,6944,Snowy,Low,Low,Holiday,33->38->45,1,29,Other,India,Friends,Medium,Relaxation,Train,3,0,0,1,0.5770833333333333,0.678748287851649,0.21153846153846156,0.0
268,193,9->7->35->19,247,7878,Sunny,High,High,None,7->9->19->35,2,30,Female,UK,Group,Low,Cultural,Bike,4,2,2,0,0.2645833333333333,0.7771573069223475,0.23076923076923084,0.25
269,175,47->31->42->46,372,7747,Rainy,High,Low,None,31->42->46->47,3,46,Female,UK,Family,High,Cultural,Train,4,2,0,2,0.525,0.7633547571383416,0.5384615384615385,0.25
270,48,12->47->24->28->8->37->15,584,4116,Sunny,Low,Medium,Festival,8->12->15->24->28->37->47,1,25,Male,Germany,Solo,Low,Cultural,Bus,7,0,1,0,0.9666666666666666,0.3807817932778421,0.13461538461538464,1.0
271,190,21->15->46->4->29->2->32,305,7913,Sunny,Medium,Low,Holiday,2->4->15->21->29->32->46,4,35,Other,Germany,Group,High,Nature,Bus,7,1,0,2,0.38541666666666663,0.7808450110631124,0.326923076923077,1.0
272,44,38->29->21->4->43->18,484,4175,Sunny,High,High,Festival,4->18->21->29->38->43,4,43,Female,USA,Friends,High,Relaxation,Taxi,6,2,2,2,0.7583333333333333,0.3869982088294174,0.48076923076923084,0.75
273,117,39->47->15,281,7909,Sunny,Medium,Medium,Holiday,15->39->47,5,26,Female,USA,Friends,Low,Food,Walk,3,1,1,0,0.3354166666666667,0.7804235591613107,0.15384615384615385,0.0
274,66,17->43->31->34->45->14->3,552,8525,Rainy,Low,Low,None,3->14->17->31->34->43->45,4,27,Female,UK,Group,Low,Relaxation,Bike,7,0,0,0,0.8999999999999999,0.8453271520387736,0.17307692307692313,1.0
275,10,21->15->16->13->43->2,214,1169,Snowy,Low,High,Holiday,2->13->15->16->21->43,2,46,Male,India,Family,High,Food,Train,6,0,2,2,0.1958333333333333,0.07027710462543461,0.5384615384615385,0.75
276,61,19->40->39->23->3->2->46,212,8789,Sunny,Medium,Medium,None,2->3->19->23->39->40->46,2,20,Male,France,Solo,Medium,Food,Taxi,7,1,1,1,0.19166666666666665,0.8731429775576862,0.03846153846153849,1.0
277,25,36->3->2->38,412,1560,Sunny,High,Low,Festival,2->3->36->38,1,58,Female,Germany,Family,Medium,Adventure,Bike,4,2,0,1,0.6083333333333333,0.11147402802655146,0.7692307692307693,0.25
278,165,33->2->9->16,377,7998,Rainy,Medium,High,None,2->9->16->33,3,68,Male,UK,Friends,Medium,Nature,Walk,4,1,2,1,0.5354166666666667,0.7898008639763987,0.9615384615384616,0.25
279,8,13->24->8->50,495,3307,Cloudy,Low,Medium,None,8->13->24->50,2,24,Female,USA,Family,Low,Adventure,Walk,4,0,1,0,0.78125,0.2955431461384469,0.11538461538461542,0.25
280,40,17->18->27,306,2863,Rainy,Low,Low,Festival,17->18->27,4,28,Male,USA,Solo,Medium,Shopping,Bike,3,0,0,1,0.38749999999999996,0.24876198503845745,0.1923076923076924,0.0
281,144,3->46->16->18->42->2,332,6785,Cloudy,High,High,Festival,2->3->16->18->42->46,1,43,Male,Japan,Solo,High,Shopping,Walk,6,2,2,2,0.44166666666666665,0.6619955747550311,0.48076923076923084,0.75
282,62,49->27->10->31->37,440,6488,Snowy,Low,Low,Holiday,10->27->31->37->49,3,19,Other,China,Solo,Low,Food,Car,5,0,0,0,0.6666666666666666,0.6307027710462544,0.019230769230769273,0.5
283,26,38->6->5->11->33,388,5270,Rainy,Medium,Medium,None,5->6->11->33->38,1,57,Other,China,Family,High,Nature,Bus,5,1,1,2,0.5583333333333333,0.5023706669476347,0.7500000000000001,0.5
284,5,5->20->28,348,1299,Sunny,High,Low,None,5->20->28,1,65,Other,Japan,Solo,Low,Cultural,Train,3,2,0,0,0.475,0.0839742914339901,0.9038461538461539,0.0
285,194,3->17->46->38->2->42->14,389,2098,Rainy,High,Medium,None,2->3->14->17->38->42->46,1,50,Male,Japan,Family,Medium,Shopping,Walk,7,2,1,1,0.5604166666666667,0.16815930881888103,0.6153846153846154,1.0
286,62,7->19->22->18,195,1724,Snowy,High,Medium,None,7->18->19->22,1,19,Other,China,Solo,Low,Food,Car,4,2,1,0,0.15625,0.12875355600042143,0.019230769230769273,0.25
287,23,16->12->35,463,1856,Snowy,Medium,Medium,Festival,12->16->35,3,61,Other,USA,Family,Low,Relaxation,Taxi,3,1,1,0,0.7145833333333333,0.14266146875987776,0.826923076923077,0.0
288,161,26->47->43->41->25->3->12,329,9547,Cloudy,High,Low,Festival,3->12->25->26->41->43->47,3,25,Male,China,Solo,Medium,Shopping,Car,7,2,0,1,0.4354166666666667,0.9530081129491096,0.13461538461538464,1.0
289,13,33->3->6->46->30->27->5,341,9961,Cloudy,Medium,High,None,3->5->6->27->30->33->46,3,44,Female,France,Friends,High,Food,Bike,7,1,2,2,0.4604166666666667,0.9966283847855862,0.5000000000000001,1.0
290,61,20->15->47->3->19,323,9766,Cloudy,Low,Low,None,3->15->19->20->47,5,20,Male,France,Solo,Medium,Food,Taxi,5,0,0,1,0.4229166666666666,0.9760826045727532,0.03846153846153849,0.5
291,17,38->4->11->48->39->22,285,5826,Sunny,High,Medium,Festival,4->11->22->38->39->48,2,57,Male,UK,Group,Medium,Shopping,Taxi,6,2,1,1,0.34375,0.5609524812980718,0.7500000000000001,0.75
292,59,20->38->14->49,215,1665,Snowy,Low,Medium,None,14->20->38->49,2,53,Male,France,Friends,Low,Shopping,Car,4,0,1,0,0.19791666666666669,0.12253714044884628,0.6730769230769232,0.25
293,95,37->41->35->36->46,182,5020,Cloudy,High,Low,Festival,35->36->37->41->46,2,42,Male,Japan,Family,Medium,Food,Bike,5,2,0,1,0.12916666666666665,0.4760299230850279,0.46153846153846156,0.5
294,27,5->39->24->33,501,4502,Rainy,Low,High,None,5->24->33->39,5,60,Female,USA,Friends,Medium,Cultural,Bike,4,0,2,1,0.79375,0.4214519018017069,0.8076923076923078,0.25
295,179,42->27->36->24->30,221,3873,Snowy,Low,High,Holiday,24->27->30->36->42,5,59,Male,Germany,Solo,Medium,Food,Bike,5,0,2,1,0.21041666666666664,0.3551785902433885,0.7884615384615384,0.5
296,170,10->7->16->3,456,5119,Cloudy,Low,Low,Festival,3->7->10->16,1,31,Other,UK,Solo,Low,Adventure,Taxi,4,0,0,0,0.7,0.4864608576546202,0.25,0.25
297,135,1->3->27->23,523,9520,Snowy,Low,High,Festival,1->3->23->27,1,68,Male,USA,Group,Medium,Shopping,Walk,4,0,2,1,0.8395833333333333,0.9501633126119481,0.9615384615384616,0.25
298,22,37->35->1->47->36->2->34,181,2006,Sunny,Low,Medium,Holiday,1->2->34->35->36->37->47,5,65,Male,India,Friends,High,Adventure,Taxi,7,0,1,2,0.12708333333333333,0.1584659150774418,0.9038461538461539,1.0
299,62,24->14->2->1->29->37,348,4228,Sunny,High,High,Festival,1->2->14->24->29->37,1,19,Other,China,Solo,Low,Food,Car,6,2,2,0,0.475,0.39258244652829,0.019230769230769273,0.75
300,161,31->2->13->7->30,190,796,Cloudy,High,Low,Holiday,2->7->13->30->31,1,25,Male,China,Solo,Medium,Shopping,Car,5,2,0,1,0.14583333333333331,0.030976714782425446,0.13461538461538464,0.5
301,143,12->50->15,300,9199,Cloudy,High,Low,None,12->15->50,4,49,Male,France,Group,Medium,Nature,Car,3,2,0,1,0.375,0.9163417974923612,0.5961538461538463,0.0
302,59,1->12->19->2->33->48,320,4284,Sunny,High,Low,Festival,1->2->12->19->33->48,2,53,Male,France,Friends,Low,Shopping,Car,6,2,0,0,0.41666666666666663,0.3984827731535139,0.6730769230769232,0.75
303,177,4->27->32->38->16->23,391,1946,Rainy,Low,Low,Festival,4->16->23->27->32->38,5,57,Other,USA,Group,Low,Nature,Walk,6,0,0,0,0.5645833333333333,0.15214413655041617,0.7500000000000001,0.75
304,174,48->2->20->43->23->7->39,363,9799,Rainy,Medium,Medium,Festival,2->7->20->23->39->43->48,1,58,Other,China,Family,Low,Food,Bike,7,1,1,0,0.50625,0.9795595827626172,0.7692307692307693,1.0
305,2,18->21->11->4->19->36->15,351,3621,Sunny,High,Medium,Festival,4->11->15->18->19->21->36,2,38,Male,USA,Friends,High,Relaxation,Bike,7,2,1,2,0.48124999999999996,0.32862712042988096,0.3846153846153847,1.0
306,58,32->15->36->23->38->11,391,5462,Snowy,High,Medium,Holiday,11->15->23->32->36->38,3,60,Male,France,Solo,High,Relaxation,Bus,6,2,1,2,0.5645833333333333,0.5226003582341165,0.8076923076923078,0.75
307,39,41->1->11->13->40->7->20,255,3274,Rainy,Low,Low,Holiday,1->7->11->13->20->40->41,5,51,Female,India,Group,Low,Nature,Car,7,0,0,0,0.28125,0.29206616794858287,0.6346153846153847,1.0
308,80,45->5->4->49->47,511,987,Rainy,High,Medium,None,4->5->45->47->49,3,67,Male,UK,Family,Medium,Food,Walk,5,2,1,1,0.8145833333333332,0.05110104309345695,0.9423076923076924,0.5
309,114,18->41->32->10->6->50->15,446,3420,Snowy,Low,Medium,Festival,6->10->15->18->32->41->50,1,19,Female,China,Family,High,Cultural,Taxi,7,0,1,2,0.6791666666666667,0.30744916236434516,0.019230769230769273,1.0
310,146,43->29->8->33->28,165,5472,Snowy,Low,Low,Festival,8->28->29->33->43,5,21,Female,USA,Solo,Medium,Food,Bus,5,0,0,1,0.09375,0.5236539879886208,0.05769230769230771,0.5
311,197,42->29->1,210,6762,Rainy,Medium,Low,Holiday,1->29->42,1,23,Male,India,Group,High,Food,Walk,3,1,0,2,0.1875,0.6595722263196713,0.0961538461538462,0.0
312,173,18->17->24->16->8->43->7,554,8890,Cloudy,High,Low,Festival,7->8->16->17->18->24->43,3,70,Male,China,Solo,Medium,Food,Bike,7,2,0,1,0.9041666666666666,0.8837846380781793,1.0,1.0
313,26,25->22->7,541,7897,Rainy,High,Medium,Holiday,7->22->25,4,57,Other,China,Family,High,Nature,Bus,3,2,1,2,0.8770833333333332,0.7791592034559056,0.7500000000000001,0.0
314,82,34->1->12->27->47,189,6543,Sunny,Low,Low,Festival,1->12->27->34->47,5,38,Female,France,Friends,Low,Food,Bike,5,0,0,0,0.14375,0.6364977346960278,0.3846153846153847,0.5
315,59,45->3->32->16->41->13->21,536,1301,Rainy,High,Low,None,3->13->16->21->32->41->45,2,53,Male,France,Friends,Low,Shopping,Car,7,2,0,0,0.8666666666666667,0.08418501738489095,0.6730769230769232,1.0
316,159,48->19->27->13,257,5855,Cloudy,Medium,Low,Festival,13->19->27->48,3,44,Female,UK,Group,Medium,Cultural,Bike,4,1,0,1,0.28541666666666665,0.5640080075861342,0.5000000000000001,0.25
317,47,14->44->49->37,472,6772,Rainy,Low,High,Holiday,14->37->44->49,5,57,Female,Japan,Group,Medium,Food,Train,4,0,2,1,0.7333333333333333,0.6606258560741756,0.7500000000000001,0.25
318,21,5->30->14->31->17->21,133,6873,Rainy,High,Medium,None,5->14->17->21->30->31,5,32,Male,Japan,Friends,Low,Nature,Bus,6,2,1,0,0.027083333333333348,0.6712675165946687,0.2692307692307693,0.75
319,65,48->27->13,160,5273,Snowy,Medium,Low,Holiday,13->27->48,1,40,Male,USA,Solo,Low,Relaxation,Taxi,3,1,0,0,0.08333333333333331,0.5026867558739859,0.42307692307692313,0.0
320,75,22->26->7,537,8376,Sunny,Low,Low,None,7->22->26,4,24,Male,USA,Group,High,Shopping,Taxi,3,0,0,2,0.8687499999999999,0.82962806869666,0.11538461538461542,0.0
321,156,11->12->50,195,8915,Sunny,High,Low,None,11->12->50,3,34,Other,India,Group,Medium,Nature,Bus,3,2,0,1,0.15625,0.88641871246444,0.3076923076923077,0.0
322,197,14->9->2->23->41->42,294,4731,Sunny,Low,High,None,2->9->14->23->41->42,3,23,Male,India,Group,High,Food,Walk,6,0,2,2,0.36250000000000004,0.44558002317985457,0.0961538461538462,0.75
323,156,3->18->16,251,1478,Snowy,High,Medium,Festival,3->16->18,3,34,Other,India,Group,Medium,Nature,Bus,3,2,1,1,0.2729166666666667,0.10283426403961649,0.3076923076923077,0.0
324,147,25->39->20->22,600,1865,Snowy,Medium,Medium,Festival,20->22->25->39,5,19,Other,Japan,Friends,High,Nature,Walk,4,1,1,2,1.0,0.1436097355389316,0.019230769230769273,0.25
325,69,5->13->12->7->33->18,418,6702,Snowy,Low,Medium,Holiday,5->7->12->13->18->33,1,56,Other,Japan,Family,Low,Nature,Car,6,0,1,0,0.6208333333333333,0.6532504477926456,0.730769230769231,0.75
326,135,37->4->33,477,9793,Snowy,Low,Low,Festival,4->33->37,1,68,Male,USA,Group,Medium,Shopping,Walk,3,0,0,1,0.74375,0.9789274049099147,0.9615384615384616,0.0
327,156,33->31->24->29,298,1218,Cloudy,Medium,High,Festival,24->29->31->33,1,34,Other,India,Group,Medium,Nature,Bus,4,1,2,1,0.37083333333333335,0.07543989042250554,0.3076923076923077,0.25
328,173,5->40->20->42->30->29,530,6718,Snowy,Low,Low,Festival,5->20->29->30->40->42,2,70,Male,China,Solo,Medium,Food,Bike,6,0,0,1,0.8541666666666667,0.6549362553998525,1.0,0.75
329,1,44->17->18->1->24,368,9511,Rainy,Low,Medium,None,1->17->18->24->44,5,44,Other,China,Group,Medium,Adventure,Taxi,5,0,1,1,0.5166666666666666,0.9492150458328944,0.5000000000000001,0.5
330,81,36->18->32,251,6100,Rainy,High,High,Festival,18->32->36,5,64,Female,France,Group,High,Adventure,Train,3,2,2,2,0.2729166666666667,0.5898219365714887,0.8846153846153847,0.0
331,37,34->24->30,219,1787,Cloudy,Low,High,Festival,24->30->34,4,47,Male,Japan,Family,Low,Shopping,Walk,3,0,2,0,0.20625,0.13539142345379832,0.5576923076923077,0.0
332,114,35->29->7->18->37,393,661,Rainy,Low,Low,Festival,7->18->29->35->37,5,19,Female,China,Family,High,Cultural,Taxi,5,0,0,2,0.56875,0.01675271309661784,0.019230769230769273,0.5
333,91,45->37->17,545,2614,Rainy,Medium,Medium,Festival,17->37->45,4,40,Female,India,Family,Low,Food,Bike,3,1,1,0,0.8854166666666667,0.22252660415130124,0.42307692307692313,0.0
334,16,32->6->14->44->28->42,461,2260,Sunny,Low,Low,Festival,6->14->28->32->42->44,5,32,Male,USA,Friends,Low,Relaxation,Walk,6,0,0,0,0.7104166666666667,0.18522811084185017,0.2692307692307693,0.75
335,57,44->13->40->29->12->49->33,531,9653,Rainy,Low,High,Festival,12->13->29->33->40->44->49,1,46,Male,Japan,Family,Low,Nature,Bike,7,0,2,0,0.85625,0.9641765883468548,0.5384615384615385,1.0
336,14,32->25->30->39->10,224,7893,Snowy,Medium,Medium,Holiday,10->25->30->32->39,3,35,Other,Japan,Group,Low,Shopping,Taxi,5,1,1,0,0.21666666666666667,0.7787377515541039,0.326923076923077,0.5
337,68,17->6->39->23->29->45,180,9038,Rainy,Medium,Medium,None,6->17->23->29->39->45,5,70,Other,France,Friends,Medium,Nature,Car,6,1,1,1,0.125,0.8993783584448425,1.0,0.75
338,26,42->19->13->35,358,4238,Rainy,Medium,Low,None,13->19->35->42,4,57,Other,China,Family,High,Nature,Bus,4,1,0,2,0.49583333333333335,0.3936360762827942,0.7500000000000001,0.25
339,198,8->50->27->7,392,5551,Rainy,Medium,Medium,None,7->8->27->50,5,39,Female,Japan,Friends,High,Relaxation,Taxi,4,1,1,2,0.5666666666666667,0.5319776630492045,0.40384615384615385,0.25
340,128,22->25->27->36->3->16->46,219,2185,Snowy,Medium,Low,Festival,3->16->22->25->27->36->46,2,66,Male,UK,Family,Medium,Nature,Train,7,1,0,1,0.20625,0.17732588768306817,0.9230769230769232,1.0
341,126,10->39->32->40->15->27,541,3052,Sunny,Medium,Low,Holiday,10->15->27->32->39->40,5,32,Male,Germany,Friends,Medium,Nature,Taxi,6,1,0,1,0.8770833333333332,0.2686755873985881,0.2692307692307693,0.75
342,49,18->50->33->4->22->1->7,321,6546,Cloudy,Low,Low,None,1->4->7->18->22->33->50,2,51,Female,China,Friends,High,Cultural,Bus,7,0,0,2,0.41874999999999996,0.6368138236223791,0.6346153846153847,1.0
343,49,5->38->28->23->44,387,837,Sunny,High,Medium,Festival,5->23->28->38->44,1,51,Female,China,Friends,High,Cultural,Bus,5,2,1,2,0.55625,0.03529659677589295,0.6346153846153847,0.5
344,33,3->39->10->32->19->4->11,594,6822,Snowy,Low,Medium,Holiday,3->4->10->11->19->32->39,3,26,Male,USA,Friends,High,Food,Walk,7,0,1,2,0.9875,0.6658940048466969,0.15384615384615385,1.0
345,182,44->15->18->24,298,4969,Snowy,Medium,High,None,15->18->24->44,5,69,Female,China,Family,Medium,Food,Train,4,1,2,1,0.37083333333333335,0.47065641133705616,0.980769230769231,0.25
346,61,23->28->46->38->6->10,357,709,Sunny,Low,Medium,None,6->10->23->28->38->46,3,20,Male,France,Solo,Medium,Food,Taxi,6,0,1,1,0.49375,0.021810135918238327,0.03846153846153849,0.75
347,71,21->33->50,405,3239,Rainy,Medium,Low,Holiday,21->33->50,3,41,Female,France,Family,High,Relaxation,Bus,3,1,0,2,0.59375,0.28837846380781795,0.4423076923076924,0.0
348,176,32->13->48->3->5->18->41,491,2147,Cloudy,Low,High,Holiday,3->5->13->18->32->41->48,5,31,Other,China,Group,High,Relaxation,Taxi,7,0,2,2,0.7729166666666667,0.17332209461595194,0.25,1.0
349,27,47->34->2->16->28->9->6,195,1550,Cloudy,Medium,Low,Festival,2->6->9->16->28->34->47,2,60,Female,USA,Friends,Medium,Cultural,Bike,7,1,0,1,0.15625,0.1104203982720472,0.8076923076923078,1.0
350,9,23->14->32->46,212,9360,Sunny,Low,Low,Holiday,14->23->32->46,2,53,Female,Japan,Family,High,Shopping,Car,4,0,0,2,0.19166666666666665,0.9333052365398798,0.6730769230769232,0.25
351,183,43->16->30->35->36->47,351,9442,Cloudy,Low,Low,None,16->30->35->36->43->47,5,59,Female,Germany,Solo,Low,Nature,Train,6,0,0,0,0.48124999999999996,0.9419450005268148,0.7884615384615384,0.75
352,172,45->4->14->43,418,1829,Snowy,Low,Low,None,4->14->43->45,5,54,Other,China,Group,Low,Relaxation,Bike,4,0,0,0,0.6208333333333333,0.13981666842271626,0.6923076923076924,0.25
353,170,35->42->21->47,303,9038,Rainy,Medium,Low,Festival,21->35->42->47,5,31,Other,UK,Solo,Low,Adventure,Taxi,4,1,0,0,0.38125,0.8993783584448425,0.25,0.25
354,51,29->49->36,339,8309,Rainy,Low,Medium,Holiday,29->36->49,1,38,Female,China,Solo,Medium,Adventure,Taxi,3,0,1,1,0.45625000000000004,0.8225687493414814,0.3846153846153847,0.0
355,21,35->19->24->32,496,7378,Rainy,Low,Medium,Holiday,19->24->32->35,5,32,Male,Japan,Friends,Low,Nature,Bus,4,0,1,0,0.7833333333333332,0.7244758191971341,0.2692307692307693,0.25
356,125,13->31->5,281,7160,Snowy,Medium,Low,Festival,5->13->31,2,31,Male,Germany,Solo,Low,Cultural,Train,3,1,0,0,0.3354166666666667,0.7015066905489411,0.25,0.0
357,147,27->29->42->5->19->30->10,385,5630,Snowy,Medium,Medium,None,5->10->19->27->29->30->42,2,19,Other,Japan,Friends,High,Nature,Walk,7,1,1,2,0.5520833333333334,0.5403013381097882,0.019230769230769273,1.0
358,47,32->35->49,171,4712,Sunny,High,Low,None,32->35->49,3,57,Female,Japan,Group,Medium,Food,Train,3,2,0,1,0.10625000000000001,0.4435781266462965,0.7500000000000001,0.0
359,166,3->18->7,557,539,Rainy,Low,Low,None,3->7->18,2,44,Male,Germany,Solo,Medium,Relaxation,Train,3,0,0,1,0.9104166666666667,0.0038984300916657874,0.5000000000000001,0.0
360,140,7->46->47->29->30->10->23,178,9553,Cloudy,Medium,Medium,None,7->10->23->29->30->46->47,5,54,Other,China,Solo,High,Food,Bike,7,1,1,2,0.12083333333333335,0.9536402908018123,0.6923076923076924,1.0
361,117,29->3->21->48->16->46,248,8019,Sunny,Medium,Medium,None,3->16->21->29->46->48,4,26,Female,USA,Friends,Low,Food,Walk,6,1,1,0,0.2666666666666666,0.7920134864608577,0.15384615384615385,0.75
362,184,39->7->15->9->41,380,3515,Cloudy,High,Medium,Holiday,7->9->15->39->41,3,69,Male,Germany,Family,Low,Relaxation,Bike,5,2,1,0,0.5416666666666666,0.3174586450321357,0.980769230769231,0.5
363,109,1->32->26->5->31->25->39,596,6804,Snowy,High,Low,None,1->5->25->26->31->32->39,5,40,Male,USA,Family,Low,Food,Car,7,2,0,0,0.9916666666666667,0.6639974712885892,0.42307692307692313,1.0
364,104,28->49->33->43->15->32,488,1304,Sunny,Low,High,Festival,15->28->32->33->43->49,4,51,Male,India,Group,Medium,Shopping,Bus,6,0,2,1,0.7666666666666666,0.08450110631124222,0.6346153846153847,0.75
365,12,38->1->30->25,130,4291,Rainy,Low,High,Holiday,1->25->30->38,4,47,Female,UK,Solo,High,Cultural,Train,4,0,2,2,0.020833333333333315,0.3992203139816668,0.5576923076923077,0.25
366,196,42->33->49->34,511,3896,Cloudy,High,Low,Festival,33->34->42->49,3,32,Other,USA,Group,Low,Nature,Car,4,2,0,0,0.8145833333333332,0.35760193867874823,0.2692307692307693,0.25
367,148,23->44->50->2,358,4646,Snowy,High,High,Festival,2->23->44->50,1,51,Male,India,Solo,Low,Cultural,Walk,4,2,2,0,0.49583333333333335,0.4366241702665683,0.6346153846153847,0.25
368,129,45->7->9->49,331,516,Cloudy,Medium,Medium,Festival,7->9->45->49,2,56,Other,Germany,Family,High,Food,Car,4,1,1,2,0.4395833333333333,0.001475081656305971,0.730769230769231,0.25
369,200,40->16->18->8->35->2->19,373,9312,Rainy,Medium,Low,Festival,2->8->16->18->19->35->40,1,23,Female,India,Group,High,Food,Bus,7,1,0,2,0.5270833333333333,0.9282478137182594,0.0961538461538462,1.0
370,33,40->29->10->35->34->14,408,6718,Sunny,High,Low,Holiday,10->14->29->34->35->40,1,26,Male,USA,Friends,High,Food,Walk,6,2,0,2,0.6,0.6549362553998525,0.15384615384615385,0.75
371,133,1->44->12,574,6928,Rainy,High,Low,Festival,1->12->44,2,69,Male,USA,Group,Medium,Shopping,Train,3,2,0,1,0.9458333333333333,0.6770624802444422,0.980769230769231,0.0
372,94,39->16->14,134,4105,Sunny,Medium,High,None,14->16->39,1,55,Male,Japan,Group,Medium,Food,Car,3,1,2,1,0.029166666666666674,0.37962280054788744,0.7115384615384616,0.0
373,119,50->7->28->35->37->46->39,166,9000,Rainy,Low,Medium,None,7->28->35->37->39->46->50,2,30,Other,India,Solo,Medium,Cultural,Bike,7,0,1,1,0.09583333333333333,0.8953745653777263,0.23076923076923084,1.0
374,174,21->11->42->46->40->38->12,488,3036,Snowy,High,High,None,11->12->21->38->40->42->46,2,58,Other,China,Family,Low,Food,Bike,7,2,2,0,0.7666666666666666,0.2669897797913813,0.7692307692307693,1.0
375,82,21->39->18->26->5,518,9450,Sunny,High,Low,Festival,5->18->21->26->39,5,38,Female,France,Friends,Low,Food,Bike,5,2,0,0,0.8291666666666666,0.9427879043304183,0.3846153846153847,0.5
376,149,49->3->9->47->35->1->21,335,2092,Sunny,Low,High,None,1->3->9->21->35->47->49,5,36,Female,China,Family,High,Food,Bus,7,0,2,2,0.44791666666666663,0.16752713096617847,0.34615384615384615,1.0
377,57,14->22->34->4->17->42,429,4095,Rainy,Low,High,Holiday,4->14->17->22->34->42,4,46,Male,Japan,Family,Low,Nature,Bike,6,0,2,0,0.6437499999999999,0.37856917079338315,0.5384615384615385,0.75
378,49,38->46->5->4,254,3621,Cloudy,High,Low,Festival,4->5->38->46,1,51,Female,China,Friends,High,Cultural,Bus,4,2,0,2,0.2791666666666667,0.32862712042988096,0.6346153846153847,0.25
379,126,8->45->26->21->33->14,391,8528,Cloudy,Medium,High,None,8->14->21->26->33->45,3,32,Male,Germany,Friends,Medium,Nature,Taxi,6,1,2,1,0.5645833333333333,0.8456432409651249,0.2692307692307693,0.75
380,65,14->20->48->21,354,6306,Rainy,Low,Medium,Holiday,14->20->21->48,3,40,Male,USA,Solo,Low,Relaxation,Taxi,4,0,1,0,0.48750000000000004,0.6115267095142767,0.42307692307692313,0.25
381,186,50->40->13->14->18->47,558,8930,Sunny,Low,High,None,13->14->18->40->47->50,1,56,Female,China,Family,Low,Shopping,Walk,6,0,2,0,0.9125000000000001,0.8879991570961964,0.730769230769231,0.75
382,88,13->50->41->16->3->29,512,4190,Snowy,Medium,High,None,3->13->16->29->41->50,4,33,Other,Germany,Group,Medium,Nature,Bike,6,1,2,1,0.8166666666666667,0.3885786534611737,0.28846153846153855,0.75
383,96,35->50->20->3->42,212,2994,Rainy,Low,High,None,3->20->35->42->50,2,29,Other,India,Friends,Medium,Relaxation,Train,5,0,2,1,0.19166666666666665,0.26256453482246334,0.21153846153846156,0.5
384,10,25->39->17->14->16->48,301,667,Snowy,Low,Low,Festival,14->16->17->25->39->48,5,46,Male,India,Family,High,Food,Train,6,0,0,2,0.3770833333333333,0.0173848909493204,0.5384615384615385,0.75
385,69,49->8->4->15,481,1846,Rainy,Medium,Medium,Holiday,4->8->15->49,4,56,Other,Japan,Family,Low,Nature,Car,4,1,1,0,0.7520833333333332,0.1416078390053735,0.730769230769231,0.25
386,48,15->16->20,375,3645,Sunny,Low,Low,Holiday,15->16->20,3,25,Male,Germany,Solo,Low,Cultural,Bus,3,0,0,0,0.53125,0.3311558318406912,0.13461538461538464,0.0
387,65,43->28->33->36->15->39,203,1580,Sunny,High,High,Festival,15->28->33->36->39->43,1,40,Male,USA,Solo,Low,Relaxation,Taxi,6,2,2,0,0.17291666666666666,0.11358128753555999,0.42307692307692313,0.75
388,61,37->33->14->16,396,1696,Rainy,Medium,Medium,Holiday,14->16->33->37,2,20,Male,France,Solo,Medium,Food,Taxi,4,1,1,1,0.575,0.1258033926878095,0.03846153846153849,0.25
389,188,31->45->15->41,568,5863,Cloudy,Medium,High,Festival,15->31->41->45,2,20,Other,India,Group,Medium,Nature,Train,4,1,2,1,0.9333333333333333,0.5648509113897376,0.03846153846153849,0.25
390,55,6->48->20->4,459,1725,Cloudy,Medium,High,None,4->6->20->48,5,55,Male,Germany,Family,Medium,Nature,Bus,4,1,2,1,0.7062499999999999,0.12885891897587187,0.7115384615384616,0.25
391,38,12->11->2->21->7->23,588,3907,Sunny,Low,High,Holiday,2->7->11->12->21->23,2,49,Male,France,Friends,Low,Food,Train,6,0,2,0,0.9750000000000001,0.358760931408703,0.5961538461538463,0.75
392,128,43->6->39->17,567,7215,Snowy,High,High,Festival,6->17->39->43,2,66,Male,UK,Family,Medium,Nature,Train,4,2,2,1,0.9312499999999999,0.7073016541987146,0.9230769230769232,0.25
393,26,42->1->11->43->26->31,379,7983,Cloudy,Medium,Medium,None,1->11->26->31->42->43,4,57,Other,China,Family,High,Nature,Bus,6,1,1,2,0.5395833333333333,0.7882204193446423,0.7500000000000001,0.75
394,169,13->45->31,254,6391,Rainy,High,Medium,Festival,13->31->45,1,45,Other,France,Friends,High,Adventure,Taxi,3,2,1,2,0.2791666666666667,0.620482562427563,0.5192307692307693,0.0
395,122,38->43->21->41->34->37,401,4783,Cloudy,Low,Low,Holiday,21->34->37->38->41->43,3,34,Other,China,Friends,Low,Relaxation,Bike,6,0,0,0,0.5854166666666667,0.4510588979032768,0.3076923076923077,0.75
396,97,16->33->13->1->12->32->23,362,8271,Sunny,Medium,Low,Holiday,1->12->13->16->23->32->33,5,39,Male,Germany,Family,Medium,Nature,Train,7,1,0,1,0.5041666666666667,0.8185649562743652,0.40384615384615385,1.0
397,119,20->43->25->21,265,3695,Snowy,High,Medium,Holiday,20->21->25->43,5,30,Other,India,Solo,Medium,Cultural,Bike,4,2,1,1,0.30208333333333337,0.33642398061321255,0.23076923076923084,0.25
398,54,22->27->30->4,168,5340,Sunny,High,Medium,None,4->22->27->30,5,34,Female,Germany,Friends,Medium,Cultural,Train,4,2,1,1,0.09999999999999998,0.5097460752291645,0.3076923076923077,0.25
399,199,8->33->45->19->27->29->41,513,6677,Rainy,Medium,High,Festival,8->19->27->29->33->41->45,3,64,Other,France,Family,Low,Adventure,Train,7,1,2,0,0.8187500000000001,0.650616373406385,0.8846153846153847,1.0
400,91,47->32->41->24->42->34,437,5274,Snowy,Medium,Medium,None,24->32->34->41->42->47,3,40,Female,India,Family,Low,Food,Bike,6,1,1,0,0.6604166666666667,0.5027921188494363,0.42307692307692313,0.75
401,63,33->32->26->18->47->27,447,4527,Cloudy,High,Medium,Holiday,18->26->27->32->33->47,3,19,Female,China,Friends,High,Shopping,Walk,6,2,1,2,0.68125,0.4240859761879675,0.019230769230769273,0.75
402,2,23->49->5->16,127,7749,Rainy,Low,High,None,5->16->23->49,2,38,Male,USA,Friends,High,Relaxation,Bike,4,0,2,2,0.014583333333333337,0.7635654830892424,0.3846153846153847,0.25
403,153,38->22->49->24->2->29->3,435,3177,Snowy,High,Medium,None,2->3->22->24->29->38->49,3,20,Female,USA,Group,Low,Shopping,Walk,7,2,1,0,0.65625,0.2818459593298914,0.03846153846153849,1.0
404,23,50->34->37->19,236,6921,Cloudy,High,Medium,None,19->34->37->50,1,61,Other,USA,Family,Low,Relaxation,Taxi,4,2,1,0,0.24166666666666664,0.6763249394162891,0.826923076923077,0.25
405,101,37->21->10->49,566,2892,Snowy,Low,Medium,Festival,10->21->37->49,2,44,Male,France,Group,High,Shopping,Walk,4,0,1,2,0.9291666666666667,0.25181751132651986,0.5000000000000001,0.25
406,98,23->22->6->42->34,433,4209,Snowy,High,Low,None,6->22->23->34->42,3,26,Other,China,Friends,Low,Nature,Car,5,2,0,0,0.6520833333333333,0.3905805499947318,0.15384615384615385,0.5
407,101,45->26->11->43->6->42->28,555,4260,Cloudy,High,Medium,None,6->11->26->28->42->43->45,2,44,Male,France,Group,High,Shopping,Walk,7,2,1,2,0.90625,0.39595406174270364,0.5000000000000001,1.0
408,39,13->9->30->8->24->34,312,7626,Rainy,Low,Medium,Holiday,8->9->13->24->30->34,3,51,Female,India,Group,Low,Nature,Car,6,0,1,0,0.4,0.75060583710884,0.6346153846153847,0.75
409,57,17->26->4->20->34->8,488,6316,Cloudy,Low,High,Festival,4->8->17->20->26->34,3,46,Male,Japan,Family,Low,Nature,Bike,6,0,2,0,0.7666666666666666,0.612580339268781,0.5384615384615385,0.75
410,35,7->5->50->15->34,284,8028,Sunny,Low,Medium,Festival,5->7->15->34->50,5,62,Other,France,Group,Medium,Relaxation,Train,5,0,1,1,0.3416666666666667,0.7929617532399115,0.8461538461538461,0.5
411,29,21->16->3,218,3943,Snowy,High,High,None,3->16->21,3,40,Other,China,Friends,Medium,Cultural,Taxi,3,2,2,1,0.20416666666666666,0.3625539985249183,0.42307692307692313,0.0
412,52,32->45->48,442,7794,Sunny,Low,High,Holiday,32->45->48,2,26,Male,USA,Solo,High,Shopping,Car,3,0,2,2,0.6708333333333333,0.7683068169845116,0.15384615384615385,0.0
413,200,7->41->3->26,417,5017,Sunny,Low,Medium,Festival,3->7->26->41,1,23,Female,India,Group,High,Food,Bus,4,0,1,2,0.61875,0.47571383415867663,0.0961538461538462,0.25
414,197,29->1->30->42,550,3398,Snowy,High,High,Holiday,1->29->30->42,5,23,Male,India,Group,High,Food,Walk,4,2,2,2,0.8958333333333333,0.3051311769044358,0.0961538461538462,0.25
415,138,50->14->47->15,202,893,Sunny,Medium,Low,Festival,14->15->47->50,3,36,Other,France,Solo,High,Adventure,Car,4,1,0,2,0.17083333333333334,0.041196923401116844,0.34615384615384615,0.25
416,9,21->8->6->31,160,7232,Cloudy,Low,Low,None,6->8->21->31,3,53,Female,Japan,Family,High,Shopping,Car,4,0,0,2,0.08333333333333331,0.7090928247813718,0.6730769230769232,0.25
417,80,2->48->7->5->29->41->18,311,7216,Snowy,Low,Medium,None,2->5->7->18->29->41->48,3,67,Male,UK,Family,Medium,Food,Walk,7,0,1,1,0.3979166666666667,0.707407017174165,0.9423076923076924,1.0
418,120,2->22->25->1->10,513,2454,Sunny,Medium,Low,Festival,1->2->10->22->25,4,55,Other,Germany,Friends,High,Relaxation,Bus,5,1,0,2,0.8187500000000001,0.20566852807923294,0.7115384615384616,0.5
419,195,39->47->17,396,9584,Rainy,Low,Medium,Holiday,17->39->47,2,19,Other,France,Family,Medium,Cultural,Train,3,0,1,1,0.575,0.9569065430407754,0.019230769230769273,0.0
420,50,19->31->35->44->32->36,529,7991,Cloudy,High,Medium,None,19->31->32->35->36->44,2,66,Male,USA,Solo,High,Food,Train,6,2,1,2,0.8520833333333333,0.7890633231482457,0.9230769230769232,0.75
421,2,10->15->32->13,554,7980,Cloudy,High,High,Holiday,10->13->15->32,1,38,Male,USA,Friends,High,Relaxation,Bike,4,2,2,2,0.9041666666666666,0.787904330418291,0.3846153846153847,0.25
422,11,37->29->14->24->45,526,6836,Sunny,Low,High,None,14->24->29->37->45,2,19,Female,UK,Friends,Medium,Food,Taxi,5,0,2,1,0.8458333333333332,0.6673690865030029,0.019230769230769273,0.5
423,188,45->15->11->49,203,8089,Snowy,High,High,Holiday,11->15->45->49,4,20,Other,India,Group,Medium,Nature,Train,4,2,2,1,0.17291666666666666,0.7993888947423875,0.03846153846153849,0.25
424,86,46->28->25->35->19->48->3,519,9397,Snowy,Low,Medium,Holiday,3->19->25->28->35->46->48,3,38,Female,USA,Friends,Low,Adventure,Car,7,0,1,0,0.83125,0.9372036666315456,0.3846153846153847,1.0
425,1,38->49->44->42,489,1294,Snowy,Medium,High,Holiday,38->42->44->49,3,44,Other,China,Group,Medium,Adventure,Taxi,4,1,2,1,0.76875,0.08344747655673795,0.5000000000000001,0.25
426,52,6->48->46->27->12->19,572,9401,Snowy,High,Medium,Holiday,6->12->19->27->46->48,1,26,Male,USA,Solo,High,Shopping,Car,6,2,1,2,0.9416666666666667,0.9376251185333474,0.15384615384615385,0.75
427,125,21->28->26->43,187,2275,Cloudy,High,Medium,Festival,21->26->28->43,3,31,Male,Germany,Solo,Low,Cultural,Train,4,2,1,0,0.13958333333333334,0.18680855547360656,0.25,0.25
428,14,9->5->19->34->18,382,2970,Rainy,Low,High,Festival,5->9->18->19->34,5,35,Other,Japan,Group,Low,Shopping,Taxi,5,0,2,0,0.5458333333333333,0.2600358234116531,0.326923076923077,0.5
429,120,17->33->26->12->9,450,2834,Cloudy,High,Medium,Holiday,9->12->17->26->33,4,55,Other,Germany,Friends,High,Relaxation,Bus,5,2,1,2,0.6875,0.24570645875039512,0.7115384615384616,0.5
430,196,25->9->29->33->24->37->27,309,5327,Snowy,High,Low,None,9->24->25->27->29->33->37,2,32,Other,USA,Group,Low,Nature,Car,7,2,0,0,0.39375000000000004,0.5083763565483089,0.2692307692307693,1.0
431,23,1->33->50->11->29->23->38,526,3184,Rainy,High,Medium,None,1->11->23->29->33->38->50,5,61,Other,USA,Family,Low,Relaxation,Taxi,7,2,1,0,0.8458333333333332,0.28258350015804445,0.826923076923077,1.0
432,78,39->11->23,181,1491,Snowy,Medium,Low,Holiday,11->23->39,4,68,Male,Germany,Group,Medium,Relaxation,Train,3,1,0,1,0.12708333333333333,0.10420398272047202,0.9615384615384616,0.0
433,30,47->19->44->48->43->49->22,168,2877,Sunny,Medium,High,Festival,19->22->43->44->47->48->49,4,25,Male,India,Solo,Low,Shopping,Train,7,1,2,0,0.09999999999999998,0.2502370666947634,0.13461538461538464,1.0
434,4,23->1->28->34,418,2807,Snowy,Low,High,None,1->23->28->34,2,31,Female,Germany,Family,Medium,Shopping,Car,4,0,2,1,0.6208333333333333,0.24286165841323357,0.25,0.25
435,86,24->9->26->1,149,6016,Cloudy,Low,High,Festival,1->9->24->26,5,38,Female,USA,Friends,Low,Adventure,Car,4,0,2,0,0.060416666666666674,0.580971446633653,0.3846153846153847,0.25
436,33,25->23->41->27,561,8734,Snowy,Medium,High,None,23->25->27->41,4,26,Male,USA,Friends,High,Food,Walk,4,1,2,2,0.91875,0.8673480139079127,0.15384615384615385,0.25
437,95,37->13->40,570,6804,Snowy,Low,High,None,13->37->40,3,42,Male,Japan,Family,Medium,Food,Bike,3,0,2,1,0.9375,0.6639974712885892,0.46153846153846156,0.0
438,54,34->28->50,259,7723,Sunny,Medium,High,None,28->34->50,5,34,Female,Germany,Friends,Medium,Cultural,Train,3,1,2,1,0.2895833333333333,0.7608260457275313,0.3076923076923077,0.0
439,157,13->10->25,340,2324,Sunny,Low,Medium,Festival,10->13->25,3,52,Other,Japan,Group,Low,Food,Bus,3,0,1,0,0.45833333333333337,0.19197134127067747,0.6538461538461539,0.0
440,56,49->46->33->6->24->47,156,572,Cloudy,Medium,Medium,None,6->24->33->46->47->49,2,34,Male,USA,Solo,Medium,Adventure,Taxi,6,1,1,1,0.07500000000000001,0.007375408281529869,0.3076923076923077,0.75
441,106,23->18->5,234,7579,Sunny,High,High,Holiday,5->18->23,4,52,Female,India,Group,Low,Adventure,Car,3,2,2,0,0.2375,0.7456537772626699,0.6538461538461539,0.0
442,82,3->33->15->46,343,3352,Snowy,Medium,Medium,Festival,3->15->33->46,3,38,Female,France,Friends,Low,Food,Bike,4,1,1,0,0.46458333333333335,0.3002844800337161,0.3846153846153847,0.25
443,45,8->43->41->48->7,399,6555,Snowy,High,Low,Holiday,7->8->41->43->48,4,36,Female,India,Group,High,Nature,Train,5,2,0,2,0.5812499999999999,0.637762090401433,0.34615384615384615,0.5
444,116,33->16->18->30,268,3392,Snowy,Medium,Medium,None,16->18->30->33,4,54,Male,France,Solo,Medium,Relaxation,Car,4,1,1,1,0.30833333333333335,0.30449899905173317,0.6923076923076924,0.25
445,27,38->16->1->19->13->14,432,5811,Cloudy,Medium,High,None,1->13->14->16->19->38,2,60,Female,USA,Friends,Medium,Cultural,Bike,6,1,2,1,0.65,0.5593720366663154,0.8076923076923078,0.75
446,162,23->36->34->26,271,6298,Cloudy,Low,Low,Holiday,23->26->34->36,4,38,Male,USA,Solo,Medium,Nature,Train,4,0,0,1,0.3145833333333333,0.6106838057106733,0.3846153846153847,0.25
447,171,45->16->5->35->3,402,1111,Rainy,Low,Medium,Holiday,3->5->16->35->45,1,30,Other,Germany,Solo,Medium,Nature,Walk,5,0,1,1,0.5875,0.06416605204930986,0.23076923076923084,0.5
448,125,13->21->30->44->40,425,1265,Sunny,High,High,None,13->21->30->40->44,4,31,Male,Germany,Solo,Low,Cultural,Train,5,2,2,0,0.6354166666666666,0.08039195026867557,0.25,0.5
449,167,13->7->45->12->42->16,452,7817,Cloudy,Medium,Medium,Holiday,7->12->13->16->42->45,4,18,Other,China,Friends,Low,Nature,Car,6,1,1,0,0.6916666666666667,0.7707301654198715,0.0,0.75
450,125,28->26->31,173,6407,Rainy,Low,Medium,Holiday,26->28->31,1,31,Male,Germany,Solo,Low,Cultural,Train,3,0,1,0,0.11041666666666666,0.6221683700347698,0.25,0.0
451,95,34->42->10,336,4826,Sunny,High,Low,Holiday,10->34->42,5,42,Male,Japan,Family,Medium,Food,Bike,3,2,0,1,0.44999999999999996,0.4555895058476451,0.46153846153846156,0.0
452,192,29->34->47->24->2,433,2228,Rainy,High,Medium,Holiday,2->24->29->34->47,4,47,Female,India,Family,Medium,Shopping,Car,5,2,1,1,0.6520833333333333,0.1818564956274365,0.5576923076923077,0.5
453,152,11->30->3->38,569,4200,Sunny,Low,Medium,Festival,3->11->30->38,4,68,Female,USA,Family,Medium,Relaxation,Car,4,0,1,1,0.9354166666666666,0.389632283215678,0.9615384615384616,0.25
454,32,45->11->24->7->32->35->33,165,9993,Rainy,High,Medium,None,7->11->24->32->33->35->45,5,59,Male,Germany,Solo,Medium,Relaxation,Bus,7,2,1,1,0.09375,0.9999999999999999,0.7884615384615384,1.0
455,191,34->32->21->35->50->4,198,3980,Rainy,Medium,High,Holiday,4->21->32->34->35->50,3,51,Male,Germany,Friends,High,Food,Train,6,1,2,2,0.16249999999999998,0.3664524286165841,0.6346153846153847,0.75
456,57,23->14->49->39->21->2,440,568,Rainy,Medium,Medium,Festival,2->14->21->23->39->49,5,46,Male,Japan,Family,Low,Nature,Bike,6,1,1,0,0.6666666666666666,0.006953956379728163,0.5384615384615385,0.75
457,20,34->29->39->47->46,428,8496,Sunny,High,Low,None,29->34->39->46->47,3,57,Male,China,Solo,High,Food,Walk,5,2,0,2,0.6416666666666666,0.8422716257507112,0.7500000000000001,0.5
458,17,30->49->10->34->5,462,6075,Rainy,High,Medium,None,5->10->30->34->49,4,57,Male,UK,Group,Medium,Shopping,Taxi,5,2,1,1,0.7125,0.5871878621852281,0.7500000000000001,0.5
459,53,34->40->14->10->25,183,3339,Sunny,High,Medium,None,10->14->25->34->40,2,55,Female,USA,Group,High,Relaxation,Walk,5,2,1,2,0.13124999999999998,0.29891476135286055,0.7115384615384616,0.5
460,38,44->47->20->28->16,533,5476,Cloudy,Medium,Medium,Holiday,16->20->28->44->47,5,49,Male,France,Friends,Low,Food,Train,5,1,1,0,0.8604166666666666,0.5240754398904225,0.5961538461538463,0.5
461,43,41->16->29->42,339,8801,Snowy,High,High,None,16->29->41->42,4,32,Female,China,Friends,Medium,Food,Walk,4,2,2,1,0.45625000000000004,0.8744073332630914,0.2692307692307693,0.25
462,100,36->24->33->4->50->42->19,574,858,Sunny,Low,High,Holiday,4->19->24->33->36->42->50,2,64,Female,Japan,Solo,Low,Shopping,Walk,7,0,2,0,0.9458333333333333,0.0375092192603519,0.8846153846153847,1.0
463,68,25->30->23,281,4734,Sunny,Medium,High,Festival,23->25->30,1,70,Other,France,Friends,Medium,Nature,Car,3,1,2,1,0.3354166666666667,0.44589611210620583,1.0,0.0
464,11,12->14->18->40->25->28->8,472,7313,Rainy,Low,High,None,8->12->14->18->25->28->40,3,19,Female,UK,Friends,Medium,Food,Taxi,7,0,2,1,0.7333333333333333,0.7176272257928564,0.019230769230769273,1.0
465,159,37->45->44->46,493,3841,Snowy,Low,High,Festival,37->44->45->46,1,44,Female,UK,Group,Medium,Cultural,Bike,4,0,2,1,0.7770833333333333,0.35180697502897484,0.5000000000000001,0.25
466,181,23->16->4->6->26->39->38,219,4113,Sunny,Medium,Medium,Holiday,4->6->16->23->26->38->39,3,69,Male,Germany,Friends,Low,Food,Taxi,7,1,1,0,0.20625,0.38046570435149085,0.980769230769231,1.0
467,94,27->47->14->19,357,1403,Snowy,Low,Low,Festival,14->19->27->47,4,55,Male,Japan,Group,Medium,Food,Car,4,0,0,1,0.49375,0.09493204088083446,0.7115384615384616,0.25
468,90,14->9->47->13,444,1609,Cloudy,High,Medium,None,9->13->14->47,1,18,Female,China,Friends,Medium,Food,Bike,4,2,1,1,0.6749999999999999,0.11663681382362237,0.0,0.25
469,193,11->26->21,479,8172,Cloudy,Medium,Low,None,11->21->26,4,30,Female,UK,Group,Low,Cultural,Bike,3,1,0,0,0.7479166666666667,0.8081340217047729,0.23076923076923084,0.0
470,62,8->10->37->24->23->35->18,207,2157,Rainy,Medium,Low,Holiday,8->10->18->23->24->35->37,5,19,Other,China,Solo,Low,Food,Car,7,1,0,0,0.18124999999999997,0.1743757243704562,0.019230769230769273,1.0
471,88,40->31->4->49->11->36->16,431,7295,Rainy,Low,Low,Festival,4->11->16->31->36->40->49,2,33,Other,Germany,Group,Medium,Nature,Bike,7,0,0,1,0.6479166666666667,0.7157306922347487,0.28846153846153855,1.0
472,131,34->8->7,371,2637,Cloudy,High,Medium,Holiday,7->8->34,5,41,Female,China,Group,High,Cultural,Car,3,2,1,2,0.5229166666666667,0.22494995258666103,0.4423076923076924,0.0
473,64,11->18->24->49,497,1723,Rainy,High,Medium,Holiday,11->18->24->49,2,25,Female,China,Group,Low,Nature,Bus,4,2,1,0,0.7854166666666667,0.12864819302497102,0.13461538461538464,0.25
474,192,5->9->27->50->12,208,6477,Rainy,Medium,Low,Festival,5->9->12->27->50,3,47,Female,India,Family,Medium,Shopping,Car,5,1,0,1,0.18333333333333335,0.6295437783162997,0.5576923076923077,0.5
475,189,40->18->15->22,566,7850,Rainy,Medium,High,Festival,15->18->22->40,2,58,Female,Japan,Friends,Medium,Food,Taxi,4,1,2,1,0.9291666666666667,0.7742071436097355,0.7692307692307693,0.25
476,114,43->50->22->44->11->39,528,3575,Snowy,High,Medium,None,11->22->39->43->44->50,5,19,Female,China,Family,High,Cultural,Taxi,6,2,1,2,0.8500000000000001,0.32378042355916126,0.019230769230769273,0.75
477,61,43->38->20->9->34->14,162,6726,Sunny,High,Low,Festival,9->14->20->34->38->43,2,20,Male,France,Solo,Medium,Food,Taxi,6,2,0,1,0.08750000000000002,0.6557791592034559,0.03846153846153849,0.75
478,86,50->16->20->18->49->8,269,3869,Snowy,High,Medium,Holiday,8->16->18->20->49->50,1,38,Female,USA,Friends,Low,Adventure,Car,6,2,1,0,0.3104166666666667,0.35475713834158673,0.3846153846153847,0.75
479,22,8->33->30,263,3534,Cloudy,High,High,Festival,8->30->33,3,65,Male,India,Friends,High,Adventure,Taxi,3,2,2,2,0.2979166666666666,0.3194605415656938,0.9038461538461539,0.0
480,47,17->5->42->46,531,2655,Sunny,High,High,Festival,5->17->42->46,3,57,Female,Japan,Group,Medium,Food,Train,4,2,2,1,0.85625,0.22684648614476874,0.7500000000000001,0.25
481,46,31->11->36->21->50,293,3407,Snowy,Low,Medium,Holiday,11->21->31->36->50,4,44,Female,USA,Family,High,Cultural,Taxi,5,0,1,2,0.3604166666666666,0.3060794436834896,0.5000000000000001,0.5
482,43,44->21->48->40->9->1->18,405,6949,Snowy,Low,Medium,None,1->9->18->21->40->44->48,3,32,Female,China,Friends,Medium,Food,Walk,7,0,1,1,0.59375,0.679275102728901,0.2692307692307693,1.0
483,58,22->15->47->50,123,4139,Snowy,High,Medium,Holiday,15->22->47->50,4,60,Male,France,Solo,High,Relaxation,Bus,4,2,1,2,0.006249999999999978,0.38320514171320197,0.8076923076923078,0.25
484,177,46->1->44->11,372,7173,Rainy,Low,Medium,Holiday,1->11->44->46,5,57,Other,USA,Group,Low,Nature,Walk,4,0,1,0,0.525,0.7028764092297967,0.7500000000000001,0.25
485,172,18->12->2,327,2692,Rainy,Medium,Low,Festival,2->12->18,1,54,Other,China,Group,Low,Relaxation,Bike,3,1,0,0,0.43125,0.23074491623643453,0.6923076923076924,0.0
486,73,35->11->49->5->15,378,5442,Rainy,Low,Low,Holiday,5->11->15->35->49,2,41,Female,UK,Friends,High,Nature,Taxi,5,0,0,2,0.5375,0.520493098725108,0.4423076923076924,0.5
487,154,23->5->34,164,9683,Rainy,Low,Low,None,5->23->34,4,42,Other,France,Solo,Medium,Adventure,Bus,3,0,0,1,0.09166666666666667,0.9673374776103677,0.46153846153846156,0.0
488,141,46->1->28->34->40,212,4810,Cloudy,Medium,Medium,Holiday,1->28->34->40->46,4,32,Female,France,Group,Low,Adventure,Train,5,1,1,0,0.19166666666666665,0.4539036982404383,0.2692307692307693,0.5
489,195,25->17->46->26->7,356,9587,Cloudy,Low,Medium,None,7->17->25->26->46,2,19,Other,France,Family,Medium,Cultural,Train,5,0,1,1,0.4916666666666667,0.9572226319671268,0.019230769230769273,0.5
490,140,7->14->22,523,6151,Sunny,Medium,High,Holiday,7->14->22,1,54,Other,China,Solo,High,Food,Bike,3,1,2,2,0.8395833333333333,0.5951954483194606,0.6923076923076924,0.0
491,154,21->37->32->17->31->36,232,9151,Rainy,Low,High,Holiday,17->21->31->32->36->37,1,42,Other,France,Solo,Medium,Adventure,Bus,6,0,2,1,0.23333333333333334,0.9112843746707406,0.46153846153846156,0.75
492,60,13->38->2->41,448,882,Rainy,Medium,High,None,2->13->38->41,3,25,Male,China,Solo,High,Cultural,Train,4,1,2,2,0.6833333333333333,0.04003793067116215,0.13461538461538464,0.25
493,129,42->34->9->2->30,308,508,Cloudy,High,Medium,None,2->9->30->34->42,1,56,Other,Germany,Family,High,Food,Car,5,2,1,2,0.3916666666666666,0.000632177852702559,0.730769230769231,0.5
494,200,12->16->20,557,6667,Snowy,High,Medium,Holiday,12->16->20,2,23,Female,India,Group,High,Food,Bus,3,2,1,2,0.9104166666666667,0.6495627436518807,0.0961538461538462,0.0
495,188,17->13->50->20->29->48,274,2974,Snowy,High,Medium,None,13->17->20->29->48->50,3,20,Other,India,Group,Medium,Nature,Train,6,2,1,1,0.3208333333333333,0.26045727531345486,0.03846153846153849,0.75
496,170,17->49->41,284,4688,Rainy,Medium,Medium,Holiday,17->41->49,2,31,Other,UK,Solo,Low,Adventure,Taxi,3,1,1,0,0.3416666666666667,0.44104941523548624,0.25,0.0
497,124,50->17->21->34,596,1046,Sunny,High,Medium,Holiday,17->21->34->50,2,18,Male,India,Group,High,Shopping,Bus,4,2,1,2,0.9916666666666667,0.05731745864503213,0.0,0.25
498,185,11->9->44->4->27->23->14,539,1835,Snowy,High,Low,Holiday,4->9->11->14->23->27->44,3,19,Female,UK,Friends,High,Relaxation,Taxi,7,2,0,2,0.8729166666666666,0.14044884627541881,0.019230769230769273,1.0
499,63,19->10->39->33->37,139,5272,Cloudy,High,Low,Holiday,10->19->33->37->39,4,19,Female,China,Friends,High,Shopping,Walk,5,2,0,2,0.039583333333333304,0.5025813928985354,0.019230769230769273,0.5
500,115,50->45->24->16->25->14,286,9617,Rainy,Medium,Medium,Holiday,14->16->24->25->45->50,4,50,Male,France,Family,High,Shopping,Train,6,1,1,2,0.3458333333333333,0.9603835212306396,0.6153846153846154,0.75
501,46,7->46->20,169,9303,Rainy,Medium,High,None,7->20->46,2,44,Female,USA,Family,High,Cultural,Taxi,3,1,2,2,0.1020833333333333,0.9272995469392056,0.5000000000000001,0.0
502,176,32->7->6->30->40->37->41,120,7938,Snowy,Low,Low,Holiday,6->7->30->32->37->40->41,4,31,Other,China,Group,High,Relaxation,Taxi,7,0,0,2,0.0,0.7834790854493731,0.25,1.0
503,200,35->37->41->46->11->44,359,2648,Sunny,High,High,Festival,11->35->37->41->44->46,4,23,Female,India,Group,High,Food,Bus,6,2,2,2,0.4979166666666667,0.2261089453166157,0.0961538461538462,0.75
504,194,8->45->18->17->49,592,9038,Rainy,Medium,Medium,Holiday,8->17->18->45->49,5,50,Male,Japan,Family,Medium,Shopping,Walk,5,1,1,1,0.9833333333333334,0.8993783584448425,0.6153846153846154,0.5
505,59,10->16->42->23,425,6494,Cloudy,High,Low,Holiday,10->16->23->42,3,53,Male,France,Friends,Low,Shopping,Car,4,2,0,0,0.6354166666666666,0.6313349488989569,0.6730769230769232,0.25
506,149,3->13->11->22->26->18->23,197,1902,Rainy,High,Medium,Festival,3->11->13->18->22->23->26,2,36,Female,China,Family,High,Food,Bus,7,2,1,2,0.16041666666666665,0.1475081656305974,0.34615384615384615,1.0
507,19,24->10->30,466,5385,Snowy,Medium,Low,Festival,10->24->30,5,32,Male,UK,Family,High,Nature,Train,3,1,0,2,0.7208333333333333,0.5144874091244337,0.2692307692307693,0.0
508,4,43->21->25->47->19,413,9211,Sunny,High,Low,Festival,19->21->25->43->47,1,31,Female,Germany,Family,Medium,Shopping,Car,5,2,0,1,0.6104166666666666,0.9176061531977663,0.25,0.5
509,76,19->42->20,190,8346,Snowy,Medium,Low,Festival,19->20->42,3,66,Female,Japan,Solo,Low,Nature,Walk,3,1,0,0,0.14583333333333331,0.8264671794331472,0.9230769230769232,0.0
510,124,45->14->40->10->33,234,5589,Rainy,Low,Low,Festival,10->14->33->40->45,2,18,Male,India,Group,High,Shopping,Bus,5,0,0,2,0.2375,0.5359814561163208,0.0,0.5
511,118,2->27->1->35->32,144,5812,Rainy,High,Low,None,1->2->27->32->35,3,64,Male,India,Solo,High,Nature,Taxi,5,2,0,2,0.04999999999999999,0.5594773996417659,0.8846153846153847,0.5
512,130,23->9->14->34->20->24->44,160,1084,Cloudy,Medium,Medium,Festival,9->14->20->23->24->34->44,2,41,Other,India,Friends,Medium,Shopping,Train,7,1,1,1,0.08333333333333331,0.06132125171214835,0.4423076923076924,1.0
513,60,24->22->11->15->6->1->40,277,2794,Sunny,High,High,Festival,1->6->11->15->22->24->40,5,25,Male,China,Solo,High,Cultural,Train,7,2,2,2,0.3270833333333333,0.241491939732378,0.13461538461538464,1.0
514,16,29->7->15,469,3875,Sunny,Low,Medium,Festival,7->15->29,3,32,Male,USA,Friends,Low,Relaxation,Walk,3,0,1,0,0.7270833333333333,0.35538931619428926,0.2692307692307693,0.0
515,53,46->18->42->11,421,4331,Cloudy,Medium,Low,Festival,11->18->42->46,4,55,Female,USA,Group,High,Relaxation,Walk,4,1,0,2,0.6270833333333333,0.40343483299968386,0.7115384615384616,0.25
516,68,46->7->11->32,276,8536,Sunny,Medium,High,None,7->11->32->46,4,70,Other,France,Friends,Medium,Nature,Car,4,1,2,1,0.32499999999999996,0.8464861447687283,1.0,0.25
517,43,33->12->34,159,8199,Sunny,High,Low,Holiday,12->33->34,2,32,Female,China,Friends,Medium,Food,Walk,3,2,0,1,0.08124999999999999,0.8109788220419345,0.2692307692307693,0.0
518,27,3->34->24,431,2078,Rainy,High,Low,Festival,3->24->34,5,60,Female,USA,Friends,Medium,Cultural,Bike,3,2,0,1,0.6479166666666667,0.1660520493098725,0.8076923076923078,0.0
519,89,15->25->5->8->40,299,5757,Snowy,High,Low,Holiday,5->8->15->25->40,3,45,Male,USA,Group,Medium,Shopping,Train,5,2,0,1,0.3729166666666667,0.5536824359919924,0.5192307692307693,0.5
520,123,2->44->26,577,2249,Snowy,High,Medium,Holiday,2->26->44,2,25,Other,Germany,Solo,Low,Nature,Bike,3,2,1,0,0.9520833333333334,0.18406911811189547,0.13461538461538464,0.0
521,187,37->44->30->23,286,6041,Rainy,Medium,Low,Holiday,23->30->37->44,4,18,Male,UK,Group,Medium,Shopping,Bus,4,1,0,1,0.3458333333333333,0.5836055210199136,0.0,0.25
522,8,6->45->18->14->40->10,428,4223,Snowy,Medium,Medium,Holiday,6->10->14->18->40->45,3,24,Female,USA,Family,Low,Adventure,Walk,6,1,1,0,0.6416666666666666,0.39205563165103785,0.11538461538461542,0.75
523,10,25->40->24->38->5->29->49,193,6274,Sunny,Medium,High,Festival,5->24->25->29->38->40->49,2,46,Male,India,Family,High,Food,Train,7,1,2,2,0.15208333333333335,0.608155094299863,0.5384615384615385,1.0
524,9,15->35->42->14->50->1->22,125,8437,Sunny,High,Medium,None,1->14->15->22->35->42->50,4,53,Female,Japan,Family,High,Shopping,Car,7,2,1,2,0.010416666666666685,0.836055210199136,0.6730769230769232,1.0
525,173,8->9->34->24->17->41->13,461,5286,Snowy,Low,Medium,None,8->9->13->17->24->34->41,2,70,Male,China,Solo,Medium,Food,Bike,7,0,1,1,0.7104166666666667,0.5040564745548415,1.0,1.0
526,160,15->34->29->50->47->6,508,9867,Sunny,Medium,High,Festival,6->15->29->34->47->50,3,43,Female,Germany,Friends,Low,Food,Taxi,6,1,2,0,0.8083333333333333,0.9867242650932463,0.48076923076923084,0.75
527,115,25->13->2->24->27,494,7692,Sunny,Medium,Medium,Holiday,2->13->24->25->27,4,50,Male,France,Family,High,Shopping,Train,5,1,1,2,0.7791666666666666,0.7575597934885682,0.6153846153846154,0.5
528,133,3->43->33->36->24->16->23,491,6144,Rainy,Medium,Low,None,3->16->23->24->33->36->43,1,69,Male,USA,Group,Medium,Shopping,Train,7,1,0,1,0.7729166666666667,0.5944579074913076,0.980769230769231,1.0
529,35,13->8->3->50->39,525,3494,Cloudy,Medium,Low,Holiday,3->8->13->39->50,4,62,Other,France,Group,Medium,Relaxation,Train,5,1,0,1,0.84375,0.31524602254767675,0.8461538461538461,0.5
530,82,4->33->25->17->29->1,320,2777,Cloudy,Low,High,Holiday,1->4->17->25->29->33,3,38,Female,France,Friends,Low,Food,Bike,6,0,2,0,0.41666666666666663,0.2397007691497208,0.3846153846153847,0.75
531,142,15->47->27->23->43,286,5692,Snowy,Low,Low,None,15->23->27->43->47,5,42,Male,China,Solo,Low,Shopping,Car,5,0,0,0,0.3458333333333333,0.5468338425877147,0.46153846153846156,0.5
532,61,2->5->11->30->33->14,488,4254,Sunny,High,Low,Festival,2->5->11->14->30->33,2,20,Male,France,Solo,Medium,Food,Taxi,6,2,0,1,0.7666666666666666,0.395321883890001,0.03846153846153849,0.75
533,165,12->11->38->13,584,8428,Cloudy,Medium,High,Festival,11->12->13->38,5,68,Male,UK,Friends,Medium,Nature,Walk,4,1,2,1,0.9666666666666666,0.8351069434200822,0.9615384615384616,0.25
534,87,41->23->15->17->38->33->13,482,7387,Snowy,Medium,Medium,Holiday,13->15->17->23->33->38->41,1,31,Female,Japan,Friends,Low,Food,Bus,7,1,1,0,0.7541666666666667,0.725424085976188,0.25,1.0
535,184,50->21->8->4->43,380,2291,Cloudy,High,High,None,4->8->21->43->50,4,69,Male,Germany,Family,Low,Relaxation,Bike,5,2,2,0,0.5416666666666666,0.18849436308081338,0.980769230769231,0.5
536,87,11->15->27,144,4633,Sunny,Medium,Low,Festival,11->15->27,1,31,Female,Japan,Friends,Low,Food,Bus,3,1,0,0,0.04999999999999999,0.43525445158571274,0.25,0.0
537,159,47->28->7->15->36->10->19,361,3716,Rainy,High,Medium,None,7->10->15->19->28->36->47,3,44,Female,UK,Group,Medium,Cultural,Bike,7,2,1,1,0.5020833333333333,0.3386366030976715,0.5000000000000001,1.0
538,192,21->16->7->14->1->44->17,157,9656,Rainy,Low,Low,Festival,1->7->14->16->17->21->44,4,47,Female,India,Family,Medium,Shopping,Car,7,0,0,1,0.07708333333333334,0.9644926772732062,0.5576923076923077,1.0
539,184,6->42->49,358,5542,Cloudy,Low,Medium,Festival,6->42->49,2,69,Male,Germany,Family,Low,Relaxation,Bike,3,0,1,0,0.49583333333333335,0.5310293962701507,0.980769230769231,0.0
540,19,49->36->15->5->45,557,2797,Rainy,Low,High,None,5->15->36->45->49,3,32,Male,UK,Family,High,Nature,Train,5,0,2,2,0.9104166666666667,0.24180802865872933,0.2692307692307693,0.5
541,9,37->2->38->24->43->9,168,4657,Cloudy,Medium,High,Holiday,2->9->24->37->38->43,3,53,Female,Japan,Family,High,Shopping,Car,6,1,2,2,0.09999999999999998,0.437783162996523,0.6730769230769232,0.75
542,43,1->24->22->48->8->7,502,4724,Sunny,Low,Medium,None,1->7->8->22->24->48,3,32,Female,China,Friends,Medium,Food,Walk,6,0,1,1,0.7958333333333334,0.44484248235170154,0.2692307692307693,0.75
543,150,37->21->10->13->5,454,8268,Rainy,High,Medium,Festival,5->10->13->21->37,4,51,Female,USA,Solo,Low,Cultural,Bus,5,2,1,0,0.6958333333333333,0.8182488673480139,0.6346153846153847,0.5
544,172,49->22->24,542,5318,Sunny,Medium,Low,None,22->24->49,4,54,Other,China,Group,Low,Relaxation,Bike,3,1,0,0,0.8791666666666667,0.5074280897692551,0.6923076923076924,0.0
545,5,24->40->31->21->25,358,8552,Rainy,Low,High,None,21->24->25->31->40,4,65,Other,Japan,Solo,Low,Cultural,Train,5,0,2,0,0.49583333333333335,0.8481719523759351,0.9038461538461539,0.5
546,27,43->25->11->13->23->33->6,441,1829,Rainy,Low,Low,Festival,6->11->13->23->25->33->43,4,60,Female,USA,Friends,Medium,Cultural,Bike,7,0,0,1,0.66875,0.13981666842271626,0.8076923076923078,1.0
547,90,17->10->44->50->47->20,592,5020,Sunny,Medium,Low,Festival,10->17->20->44->47->50,5,18,Female,China,Friends,Medium,Food,Bike,6,1,0,1,0.9833333333333334,0.4760299230850279,0.0,0.75
548,56,20->47->25->15->27,397,6336,Cloudy,Low,Medium,Holiday,15->20->25->27->47,5,34,Male,USA,Solo,Medium,Adventure,Taxi,5,0,1,1,0.5770833333333333,0.6146875987777894,0.3076923076923077,0.5
549,121,7->26->22,548,4906,Snowy,Medium,Medium,Festival,7->22->26,1,28,Other,Germany,Family,Medium,Adventure,Car,3,1,1,1,0.8916666666666666,0.46401854388367925,0.1923076923076924,0.0
550,4,27->31->35->20->12->24,256,1661,Snowy,High,High,Festival,12->20->24->27->31->35,5,31,Female,Germany,Family,Medium,Shopping,Car,6,2,2,1,0.2833333333333333,0.12211568854704455,0.25,0.75
551,88,12->17->39->27->24->15->49,314,8617,Rainy,High,High,Festival,12->15->17->24->27->39->49,1,33,Other,Germany,Group,Medium,Nature,Bike,7,2,2,1,0.4041666666666667,0.8550205457802128,0.28846153846153855,1.0
552,121,1->17->29->35->49->34->6,403,2795,Cloudy,High,Medium,None,1->6->17->29->34->35->49,2,28,Other,Germany,Family,Medium,Adventure,Car,7,2,1,1,0.5895833333333333,0.24159730270782845,0.1923076923076924,1.0
553,200,32->22->31->36->10,512,2559,Rainy,Low,Low,None,10->22->31->32->36,3,23,Female,India,Group,High,Food,Bus,5,0,0,2,0.8166666666666667,0.21673164050152774,0.0961538461538462,0.5
554,128,48->49->19->17,156,5986,Sunny,Low,Low,Festival,17->19->48->49,3,66,Male,UK,Family,Medium,Nature,Train,4,0,0,1,0.07500000000000001,0.5778105573701401,0.9230769230769232,0.25
555,40,40->24->11,548,2488,Sunny,High,Medium,Holiday,11->24->40,1,28,Male,USA,Solo,Medium,Shopping,Bike,3,2,1,1,0.8916666666666666,0.20925086924454747,0.1923076923076924,0.0
556,185,40->43->46->11->34->37,204,2489,Snowy,Medium,Medium,Festival,11->34->37->40->43->46,3,19,Female,UK,Friends,High,Relaxation,Taxi,6,1,1,2,0.175,0.20935623221999786,0.019230769230769273,0.75
557,24,32->17->35->25->42,433,9026,Snowy,High,Low,Holiday,17->25->32->35->42,2,67,Female,Japan,Family,Medium,Shopping,Walk,5,2,0,1,0.6520833333333333,0.8981140027394373,0.9423076923076924,0.5
558,20,1->48->15,599,809,Snowy,Low,Low,None,1->15->48,3,57,Male,China,Solo,High,Food,Walk,3,0,0,2,0.9979166666666666,0.032346433463281005,0.7500000000000001,0.0
559,62,18->23->41->43->47->32->30,543,6628,Sunny,Medium,Medium,None,18->23->30->32->41->43->47,2,19,Other,China,Solo,Low,Food,Car,7,1,1,0,0.8812500000000001,0.645453587609314,0.019230769230769273,1.0
560,54,29->10->41->44,134,2726,Sunny,Medium,Medium,None,10->29->41->44,3,34,Female,Germany,Friends,Medium,Cultural,Train,4,1,1,1,0.029166666666666674,0.234327257401749,0.3076923076923077,0.25
561,31,46->14->30->32->24->23,365,8215,Rainy,Medium,Low,Festival,14->23->24->30->32->46,2,61,Male,UK,Group,Low,Nature,Train,6,1,0,0,0.5104166666666666,0.8126646296491413,0.826923076923077,0.75
562,104,22->32->33,506,2573,Rainy,Medium,High,None,22->32->33,4,51,Male,India,Group,Medium,Shopping,Bus,3,1,2,1,0.8041666666666667,0.21820672215783374,0.6346153846153847,0.0
563,102,42->13->45,407,2157,Snowy,Low,Medium,None,13->42->45,4,54,Female,China,Group,High,Adventure,Bus,3,0,1,2,0.5979166666666667,0.1743757243704562,0.6923076923076924,0.0
564,57,32->17->26,357,7476,Cloudy,Low,High,Festival,17->26->32,3,46,Male,Japan,Family,Low,Nature,Bike,3,0,2,0,0.49375,0.7348013907912759,0.5384615384615385,0.0
565,123,14->48->45->37->24->28->36,396,5535,Snowy,Medium,Medium,Holiday,14->24->28->36->37->45->48,4,25,Other,Germany,Solo,Low,Nature,Bike,7,1,1,0,0.575,0.5302918554419976,0.13461538461538464,1.0
566,160,48->27->30->17,411,9212,Cloudy,Low,High,None,17->27->30->48,5,43,Female,Germany,Friends,Low,Food,Taxi,4,0,2,0,0.60625,0.9177115161732167,0.48076923076923084,0.25
567,109,23->20->21->15->33->13,569,2646,Rainy,Medium,Medium,Holiday,13->15->20->21->23->33,2,40,Male,USA,Family,Low,Food,Car,6,1,1,0,0.9354166666666666,0.2258982193657149,0.42307692307692313,0.75
568,171,36->14->1->10->50,476,7758,Sunny,High,High,Festival,1->10->14->36->50,2,30,Other,Germany,Solo,Medium,Nature,Walk,5,2,2,1,0.7416666666666667,0.7645137498682962,0.23076923076923084,0.5
569,172,27->19->24,361,1122,Sunny,High,High,None,19->24->27,3,54,Other,China,Group,Low,Relaxation,Bike,3,2,2,0,0.5020833333333333,0.06532504477926457,0.6923076923076924,0.0
570,54,46->31->3->8->24->38,348,5326,Rainy,High,Low,None,3->8->24->31->38->46,3,34,Female,Germany,Friends,Medium,Cultural,Train,6,2,0,1,0.475,0.5082709935728585,0.3076923076923077,0.75
571,41,20->27->7->1,217,2995,Cloudy,Medium,Medium,None,1->7->20->27,3,29,Female,Germany,Friends,High,Shopping,Train,4,1,1,2,0.20208333333333334,0.26266989779791383,0.21153846153846156,0.25
572,162,48->9->28,241,8678,Snowy,High,High,Festival,9->28->48,3,38,Male,USA,Solo,Medium,Nature,Train,3,2,2,1,0.2520833333333333,0.8614476872826888,0.3846153846153847,0.0
573,6,8->9->14->44->2->39->27,555,8768,Cloudy,Low,High,None,2->8->9->14->27->39->44,2,36,Female,UK,Group,Low,Adventure,Bus,7,0,2,0,0.90625,0.8709303550732272,0.34615384615384615,1.0
574,65,4->37->17->12,356,4543,Cloudy,Medium,Medium,None,4->12->17->37,4,40,Male,USA,Solo,Low,Relaxation,Taxi,4,1,1,0,0.4916666666666667,0.42577178379517433,0.42307692307692313,0.25
575,189,15->44->26,155,7811,Rainy,High,Low,Holiday,15->26->44,1,58,Female,Japan,Friends,Medium,Food,Taxi,3,2,0,1,0.07291666666666669,0.7700979875671689,0.7692307692307693,0.0
576,80,34->17->13->6,461,8396,Cloudy,Low,Low,Festival,6->13->17->34,1,67,Male,UK,Family,Medium,Food,Walk,4,0,0,1,0.7104166666666667,0.8317353282056685,0.9423076923076924,0.25
577,163,5->6->42->35->43->9,273,905,Rainy,High,Medium,Festival,5->6->9->35->42->43,3,59,Female,India,Friends,Low,Food,Car,6,2,1,0,0.31875,0.04246127910652196,0.7884615384615384,0.75
578,135,42->6->50->43,254,7189,Sunny,Low,Low,None,6->42->43->50,1,68,Male,USA,Group,Medium,Shopping,Walk,4,0,0,1,0.2791666666666667,0.7045622168370035,0.9615384615384616,0.25
579,200,47->25->16,431,7659,Rainy,Medium,Low,None,16->25->47,4,23,Female,India,Group,High,Food,Bus,3,1,0,2,0.6479166666666667,0.754082815298704,0.0961538461538462,0.0
580,6,42->13->31->11->19,248,8482,Snowy,High,Low,None,11->13->19->31->42,5,36,Female,UK,Group,Low,Adventure,Bus,5,2,0,0,0.2666666666666666,0.8407965440944052,0.34615384615384615,0.5
581,175,37->25->36,518,605,Sunny,High,Low,Festival,25->36->37,5,46,Female,UK,Family,High,Cultural,Train,3,2,0,2,0.8291666666666666,0.010852386471393943,0.5384615384615385,0.0
582,95,21->7->25->46->37,188,8904,Cloudy,High,High,Festival,7->21->25->37->46,4,42,Male,Japan,Family,Medium,Food,Bike,5,2,2,1,0.14166666666666666,0.8852597197344853,0.46153846153846156,0.5
583,16,4->1->25->23,399,2690,Snowy,Medium,High,None,1->4->23->25,1,32,Male,USA,Friends,Low,Relaxation,Walk,4,1,2,0,0.5812499999999999,0.23053419028553365,0.2692307692307693,0.25
584,197,39->18->28->41->23->47->5,187,2735,Sunny,High,Medium,Festival,5->18->23->28->39->41->47,5,23,Male,India,Group,High,Food,Walk,7,2,1,2,0.13958333333333334,0.23527552418080286,0.0961538461538462,1.0
585,16,17->26->37->49->41,393,4544,Cloudy,Low,Medium,None,17->26->37->41->49,4,32,Male,USA,Friends,Low,Relaxation,Walk,5,0,1,0,0.56875,0.4258771467706248,0.2692307692307693,0.5
586,166,9->19->46,484,8584,Rainy,Low,High,Holiday,9->19->46,2,44,Male,Germany,Solo,Medium,Relaxation,Train,3,0,2,1,0.7583333333333333,0.8515435675903488,0.5000000000000001,0.0
587,14,24->36->32->22->31->42,470,7009,Snowy,Medium,Low,None,22->24->31->32->36->42,2,35,Other,Japan,Group,Low,Shopping,Taxi,6,1,0,0,0.7291666666666666,0.6855968812559267,0.326923076923077,0.75
588,15,15->27->7->11->12->21,407,8090,Rainy,Medium,Medium,Holiday,7->11->12->15->21->27,5,52,Male,Germany,Friends,Medium,Relaxation,Train,6,1,1,1,0.5979166666666667,0.799494257717838,0.6538461538461539,0.75
589,114,32->15->20->22->9,420,2224,Sunny,Medium,Medium,None,9->15->20->22->32,3,19,Female,China,Family,High,Cultural,Taxi,5,1,1,2,0.625,0.1814350437256348,0.019230769230769273,0.5
590,40,46->19->16->3,424,3455,Rainy,Low,High,None,3->16->19->46,3,28,Male,USA,Solo,Medium,Shopping,Bike,4,0,2,1,0.6333333333333333,0.3111368665051101,0.1923076923076924,0.25
591,133,46->14->3->26,546,8394,Rainy,High,Low,Holiday,3->14->26->46,5,69,Male,USA,Group,Medium,Shopping,Train,4,2,0,1,0.8875,0.8315246022547677,0.980769230769231,0.25
592,149,6->9->41->44->32->13,342,7646,Sunny,Low,High,None,6->9->13->32->41->44,2,36,Female,China,Family,High,Food,Bus,6,0,2,2,0.4625,0.7527130966178485,0.34615384615384615,0.75
593,58,13->34->43->4->5,195,5985,Cloudy,High,High,Festival,4->5->13->34->43,5,60,Male,France,Solo,High,Relaxation,Bus,5,2,2,2,0.15625,0.5777051943946897,0.8076923076923078,0.5
594,177,24->42->16->48,407,4233,Sunny,Medium,Low,Festival,16->24->42->48,2,57,Other,USA,Group,Low,Nature,Walk,4,1,0,0,0.5979166666666667,0.39310926140554203,0.7500000000000001,0.25
595,46,46->29->30->8->9->37,570,4707,Snowy,Medium,Medium,Festival,8->9->29->30->37->46,3,44,Female,USA,Family,High,Cultural,Taxi,6,1,1,2,0.9375,0.44305131176904433,0.5000000000000001,0.75
596,120,37->11->27,340,5392,Sunny,High,Low,None,11->27->37,2,55,Other,Germany,Friends,High,Relaxation,Bus,3,2,0,2,0.45833333333333337,0.5152249499525867,0.7115384615384616,0.0
597,144,50->16->26->1->10->48,597,4313,Rainy,Low,Medium,Festival,1->10->16->26->48->50,2,43,Male,Japan,Solo,High,Shopping,Walk,6,0,1,2,0.9937499999999999,0.40153829944157626,0.48076923076923084,0.75
598,129,8->3->18,231,5509,Cloudy,High,Low,Holiday,3->8->18,2,56,Other,Germany,Family,High,Food,Car,3,2,0,2,0.23125,0.5275524180802866,0.730769230769231,0.0
599,194,1->47->20,194,3499,Sunny,High,Medium,Holiday,1->20->47,3,50,Male,Japan,Family,Medium,Shopping,Walk,3,2,1,1,0.15416666666666667,0.3157728374249289,0.6153846153846154,0.0
600,149,8->23->7,272,8676,Sunny,Low,High,Festival,7->8->23,3,36,Female,China,Family,High,Food,Bus,3,0,2,2,0.31666666666666665,0.861236961331788,0.34615384615384615,0.0
601,144,1->42->31->32->37->50,265,7314,Snowy,Low,Low,Holiday,1->31->32->37->42->50,3,43,Male,Japan,Solo,High,Shopping,Walk,6,0,0,2,0.30208333333333337,0.7177325887683068,0.48076923076923084,0.75
602,122,11->12->8->9->22->37->41,311,8493,Snowy,Low,Medium,Festival,8->9->11->12->22->37->41,3,34,Other,China,Friends,Low,Relaxation,Bike,7,0,1,0,0.3979166666666667,0.8419555368243599,0.3076923076923077,1.0
603,83,12->3->9->29,230,8694,Rainy,Medium,Medium,Festival,3->9->12->29,4,62,Male,Germany,Friends,Medium,Adventure,Bus,4,1,1,1,0.22916666666666669,0.8631334948898957,0.8461538461538461,0.25
604,3,8->13->14->24,131,3218,Snowy,High,Medium,None,8->13->14->24,3,19,Other,USA,Friends,High,Adventure,Taxi,4,2,1,2,0.02291666666666664,0.286165841323359,0.019230769230769273,0.25
605,156,49->10->19,505,6271,Rainy,Medium,Low,None,10->19->49,3,34,Other,India,Group,Medium,Nature,Bus,3,1,0,1,0.8020833333333333,0.6078390053735118,0.3076923076923077,0.0
606,41,12->42->39->17->35,383,3810,Sunny,High,Low,Festival,12->17->35->39->42,5,29,Female,Germany,Friends,High,Shopping,Train,5,2,0,2,0.5479166666666666,0.3485407227900116,0.21153846153846156,0.5
607,3,6->18->20,501,8401,Snowy,High,High,Holiday,6->18->20,3,19,Other,USA,Friends,High,Adventure,Taxi,3,2,2,2,0.79375,0.8322621430829207,0.019230769230769273,0.0
608,162,11->13->21,442,3665,Snowy,High,Low,Festival,11->13->21,4,38,Male,USA,Solo,Medium,Nature,Train,3,2,0,1,0.6708333333333333,0.33326309134969967,0.3846153846153847,0.0
609,145,25->39->42->22->46->19,257,1486,Snowy,Low,Low,Festival,19->22->25->39->42->46,4,36,Female,Japan,Group,High,Shopping,Train,6,0,0,2,0.28541666666666665,0.1036771678432199,0.34615384615384615,0.75
610,62,13->32->28->30->4,453,9145,Rainy,Medium,Medium,None,4->13->28->30->32,2,19,Other,China,Solo,Low,Food,Car,5,1,1,0,0.69375,0.9106521968180381,0.019230769230769273,0.5
611,111,41->47->1->31,448,6717,Snowy,Medium,Low,None,1->31->41->47,2,45,Female,Japan,Solo,Medium,Shopping,Car,4,1,0,1,0.6833333333333333,0.6548308924244021,0.5192307692307693,0.25
612,182,4->24->18->14->2->22,375,9753,Sunny,High,Low,Festival,2->4->14->18->22->24,2,69,Female,China,Family,Medium,Food,Train,6,2,0,1,0.53125,0.9747128858918975,0.980769230769231,0.75
613,149,3->19->43->46->41->29,557,6728,Sunny,Medium,Low,Festival,3->19->29->41->43->46,2,36,Female,China,Family,High,Food,Bus,6,1,0,2,0.9104166666666667,0.6559898851543567,0.34615384615384615,0.75
614,9,22->31->28->5,576,6190,Rainy,Medium,High,Festival,5->22->28->31,1,53,Female,Japan,Family,High,Shopping,Car,4,1,2,2,0.95,0.5993046043620271,0.6730769230769232,0.25
615,74,40->44->13->43,584,8672,Snowy,High,Low,Holiday,13->40->43->44,3,26,Female,France,Solo,Low,Food,Taxi,4,2,0,0,0.9666666666666666,0.8608155094299863,0.15384615384615385,0.25
616,171,42->37->8->13->32->21,527,6828,Cloudy,High,Low,None,8->13->21->32->37->42,5,30,Other,Germany,Solo,Medium,Nature,Walk,6,2,0,1,0.8479166666666667,0.6665261826993994,0.23076923076923084,0.75
617,106,8->6->49->44->41->23->27,579,4317,Snowy,Low,High,Festival,6->8->23->27->41->44->49,1,52,Female,India,Group,Low,Adventure,Car,7,0,2,0,0.95625,0.4019597513433779,0.6538461538461539,1.0
618,149,23->14->30->7,136,7985,Snowy,Medium,High,Holiday,7->14->23->30,2,36,Female,China,Family,High,Food,Bus,4,1,2,2,0.033333333333333326,0.7884311452955431,0.34615384615384615,0.25
619,87,20->48->38->27->30,319,9057,Sunny,High,Medium,Festival,20->27->30->38->48,1,31,Female,Japan,Friends,Low,Food,Bus,5,2,1,0,0.4145833333333333,0.9013802549784006,0.25,0.5
620,142,20->50->23->29,360,4302,Rainy,Low,High,None,20->23->29->50,4,42,Male,China,Solo,Low,Shopping,Car,4,0,2,0,0.5,0.4003793067116215,0.46153846153846156,0.25
621,47,45->18->23,364,6150,Cloudy,High,High,Holiday,18->23->45,2,57,Female,Japan,Group,Medium,Food,Train,3,2,2,1,0.5083333333333333,0.5950900853440101,0.7500000000000001,0.0
622,43,1->29->2->34,466,3986,Snowy,High,Low,Festival,1->2->29->34,2,32,Female,China,Friends,Medium,Food,Walk,4,2,0,1,0.7208333333333333,0.36708460646928665,0.2692307692307693,0.25
623,164,2->33->10,323,6408,Sunny,High,High,Festival,2->10->33,5,66,Female,China,Family,Medium,Relaxation,Car,3,2,2,1,0.4229166666666666,0.6222737330102203,0.9230769230769232,0.0
624,194,41->16->46,442,4103,Cloudy,High,Medium,None,16->41->46,5,50,Male,Japan,Family,Medium,Shopping,Walk,3,2,1,1,0.6708333333333333,0.37941207459698656,0.6153846153846154,0.0
625,42,34->19->11->6->37->46,156,2566,Cloudy,Low,High,Holiday,6->11->19->34->37->46,4,23,Female,UK,Family,Medium,Adventure,Bus,6,0,2,1,0.07500000000000001,0.21746918132968077,0.0961538461538462,0.75
626,62,17->44->40->27,453,7968,Cloudy,Low,High,None,17->27->40->44,1,19,Other,China,Solo,Low,Food,Car,4,0,2,0,0.69375,0.7866399747128859,0.019230769230769273,0.25
627,108,50->32->36,227,9660,Rainy,High,Low,None,32->36->50,2,31,Other,USA,Friends,Low,Food,Walk,3,2,0,0,0.22291666666666665,0.964914129175008,0.25,0.0
628,77,24->19->36->38->50->37,473,3193,Sunny,High,Low,Festival,19->24->36->37->38->50,2,27,Other,UK,Friends,Low,Shopping,Bike,6,2,0,0,0.7354166666666666,0.28353176693709825,0.17307692307692313,0.75
629,177,46->14->10,200,8136,Cloudy,Medium,Medium,Holiday,10->14->46,2,57,Other,USA,Group,Low,Nature,Walk,3,1,1,0,0.16666666666666669,0.8043409545885576,0.7500000000000001,0.0
630,52,50->12->33->16->32->8,197,3638,Snowy,High,High,Festival,8->12->16->32->33->50,5,26,Male,USA,Solo,High,Shopping,Car,6,2,2,2,0.16041666666666665,0.33041829101253817,0.15384615384615385,0.75
631,73,8->26->25->9->19,458,5505,Rainy,Medium,Low,Holiday,8->9->19->25->26,5,41,Female,UK,Friends,High,Nature,Taxi,5,1,0,2,0.7041666666666666,0.5271309661784849,0.4423076923076924,0.5
632,86,13->50->14->12->27,455,5352,Snowy,Low,Low,None,12->13->14->27->50,4,38,Female,USA,Friends,Low,Adventure,Car,5,0,0,0,0.6979166666666666,0.5110104309345695,0.3846153846153847,0.5
633,167,43->6->37,453,972,Rainy,Low,Medium,Holiday,6->37->43,4,18,Other,China,Friends,Low,Nature,Car,3,0,1,0,0.69375,0.04952059846170055,0.0,0.0
634,132,12->17->22->27,554,5637,Rainy,Low,Medium,Festival,12->17->22->27,4,29,Female,Japan,Family,Medium,Relaxation,Train,4,0,1,1,0.9041666666666666,0.5410388789379412,0.21153846153846156,0.25
635,100,39->35->41->28,296,7824,Rainy,Medium,Medium,Holiday,28->35->39->41,5,64,Female,Japan,Solo,Low,Shopping,Walk,4,1,1,0,0.3666666666666667,0.7714677062480244,0.8846153846153847,0.25
636,149,36->47->40->17->44->14,449,1683,Sunny,Low,Low,Holiday,14->17->36->40->44->47,5,36,Female,China,Family,High,Food,Bus,6,0,0,2,0.6854166666666667,0.12443367400695396,0.34615384615384615,0.75
637,46,38->7->18->22,417,7487,Snowy,Medium,High,None,7->18->22->38,4,44,Female,USA,Family,High,Cultural,Taxi,4,1,2,2,0.61875,0.7359603835212306,0.5000000000000001,0.25
638,81,38->14->11->21->10->31->47,250,5869,Sunny,High,Medium,Festival,10->11->14->21->31->38->47,2,64,Female,France,Group,High,Adventure,Train,7,2,1,2,0.27083333333333337,0.5654830892424402,0.8846153846153847,1.0
639,178,31->43->8->36->40->19,184,9119,Snowy,Medium,Low,Holiday,8->19->31->36->40->43,1,25,Male,Japan,Friends,Low,Food,Walk,6,1,0,0,0.1333333333333333,0.907912759456327,0.13461538461538464,0.75
640,150,36->25->4->15->28->13,522,1858,Snowy,Medium,High,None,4->13->15->25->28->36,4,51,Female,USA,Solo,Low,Cultural,Bus,6,1,2,0,0.8374999999999999,0.14287219471077864,0.6346153846153847,0.75
641,147,16->8->30,204,8749,Snowy,High,Low,None,8->16->30,5,19,Other,Japan,Friends,High,Nature,Walk,3,2,0,2,0.175,0.8689284585396692,0.019230769230769273,0.0
642,40,30->12->49->13,586,7030,Cloudy,Low,High,Holiday,12->13->30->49,3,28,Male,USA,Solo,Medium,Shopping,Bike,4,0,2,1,0.9708333333333332,0.6878095037403856,0.1923076923076924,0.25
643,56,37->15->19->39->2->32->9,240,8288,Cloudy,Low,Medium,Holiday,2->9->15->19->32->37->39,2,34,Male,USA,Solo,Medium,Adventure,Taxi,7,0,1,1,0.25,0.8203561268570224,0.3076923076923077,1.0
644,155,12->25->22,286,7489,Rainy,High,Medium,Festival,12->22->25,2,30,Other,Germany,Friends,Low,Cultural,Bike,3,2,1,0,0.3458333333333333,0.7361711094721315,0.23076923076923084,0.0
645,175,34->42->40->45,504,519,Sunny,Medium,Low,Holiday,34->40->42->45,4,46,Female,UK,Family,High,Cultural,Train,4,1,0,2,0.8,0.0017911705826572505,0.5384615384615385,0.25
646,5,17->24->5->14->7,335,5042,Snowy,Low,Medium,Holiday,5->7->14->17->24,3,65,Other,Japan,Solo,Low,Cultural,Train,5,0,1,0,0.44791666666666663,0.47834790854493736,0.9038461538461539,0.5
647,67,8->37->32->40->2,288,7892,Cloudy,Low,High,Festival,2->8->32->37->40,3,22,Other,UK,Friends,High,Relaxation,Bus,5,0,2,2,0.35,0.7786323885786535,0.07692307692307698,0.5
648,73,26->49->24->37->31->23,443,8104,Cloudy,Low,Low,None,23->24->26->31->37->49,2,41,Female,UK,Friends,High,Nature,Taxi,6,0,0,2,0.6729166666666666,0.8009693393741439,0.4423076923076924,0.75
649,186,15->10->21->6,297,9078,Cloudy,Medium,Medium,Festival,6->10->15->21,4,56,Female,China,Family,Low,Shopping,Walk,4,1,1,0,0.36875,0.9035928774628595,0.730769230769231,0.25
650,179,10->12->23->13->15->33->44,591,3795,Cloudy,Medium,High,Festival,10->12->13->15->23->33->44,1,59,Male,Germany,Solo,Medium,Food,Bike,7,1,2,1,0.98125,0.34696027815825514,0.7884615384615384,1.0
651,3,19->32->14->44->29,547,2230,Sunny,High,Medium,Holiday,14->19->29->32->44,3,19,Other,USA,Friends,High,Adventure,Taxi,5,2,1,2,0.8895833333333334,0.18206722157833735,0.019230769230769273,0.5
652,160,7->3->17,405,6550,Cloudy,Medium,Medium,Festival,3->7->17,2,43,Female,Germany,Friends,Low,Food,Taxi,3,1,1,0,0.59375,0.6372352755241808,0.48076923076923084,0.0
653,25,22->15->39->16->8->33->44,597,7335,Sunny,Low,High,Holiday,8->15->16->22->33->39->44,1,58,Female,Germany,Family,Medium,Adventure,Bike,7,0,2,1,0.9937499999999999,0.7199452112527658,0.7692307692307693,1.0
654,167,17->42->7->50->48->40,187,1266,Sunny,Low,Low,None,7->17->40->42->48->50,5,18,Other,China,Friends,Low,Nature,Car,6,0,0,0,0.13958333333333334,0.08049731324412601,0.0,0.75
655,85,47->25->20->43,454,6534,Snowy,Medium,Medium,Holiday,20->25->43->47,2,47,Male,India,Friends,Medium,Food,Car,4,1,1,1,0.6958333333333333,0.635549467916974,0.5576923076923077,0.25
656,28,11->40->6->47,482,8402,Rainy,Low,High,None,6->11->40->47,3,32,Female,China,Solo,Low,Shopping,Train,4,0,2,0,0.7541666666666667,0.8323675060583711,0.2692307692307693,0.25
657,103,34->12->16->4->35,323,4681,Sunny,High,High,Festival,4->12->16->34->35,4,47,Female,USA,Family,Low,Shopping,Walk,5,2,2,0,0.4229166666666666,0.4403118744073332,0.5576923076923077,0.5
658,177,41->30->27->14,138,9651,Snowy,High,Medium,None,14->27->30->41,4,57,Other,USA,Group,Low,Nature,Walk,4,2,1,0,0.03749999999999998,0.963965862395954,0.7500000000000001,0.25
659,185,32->7->12,143,1092,Snowy,Low,Low,Holiday,7->12->32,5,19,Female,UK,Friends,High,Relaxation,Taxi,3,0,0,2,0.04791666666666666,0.06216415551575176,0.019230769230769273,0.0
660,117,19->3->21->37->36->38->28,431,3472,Sunny,High,Low,Festival,3->19->21->28->36->37->38,2,26,Female,USA,Friends,Low,Food,Walk,7,2,0,0,0.6479166666666667,0.3129280370877674,0.15384615384615385,1.0
661,182,48->15->42->4->14->41,398,2089,Snowy,Low,Medium,None,4->14->15->41->42->48,3,69,Female,China,Family,Medium,Food,Train,6,0,1,1,0.5791666666666666,0.1672110420398272,0.980769230769231,0.75
662,151,27->22->34->44->2,431,8834,Rainy,Medium,High,Holiday,2->22->27->34->44,4,36,Male,France,Friends,High,Relaxation,Train,5,1,2,2,0.6479166666666667,0.8778843114529554,0.34615384615384615,0.5
663,177,44->4->38,497,8160,Snowy,Medium,Medium,Holiday,4->38->44,3,57,Other,USA,Group,Low,Nature,Walk,3,1,1,0,0.7854166666666667,0.8068696659993678,0.7500000000000001,0.0
664,77,35->4->11->6->18->32,389,7473,Rainy,High,Medium,Holiday,4->6->11->18->32->35,2,27,Other,UK,Friends,Low,Shopping,Bike,6,2,1,0,0.5604166666666667,0.7344853018649247,0.17307692307692313,0.75
665,116,13->12->20->29->34->18,551,3570,Rainy,High,Low,Holiday,12->13->18->20->29->34,4,54,Male,France,Solo,Medium,Relaxation,Car,6,2,0,1,0.8979166666666667,0.3232536086819091,0.6923076923076924,0.75
666,3,6->26->20,397,6203,Cloudy,High,Low,None,6->20->26,4,19,Other,USA,Friends,High,Adventure,Taxi,3,2,0,2,0.5770833333333333,0.6006743230428827,0.019230769230769273,0.0
667,6,3->20->37->49->13->47,232,5955,Cloudy,Low,High,Holiday,3->13->20->37->47->49,1,36,Female,UK,Group,Low,Adventure,Bus,6,0,2,0,0.23333333333333334,0.5745443051311769,0.34615384615384615,0.75
668,121,7->29->45->27->36,363,6122,Rainy,Medium,Medium,None,7->27->29->36->45,2,28,Other,Germany,Family,Medium,Adventure,Car,5,1,1,1,0.50625,0.5921399220313982,0.1923076923076924,0.5
669,175,5->4->49->30->42->28,261,1963,Rainy,Medium,Medium,Festival,4->5->28->30->42->49,5,46,Female,UK,Family,High,Cultural,Train,6,1,1,2,0.29374999999999996,0.15393530713307343,0.5384615384615385,0.75
670,200,7->42->34->13->16->11->15,589,8245,Cloudy,Low,Low,Festival,7->11->13->15->16->34->42,2,23,Female,India,Group,High,Food,Bus,7,0,0,2,0.9770833333333333,0.8158255189126541,0.0961538461538462,1.0
671,193,35->42->29->44,238,3484,Cloudy,Low,Medium,Festival,29->35->42->44,2,30,Female,UK,Group,Low,Cultural,Bike,4,0,1,0,0.24583333333333335,0.31419239279317246,0.23076923076923084,0.25
672,169,42->41->20,141,8559,Sunny,Medium,High,None,20->41->42,5,45,Other,France,Friends,High,Adventure,Taxi,3,1,2,2,0.04375000000000001,0.848909493204088,0.5192307692307693,0.0
673,92,1->29->14->12,178,4634,Sunny,Low,Medium,None,1->12->14->29,5,31,Male,Japan,Solo,Medium,Shopping,Bike,4,0,1,1,0.12083333333333335,0.43535981456116324,0.25,0.25
674,188,43->4->39->28->18->34->1,423,3536,Sunny,Low,Low,Holiday,1->4->18->28->34->39->43,5,20,Other,India,Group,Medium,Nature,Train,7,0,0,1,0.63125,0.3196712675165947,0.03846153846153849,1.0
675,83,7->11->9->38->43,398,9133,Snowy,Low,High,Holiday,7->9->11->38->43,1,62,Male,Germany,Friends,Medium,Adventure,Bus,5,0,2,1,0.5791666666666666,0.909387841112633,0.8461538461538461,0.5
676,183,45->1->18,193,8520,Cloudy,High,Low,None,1->18->45,2,59,Female,Germany,Solo,Low,Nature,Train,3,2,0,0,0.15208333333333335,0.8448003371615215,0.7884615384615384,0.0
677,96,38->29->24->40->37,502,7268,Sunny,Low,Medium,None,24->29->37->38->40,3,29,Other,India,Friends,Medium,Relaxation,Train,5,0,1,1,0.7958333333333334,0.7128858918975872,0.21153846153846156,0.5
678,50,16->10->9->46,213,9276,Snowy,Medium,Low,Festival,9->10->16->46,2,66,Male,USA,Solo,High,Food,Train,4,1,0,2,0.19374999999999998,0.9244547466020441,0.9230769230769232,0.25
679,140,7->30->43->2->20->28,377,6944,Snowy,Low,Medium,None,2->7->20->28->30->43,3,54,Other,China,Solo,High,Food,Bike,6,0,1,2,0.5354166666666667,0.678748287851649,0.6923076923076924,0.75
680,16,30->44->2->8->21->37->31,296,2602,Cloudy,Low,Medium,Holiday,2->8->21->30->31->37->44,3,32,Male,USA,Friends,Low,Relaxation,Walk,7,0,1,0,0.3666666666666667,0.22126224844589612,0.2692307692307693,1.0
681,10,11->5->28->49->12->23,274,1522,Sunny,Medium,High,Festival,5->11->12->23->28->49,3,46,Male,India,Family,High,Food,Train,6,1,2,2,0.3208333333333333,0.10747023495943525,0.5384615384615385,0.75
682,77,6->49->36->7,543,9050,Sunny,Medium,High,Festival,6->7->36->49,3,27,Other,UK,Friends,Low,Shopping,Bike,4,1,2,0,0.8812500000000001,0.9006427141502475,0.17307692307692313,0.25
683,66,25->49->19->40->22->8,155,1640,Sunny,Medium,Medium,Festival,8->19->22->25->40->49,5,27,Female,UK,Group,Low,Relaxation,Bike,6,1,1,0,0.07291666666666669,0.1199030660625856,0.17307692307692313,0.75
684,172,42->46->35->19->1,226,7240,Rainy,High,High,None,1->19->35->42->46,1,54,Other,China,Group,Low,Relaxation,Bike,5,2,2,0,0.22083333333333333,0.7099357285849752,0.6923076923076924,0.5
685,24,13->4->46->48->45->9,212,5187,Snowy,High,Low,Holiday,4->9->13->45->46->48,1,67,Female,Japan,Family,Medium,Shopping,Walk,6,2,0,1,0.19166666666666665,0.49362553998524916,0.9423076923076924,0.75
686,119,5->20->35->10,182,908,Cloudy,Medium,High,Festival,5->10->20->35,3,30,Other,India,Solo,Medium,Cultural,Bike,4,1,2,1,0.12916666666666665,0.04277736803287324,0.23076923076923084,0.25
687,54,28->35->45->13->29,500,9421,Snowy,Low,Medium,Festival,13->28->29->35->45,1,34,Female,Germany,Friends,Medium,Cultural,Train,5,0,1,1,0.7916666666666667,0.9397323780423559,0.3076923076923077,0.5
688,84,19->5->28->41,484,4200,Snowy,Low,High,None,5->19->28->41,4,61,Male,UK,Friends,High,Food,Walk,4,0,2,2,0.7583333333333333,0.389632283215678,0.826923076923077,0.25
689,34,20->17->40->18->7,249,2123,Cloudy,Medium,Medium,Holiday,7->17->18->20->40,5,29,Male,China,Friends,High,Shopping,Train,5,1,1,2,0.26875000000000004,0.1707933832051417,0.21153846153846156,0.5
690,167,15->43->26->28->5->31,567,6681,Cloudy,Medium,High,None,5->15->26->28->31->43,3,18,Other,China,Friends,Low,Nature,Car,6,1,2,0,0.9312499999999999,0.6510378253081867,0.0,0.75
691,133,32->48->7->45->9->31,292,7077,Snowy,Medium,High,Festival,7->9->31->32->45->48,4,69,Male,USA,Group,Medium,Shopping,Train,6,1,2,1,0.3583333333333333,0.6927615635865557,0.980769230769231,0.75
692,89,48->43->39->8->27->24,127,7692,Rainy,Low,Medium,None,8->24->27->39->43->48,1,45,Male,USA,Group,Medium,Shopping,Train,6,0,1,1,0.014583333333333337,0.7575597934885682,0.5192307692307693,0.75
693,96,3->33->15,278,3857,Cloudy,Low,Low,Holiday,3->15->33,5,29,Other,India,Friends,Medium,Relaxation,Train,3,0,0,1,0.3291666666666666,0.35349278263618167,0.21153846153846156,0.0
694,141,10->50->49->44->35,573,9215,Snowy,Medium,Low,Holiday,10->35->44->49->50,2,32,Female,France,Group,Low,Adventure,Train,5,1,0,0,0.9437500000000001,0.918027605099568,0.2692307692307693,0.5
695,5,26->39->9->16->22->35->34,414,7387,Snowy,Medium,Low,Holiday,9->16->22->26->34->35->39,2,65,Other,Japan,Solo,Low,Cultural,Train,7,1,0,0,0.6124999999999999,0.725424085976188,0.9038461538461539,1.0
696,59,15->5->46->22->35->1->11,347,7205,Sunny,Low,High,Holiday,1->5->11->15->22->35->46,4,53,Male,France,Friends,Low,Shopping,Car,7,0,2,0,0.47291666666666665,0.7062480244442103,0.6730769230769232,1.0
697,164,39->3->32->33->48->42->7,225,5731,Sunny,Low,High,Festival,3->7->32->33->39->42->48,2,66,Female,China,Family,Medium,Relaxation,Car,7,0,2,1,0.21875,0.5509429986302813,0.9230769230769232,1.0
698,80,35->3->44->27->23->46,594,1337,Snowy,Medium,Medium,Holiday,3->23->27->35->44->46,4,67,Male,UK,Family,Medium,Food,Walk,6,1,1,1,0.9875,0.08797808450110631,0.9423076923076924,0.75
699,22,7->17->44->11,552,9611,Cloudy,Low,High,Holiday,7->11->17->44,4,65,Male,India,Friends,High,Adventure,Taxi,4,0,2,2,0.8999999999999999,0.9597513433779369,0.9038461538461539,0.25
700,87,46->25->20->3->27->22,503,8367,Cloudy,Low,Medium,Festival,3->20->22->25->27->46,1,31,Female,Japan,Friends,Low,Food,Bus,6,0,1,0,0.7979166666666666,0.8286798019176062,0.25,0.75
701,126,11->14->8,275,6103,Snowy,Medium,Medium,None,8->11->14,2,32,Male,Germany,Friends,Medium,Nature,Taxi,3,1,1,1,0.32291666666666663,0.5901380254978401,0.2692307692307693,0.0
702,21,9->12->4->21,503,2627,Cloudy,High,High,Festival,4->9->12->21,4,32,Male,Japan,Friends,Low,Nature,Bus,4,2,2,0,0.7979166666666666,0.2238963228321568,0.2692307692307693,0.25
703,84,20->2->24->5,309,6304,Snowy,Medium,High,Festival,2->5->20->24,2,61,Male,UK,Friends,High,Food,Walk,4,1,2,2,0.39375000000000004,0.6113159835633758,0.826923076923077,0.25
704,136,38->32->14->50->42,534,5305,Cloudy,Medium,High,Holiday,14->32->38->42->50,3,62,Male,Germany,Family,High,Relaxation,Bike,5,1,2,2,0.8625,0.5060583710883996,0.8461538461538461,0.5
705,9,14->15->13->3->21->28,350,2111,Snowy,Low,Low,None,3->13->14->15->21->28,3,53,Female,Japan,Family,High,Shopping,Car,6,0,0,2,0.47916666666666663,0.16952902749973658,0.6730769230769232,0.75
706,157,37->5->40->47->16->27,495,2838,Rainy,Medium,High,None,5->16->27->37->40->47,2,52,Other,Japan,Group,Low,Food,Bus,6,1,2,0,0.78125,0.24612791065219683,0.6538461538461539,0.75
707,192,45->37->19->42->32,273,4500,Cloudy,High,High,None,19->32->37->42->45,1,47,Female,India,Family,Medium,Shopping,Car,5,2,2,1,0.31875,0.421241175850806,0.5576923076923077,0.5
708,167,41->28->5->42->16->19->8,483,7332,Rainy,Medium,Medium,Festival,5->8->16->19->28->41->42,5,18,Other,China,Friends,Low,Nature,Car,7,1,1,0,0.7562500000000001,0.7196291223264145,0.0,1.0
709,107,34->22->20->41->39,152,3096,Rainy,High,High,Festival,20->22->34->39->41,1,39,Female,UK,Family,High,Food,Car,5,2,2,2,0.06666666666666665,0.2733115583184069,0.40384615384615385,0.5
710,151,22->26->23,146,7088,Rainy,High,Low,None,22->23->26,3,36,Male,France,Friends,High,Relaxation,Train,3,2,0,2,0.05416666666666664,0.6939205563165104,0.34615384615384615,0.0
711,162,14->49->13->4->26->38->32,593,7253,Sunny,Medium,Low,Festival,4->13->14->26->32->38->49,2,38,Male,USA,Solo,Medium,Nature,Train,7,1,0,1,0.9854166666666666,0.7113054472658308,0.3846153846153847,1.0
712,165,16->43->1->48,588,9090,Cloudy,Medium,Medium,None,1->16->43->48,5,68,Male,UK,Friends,Medium,Nature,Walk,4,1,1,1,0.9750000000000001,0.9048572331682647,0.9615384615384616,0.25
713,154,19->32->36->44->5->24,519,853,Cloudy,High,Low,Festival,5->19->24->32->36->44,5,42,Other,France,Solo,Medium,Adventure,Bus,6,2,0,1,0.83125,0.03698240438309977,0.46153846153846156,0.75
714,106,42->8->29->18,508,6246,Snowy,Medium,Medium,Holiday,8->18->29->42,4,52,Female,India,Group,Low,Adventure,Car,4,1,1,0,0.8083333333333333,0.605204930987251,0.6538461538461539,0.25
715,160,48->14->6,284,872,Rainy,High,High,Holiday,6->14->48,2,43,Female,Germany,Friends,Low,Food,Taxi,3,2,2,0,0.3416666666666667,0.03898430091665789,0.48076923076923084,0.0
716,73,36->25->32,456,4952,Rainy,Medium,Medium,Festival,25->32->36,3,41,Female,UK,Friends,High,Nature,Taxi,3,1,1,2,0.7,0.46886524075439895,0.4423076923076924,0.0
717,117,21->45->13->3->8->10->28,167,3916,Snowy,Medium,Low,Holiday,3->8->10->13->21->28->45,2,26,Female,USA,Friends,Low,Food,Walk,7,1,0,0,0.09791666666666665,0.3597091981877568,0.15384615384615385,1.0
718,52,28->48->43->38->10->8->20,394,5173,Snowy,High,Low,None,8->10->20->28->38->43->48,4,26,Male,USA,Solo,High,Shopping,Car,7,2,0,2,0.5708333333333333,0.4921504583289432,0.15384615384615385,1.0
719,148,2->42->15->14,508,8033,Snowy,Low,Medium,Holiday,2->14->15->42,5,51,Male,India,Solo,Low,Cultural,Walk,4,0,1,0,0.8083333333333333,0.7934885681171636,0.6346153846153847,0.25
720,166,41->45->16,424,9416,Cloudy,High,Medium,Festival,16->41->45,2,44,Male,Germany,Solo,Medium,Relaxation,Train,3,2,1,1,0.6333333333333333,0.9392055631651037,0.5000000000000001,0.0
721,47,11->40->15->2->46->42,461,3917,Sunny,High,Low,None,2->11->15->40->42->46,2,57,Female,Japan,Group,Medium,Food,Train,6,2,0,1,0.7104166666666667,0.3598145611632072,0.7500000000000001,0.75
722,135,9->28->5->22,296,3301,Snowy,Medium,Low,None,5->9->22->28,5,68,Male,USA,Group,Medium,Shopping,Walk,4,1,0,1,0.3666666666666667,0.29491096828574437,0.9615384615384616,0.25
723,4,5->6->11->14->18->19,535,4937,Rainy,High,Low,Festival,5->6->11->14->18->19,1,31,Female,Germany,Family,Medium,Shopping,Car,6,2,0,1,0.8645833333333333,0.4672847961226425,0.25,0.75
724,109,20->3->11->9->32,580,7720,Snowy,Low,High,None,3->9->11->20->32,5,40,Male,USA,Family,Low,Food,Car,5,0,2,0,0.9583333333333333,0.76050995680118,0.42307692307692313,0.5
725,74,10->14->23->21,300,863,Snowy,Medium,Medium,Holiday,10->14->21->23,4,26,Female,France,Solo,Low,Food,Taxi,4,1,1,0,0.375,0.038036034137604036,0.15384615384615385,0.25
726,171,48->29->39->25,209,3482,Sunny,Medium,Medium,Festival,25->29->39->48,4,30,Other,Germany,Solo,Medium,Nature,Walk,4,1,1,1,0.18541666666666667,0.3139816668422716,0.23076923076923084,0.25
727,119,40->13->42->26->18->23->17,335,8259,Sunny,High,High,Festival,13->17->18->23->26->40->42,4,30,Other,India,Solo,Medium,Cultural,Bike,7,2,2,1,0.44791666666666663,0.81730060056896,0.23076923076923084,1.0
728,149,26->18->46->30->9->11->4,484,5978,Rainy,Low,Low,Festival,4->9->11->18->26->30->46,3,36,Female,China,Family,High,Food,Bus,7,0,0,2,0.7583333333333333,0.5769676535665367,0.34615384615384615,1.0
729,150,3->40->44,572,2274,Snowy,Medium,High,Holiday,3->40->44,1,51,Female,USA,Solo,Low,Cultural,Bus,3,1,2,0,0.9416666666666667,0.18670319249815615,0.6346153846153847,0.0
730,40,1->39->26->23,551,5761,Snowy,Low,High,Holiday,1->23->26->39,1,28,Male,USA,Solo,Medium,Shopping,Bike,4,0,2,1,0.8979166666666667,0.5541038878937942,0.1923076923076924,0.25
731,73,44->7->1,546,7369,Cloudy,High,High,Festival,1->7->44,1,41,Female,UK,Friends,High,Nature,Taxi,3,2,2,2,0.8875,0.7235275524180803,0.4423076923076924,0.0
732,22,12->5->24->25->41->32->27,437,6163,Cloudy,Low,Medium,None,5->12->24->25->27->32->41,4,65,Male,India,Friends,High,Adventure,Taxi,7,0,1,2,0.6604166666666667,0.5964598040248656,0.9038461538461539,1.0
733,169,18->36->34,573,7059,Sunny,High,Medium,Holiday,18->34->36,5,45,Other,France,Friends,High,Adventure,Taxi,3,2,1,2,0.9437500000000001,0.690865030028448,0.5192307692307693,0.0
734,15,25->44->47,577,6537,Rainy,High,Medium,None,25->44->47,4,52,Male,Germany,Friends,Medium,Relaxation,Train,3,2,1,1,0.9520833333333334,0.6358655568433252,0.6538461538461539,0.0
735,158,44->36->4->41,460,2895,Sunny,Low,High,None,4->36->41->44,1,40,Other,India,Group,Medium,Adventure,Train,4,0,2,1,0.7083333333333334,0.2521336002528711,0.42307692307692313,0.25
736,126,1->42->43,541,1486,Sunny,Medium,Medium,Holiday,1->42->43,5,32,Male,Germany,Friends,Medium,Nature,Taxi,3,1,1,1,0.8770833333333332,0.1036771678432199,0.2692307692307693,0.0
737,85,36->3->22->50->45->10->48,295,8168,Cloudy,High,Medium,Festival,3->10->22->36->45->48->50,2,47,Male,India,Friends,Medium,Food,Car,7,2,1,1,0.36458333333333337,0.8077125698029712,0.5576923076923077,1.0
738,170,4->19->16->46,462,4872,Cloudy,Medium,Medium,Festival,4->16->19->46,1,31,Other,UK,Solo,Low,Adventure,Taxi,4,1,1,0,0.7125,0.46043620271836483,0.25,0.25
739,157,40->41->21->31->47,229,1681,Sunny,Medium,High,Holiday,21->31->40->41->47,1,52,Other,Japan,Group,Low,Food,Bus,5,1,2,0,0.2270833333333333,0.1242229480560531,0.6538461538461539,0.5
740,30,5->38->25->18->45->22,511,8518,Snowy,High,Medium,None,5->18->22->25->38->45,1,25,Male,India,Solo,Low,Shopping,Train,6,2,1,0,0.8145833333333332,0.8445896112106206,0.13461538461538464,0.75
741,170,34->42->11->50->43,500,2001,Sunny,High,Low,Festival,11->34->42->43->50,1,31,Other,UK,Solo,Low,Adventure,Taxi,5,2,0,0,0.7916666666666667,0.15793910020018964,0.25,0.5
742,123,21->23->1->41->15->20->34,212,9637,Cloudy,Low,Low,Festival,1->15->20->21->23->34->41,3,25,Other,Germany,Solo,Low,Nature,Bike,7,0,0,0,0.19166666666666665,0.962490780739648,0.13461538461538464,1.0
743,31,8->45->26,239,929,Sunny,High,High,None,8->26->45,1,61,Male,UK,Group,Low,Nature,Train,3,2,2,0,0.24791666666666667,0.04498999051733221,0.826923076923077,0.0
744,32,22->40->4->32->26->19->11,309,6111,Snowy,High,Medium,None,4->11->19->22->26->32->40,5,59,Male,Germany,Solo,Medium,Relaxation,Bus,7,2,1,1,0.39375000000000004,0.5909809293014435,0.7884615384615384,1.0
745,97,15->3->14->24->44->13,267,7721,Rainy,Low,Medium,Holiday,3->13->14->15->24->44,2,39,Male,Germany,Family,Medium,Nature,Train,6,0,1,1,0.30625,0.7606153197766304,0.40384615384615385,0.75
746,114,11->27->33->40->14->48->31,366,8699,Snowy,High,Medium,Holiday,11->14->27->31->33->40->48,5,19,Female,China,Family,High,Cultural,Taxi,7,2,1,2,0.5125,0.8636603097671478,0.019230769230769273,1.0
747,44,5->46->18->9,567,5243,Snowy,Low,High,Holiday,5->9->18->46,4,43,Female,USA,Friends,High,Relaxation,Taxi,4,0,2,2,0.9312499999999999,0.49952586661047305,0.48076923076923084,0.25
748,75,39->29->13->36->8,302,1253,Rainy,Medium,Low,Holiday,8->13->29->36->39,1,24,Male,USA,Group,High,Shopping,Taxi,5,1,0,2,0.37916666666666665,0.07912759456327045,0.11538461538461542,0.5
749,112,9->47->33->12->18->41,384,8156,Snowy,Medium,High,None,9->12->18->33->41->47,2,46,Female,USA,Friends,Low,Food,Train,6,1,2,0,0.55,0.8064482140975661,0.5384615384615385,0.75
750,144,21->42->7->49,481,4108,Snowy,Low,High,None,7->21->42->49,3,43,Male,Japan,Solo,High,Shopping,Walk,4,0,2,2,0.7520833333333332,0.3799388894742387,0.48076923076923084,0.25
751,36,3->22->36->26->46,473,5707,Sunny,High,Medium,Holiday,3->22->26->36->46,2,56,Male,Japan,Group,High,Adventure,Train,5,2,1,2,0.7354166666666666,0.548414287219471,0.730769230769231,0.5
752,58,27->42->35->10->43->11,589,4208,Cloudy,Low,Medium,None,10->11->27->35->42->43,4,60,Male,France,Solo,High,Relaxation,Bus,6,0,1,2,0.9770833333333333,0.3904751870192814,0.8076923076923078,0.75
753,93,3->15->18->26->46,297,8472,Snowy,Low,High,Holiday,3->15->18->26->46,1,43,Female,Japan,Solo,High,Food,Bike,5,0,2,2,0.36875,0.839742914339901,0.48076923076923084,0.5
754,68,40->16->6,232,5043,Snowy,High,Medium,None,6->16->40,1,70,Other,France,Friends,Medium,Nature,Car,3,2,1,1,0.23333333333333334,0.47845327152038775,1.0,0.0
755,13,29->35->31->32->3->37,559,5237,Sunny,Low,Low,Festival,3->29->31->32->35->37,2,44,Female,France,Friends,High,Food,Bike,6,0,0,2,0.9145833333333333,0.4988936887577705,0.5000000000000001,0.75
756,61,30->10->1,235,3625,Sunny,Low,High,Festival,1->10->30,3,20,Male,France,Solo,Medium,Food,Taxi,3,0,2,1,0.23958333333333331,0.3290485723316826,0.03846153846153849,0.0
757,183,40->15->44,539,8148,Cloudy,Medium,Low,None,15->40->44,1,59,Female,Germany,Solo,Low,Nature,Train,3,1,0,0,0.8729166666666666,0.8056053102939627,0.7884615384615384,0.0
758,45,48->23->1,564,3730,Cloudy,Medium,Medium,None,1->23->48,4,36,Female,India,Group,High,Nature,Train,3,1,1,2,0.925,0.34011168475397746,0.34615384615384615,0.0
759,198,22->35->1->50->19->36->17,329,8373,Snowy,Low,High,Festival,1->17->19->22->35->36->50,5,39,Female,Japan,Friends,High,Relaxation,Taxi,7,0,2,2,0.4354166666666667,0.8293119797703087,0.40384615384615385,1.0
760,46,32->44->41,290,1471,Snowy,Low,Medium,None,32->41->44,3,44,Female,USA,Family,High,Cultural,Taxi,3,0,1,2,0.35416666666666663,0.10209672321146349,0.5000000000000001,0.0
761,188,11->38->6->24,308,769,Cloudy,Low,Medium,Festival,6->11->24->38,3,20,Other,India,Group,Medium,Nature,Train,4,0,1,1,0.3916666666666666,0.02813191444526393,0.03846153846153849,0.25
762,40,33->41->39->38->48->12->7,430,9855,Rainy,Low,Medium,Holiday,7->12->33->38->39->41->48,4,28,Male,USA,Solo,Medium,Shopping,Bike,7,0,1,1,0.6458333333333334,0.985459909387841,0.1923076923076924,1.0
763,123,4->28->2->33->16->18,530,2039,Rainy,Medium,High,Holiday,2->4->16->18->28->33,4,25,Other,Germany,Solo,Low,Nature,Bike,6,1,2,0,0.8541666666666667,0.16194289326730585,0.13461538461538464,0.75
764,163,41->3->30->46->21->4,495,4905,Rainy,High,High,Festival,3->4->21->30->41->46,2,59,Female,India,Friends,Low,Food,Car,6,2,2,0,0.78125,0.46391318090822886,0.7884615384615384,0.75
765,190,12->34->4,432,4637,Rainy,Low,Low,Festival,4->12->34,1,35,Other,Germany,Group,High,Nature,Bus,3,0,0,2,0.65,0.4356759034875145,0.326923076923077,0.0
766,139,11->23->45->47,309,3022,Rainy,Low,Low,None,11->23->45->47,3,67,Female,India,Solo,High,Relaxation,Train,4,0,0,2,0.39375000000000004,0.26551469813507533,0.9423076923076924,0.25
767,196,20->2->38->34->24->14,181,2456,Snowy,High,Low,None,2->14->20->24->34->38,4,32,Other,USA,Group,Low,Nature,Car,6,2,0,0,0.12708333333333333,0.20587925403013382,0.2692307692307693,0.75
768,47,2->16->18->19->41->35,359,1377,Cloudy,Medium,Medium,None,2->16->18->19->35->41,4,57,Female,Japan,Group,Medium,Food,Train,6,1,1,1,0.4979166666666667,0.09219260351912337,0.7500000000000001,0.75
769,189,26->34->49->3->37,213,5815,Cloudy,Low,Low,None,3->26->34->37->49,5,58,Female,Japan,Friends,Medium,Food,Taxi,5,0,0,1,0.19374999999999998,0.5597934885681172,0.7692307692307693,0.5
770,37,21->9->25->14->1,539,1269,Rainy,High,Medium,Holiday,1->9->14->21->25,5,47,Male,Japan,Family,Low,Shopping,Walk,5,2,1,0,0.8729166666666666,0.08081340217047728,0.5576923076923077,0.5
771,9,48->11->37->38->46->50,583,2260,Snowy,Medium,Low,Holiday,11->37->38->46->48->50,1,53,Female,Japan,Family,High,Shopping,Car,6,1,0,2,0.9645833333333333,0.18522811084185017,0.6730769230769232,0.75
772,123,19->7->39->3->31->44,183,3997,Rainy,Low,High,None,3->7->19->31->39->44,5,25,Other,Germany,Solo,Low,Nature,Bike,6,0,2,0,0.13124999999999998,0.3682435991992413,0.13461538461538464,0.75
773,34,8->36->10->2->11->15,432,9249,Rainy,High,High,None,2->8->10->11->15->36,1,29,Male,China,Friends,High,Shopping,Train,6,2,2,2,0.65,0.9216099462648825,0.21153846153846156,0.75
774,44,18->28->14->2,394,6063,Rainy,Medium,High,Holiday,2->14->18->28,2,43,Female,USA,Friends,High,Relaxation,Taxi,4,1,2,2,0.5708333333333333,0.5859235064798229,0.48076923076923084,0.25
775,102,30->32->35->47->38,282,7313,Rainy,Medium,Medium,Festival,30->32->35->38->47,4,54,Female,China,Group,High,Adventure,Bus,5,1,1,2,0.3375,0.7176272257928564,0.6923076923076924,0.5
776,195,8->41->9->32->27,422,5878,Sunny,Medium,High,Holiday,8->9->27->32->41,4,19,Other,France,Family,Medium,Cultural,Train,5,1,2,1,0.6291666666666667,0.5664313560214941,0.019230769230769273,0.5
777,73,44->50->37,547,7037,Snowy,High,Medium,None,37->44->50,5,41,Female,UK,Friends,High,Nature,Taxi,3,2,1,2,0.8895833333333334,0.6885470445685387,0.4423076923076924,0.0
778,176,5->40->19->3->30->29->17,323,9486,Rainy,Low,Low,Festival,3->5->17->19->29->30->40,4,31,Other,China,Group,High,Relaxation,Taxi,7,0,0,2,0.4229166666666666,0.9465809714466337,0.25,1.0
779,24,44->10->40->24,597,848,Rainy,Medium,Low,Holiday,10->24->40->44,5,67,Female,Japan,Family,Medium,Shopping,Walk,4,1,0,1,0.9937499999999999,0.03645558950584764,0.9423076923076924,0.25
780,6,4->2->31->18->49->20,512,4642,Rainy,High,Medium,None,2->4->18->20->31->49,4,36,Female,UK,Group,Low,Adventure,Bus,6,2,1,0,0.8166666666666667,0.43620271836476665,0.34615384615384615,0.75
781,54,38->12->11,224,5750,Sunny,Medium,Low,None,11->12->38,4,34,Female,Germany,Friends,Medium,Cultural,Train,3,1,0,1,0.21666666666666667,0.5529448951638394,0.3076923076923077,0.0
782,97,27->10->13->35->14,207,4933,Sunny,Medium,High,None,10->13->14->27->35,4,39,Male,Germany,Family,Medium,Nature,Train,5,1,2,1,0.18124999999999997,0.46686334422084086,0.40384615384615385,0.5
783,77,27->49->36->44->13->48->9,414,6226,Snowy,High,High,Holiday,9->13->27->36->44->48->49,1,27,Other,UK,Friends,Low,Shopping,Bike,7,2,2,0,0.6124999999999999,0.6030976714782426,0.17307692307692313,1.0
784,34,47->50->14->7->31->16->35,170,6469,Sunny,Low,Low,Holiday,7->14->16->31->35->47->50,5,29,Male,China,Friends,High,Shopping,Train,7,0,0,2,0.10416666666666669,0.6287008745126963,0.21153846153846156,1.0
785,10,11->34->35,130,7295,Snowy,Medium,Medium,Holiday,11->34->35,3,46,Male,India,Family,High,Food,Train,3,1,1,2,0.020833333333333315,0.7157306922347487,0.5384615384615385,0.0
786,2,48->23->42->37->43->49->28,297,6816,Rainy,Low,High,Holiday,23->28->37->42->43->48->49,2,38,Male,USA,Friends,High,Relaxation,Bike,7,0,2,2,0.36875,0.6652618269939943,0.3846153846153847,1.0
787,177,15->11->7,419,9402,Rainy,Low,Low,Festival,7->11->15,3,57,Other,USA,Group,Low,Nature,Walk,3,0,0,0,0.6229166666666667,0.9377304815087978,0.7500000000000001,0.0
788,161,2->28->40->29->43->46,512,7346,Rainy,High,Low,None,2->28->29->40->43->46,5,25,Male,China,Solo,Medium,Shopping,Car,6,2,0,1,0.8166666666666667,0.7211042039827205,0.13461538461538464,0.75
789,17,20->2->24->5->21,579,5483,Snowy,High,Medium,Holiday,2->5->20->21->24,5,57,Male,UK,Group,Medium,Shopping,Taxi,5,2,1,1,0.95625,0.5248129807185755,0.7500000000000001,0.5
790,86,30->12->27->18,533,938,Rainy,High,Medium,None,12->18->27->30,5,38,Female,USA,Friends,Low,Adventure,Car,4,2,1,0,0.8604166666666666,0.04593825729638605,0.3846153846153847,0.25
791,48,42->50->17,402,8270,Sunny,Low,Low,None,17->42->50,2,25,Male,Germany,Solo,Low,Cultural,Bus,3,0,0,0,0.5875,0.8184595932989147,0.13461538461538464,0.0
792,106,15->24->9->31,373,737,Cloudy,High,High,Festival,9->15->24->31,3,52,Female,India,Group,Low,Adventure,Car,4,2,2,0,0.5270833333333333,0.024760299230850283,0.6538461538461539,0.25
793,110,33->14->26->41->20,241,7298,Snowy,Low,High,Festival,14->20->26->33->41,3,45,Other,Germany,Friends,Low,Food,Car,5,0,2,0,0.2520833333333333,0.7160467811611,0.5192307692307693,0.5
794,185,34->42->10,280,6668,Sunny,Low,High,Festival,10->34->42,5,19,Female,UK,Friends,High,Relaxation,Taxi,3,0,2,2,0.33333333333333337,0.6496681066273312,0.019230769230769273,0.0
795,47,6->13->25->26,520,6848,Snowy,Medium,Medium,None,6->13->25->26,2,57,Female,Japan,Group,Medium,Food,Train,4,1,1,1,0.8333333333333333,0.6686334422084079,0.7500000000000001,0.25
796,168,14->23->41,452,6780,Rainy,Low,Medium,Holiday,14->23->41,3,33,Male,Germany,Group,Low,Adventure,Walk,3,0,1,0,0.6916666666666667,0.661468759877779,0.28846153846153855,0.0
797,124,1->34->46,140,2999,Rainy,High,Low,None,1->34->46,3,18,Male,India,Group,High,Shopping,Bus,3,2,0,2,0.041666666666666685,0.2630913496997155,0.0,0.0
798,73,24->14->27,413,5838,Rainy,High,Medium,Festival,14->24->27,5,41,Female,UK,Friends,High,Nature,Taxi,3,2,1,2,0.6104166666666666,0.562216837003477,0.4423076923076924,0.0
799,150,20->36->19,243,1772,Snowy,Low,High,Holiday,19->20->36,5,51,Female,USA,Solo,Low,Cultural,Bus,3,0,2,0,0.25625,0.13381097882204193,0.6346153846153847,0.0
800,99,48->24->35->25->13->4->9,546,646,Snowy,Medium,Medium,Festival,4->9->13->24->25->35->48,4,35,Other,Japan,Group,High,Food,Taxi,7,1,1,2,0.8875,0.015172268464861444,0.326923076923077,1.0
801,65,7->2->11,228,8145,Rainy,Medium,High,Holiday,2->7->11,4,40,Male,USA,Solo,Low,Relaxation,Taxi,3,1,2,0,0.22499999999999998,0.8052892213676114,0.42307692307692313,0.0
802,92,15->18->7->47->34->4->35,452,8473,Snowy,High,High,None,4->7->15->18->34->35->47,5,31,Male,Japan,Solo,Medium,Shopping,Bike,7,2,2,1,0.6916666666666667,0.8398482773153514,0.25,1.0
803,37,12->32->22->3->44->6->40,314,708,Sunny,High,Medium,Holiday,3->6->12->22->32->40->44,3,47,Male,Japan,Family,Low,Shopping,Walk,7,2,1,0,0.4041666666666667,0.0217047729427879,0.5576923076923077,1.0
804,130,36->5->37,456,1873,Snowy,Medium,Medium,Festival,5->36->37,4,41,Other,India,Friends,Medium,Shopping,Train,3,1,1,1,0.7,0.14445263934253502,0.4423076923076924,0.0
805,172,45->30->48->20->18->42->50,191,1548,Cloudy,Low,Medium,None,18->20->30->42->45->48->50,4,54,Other,China,Group,Low,Relaxation,Bike,7,0,1,0,0.14791666666666664,0.11020967232114634,0.6923076923076924,1.0
806,69,50->3->19->23->14->7,161,3610,Cloudy,Medium,High,Festival,3->7->14->19->23->50,4,56,Other,Japan,Family,Low,Nature,Car,6,1,2,0,0.08541666666666664,0.3274681276999263,0.730769230769231,0.75
807,98,35->1->26->44->32->39,429,1179,Snowy,Low,Low,Holiday,1->26->32->35->39->44,4,26,Other,China,Friends,Low,Nature,Car,6,0,0,0,0.6437499999999999,0.07133073437993888,0.15384615384615385,0.75
808,193,49->39->19->32->14->35->25,477,3341,Sunny,Medium,High,None,14->19->25->32->35->39->49,1,30,Female,UK,Group,Low,Cultural,Bike,7,1,2,0,0.74375,0.29912548730376143,0.23076923076923084,1.0
809,101,50->24->41->16,198,2053,Snowy,Low,Low,Holiday,16->24->41->50,3,44,Male,France,Group,High,Shopping,Walk,4,0,0,2,0.16249999999999998,0.16341797492361185,0.5000000000000001,0.25
810,88,2->37->26->17->35,359,5235,Rainy,High,Medium,Festival,2->17->26->35->37,5,33,Other,Germany,Group,Medium,Nature,Bike,5,2,1,1,0.4979166666666667,0.49868296280686963,0.28846153846153855,0.5
811,16,2->50->47->16->28->3,429,2890,Snowy,Low,High,Holiday,2->3->16->28->47->50,1,32,Male,USA,Friends,Low,Relaxation,Walk,6,0,2,0,0.6437499999999999,0.251606785375619,0.2692307692307693,0.75
812,152,22->20->16,172,1465,Snowy,High,Low,Festival,16->20->22,2,68,Female,USA,Family,Medium,Relaxation,Car,3,2,0,1,0.10833333333333334,0.10146454535876093,0.9615384615384616,0.0
813,186,35->41->4->40->34->23->47,292,4752,Cloudy,High,High,None,4->23->34->35->40->41->47,3,56,Female,China,Family,Low,Shopping,Walk,7,2,2,0,0.3583333333333333,0.44779264566431354,0.730769230769231,1.0
814,93,28->29->10->34->43->8,371,4203,Rainy,Low,Medium,Festival,8->10->28->29->34->43,2,43,Female,Japan,Solo,High,Food,Bike,6,0,1,2,0.5229166666666667,0.38994837214202926,0.48076923076923084,0.75
815,95,6->29->38->49->46->30,123,2010,Sunny,Medium,Medium,Festival,6->29->30->38->46->49,5,42,Male,Japan,Family,Medium,Food,Bike,6,1,1,1,0.006249999999999978,0.1588873669792435,0.46153846153846156,0.75
816,135,32->49->3,141,3715,Cloudy,High,Low,None,3->32->49,3,68,Male,USA,Group,Medium,Shopping,Walk,3,2,0,1,0.04375000000000001,0.338531240122221,0.9615384615384616,0.0
817,192,1->20->39,199,5240,Cloudy,High,Low,Festival,1->20->39,4,47,Female,India,Family,Medium,Shopping,Car,3,2,0,1,0.1645833333333333,0.4992097776841218,0.5576923076923077,0.0
818,44,17->1->44->13,131,2376,Cloudy,Low,Medium,None,1->13->17->44,4,43,Female,USA,Friends,High,Relaxation,Taxi,4,0,1,2,0.02291666666666664,0.19745021599409965,0.48076923076923084,0.25
819,188,30->19->29->38->6->41->17,183,9586,Cloudy,High,High,Festival,6->17->19->29->30->38->41,2,20,Other,India,Group,Medium,Nature,Train,7,2,2,1,0.13124999999999998,0.9571172689916764,0.03846153846153849,1.0
820,51,26->13->20->29->1,316,7861,Cloudy,High,Medium,Festival,1->13->20->26->29,2,38,Female,China,Solo,Medium,Adventure,Taxi,5,2,1,1,0.4083333333333333,0.7753661363396902,0.3846153846153847,0.5
821,160,49->13->45->33->20->23,483,5834,Snowy,Low,Medium,Holiday,13->20->23->33->45->49,1,43,Female,Germany,Friends,Low,Food,Taxi,6,0,1,0,0.7562500000000001,0.5617953851016753,0.48076923076923084,0.75
822,107,11->27->3->31,520,1254,Cloudy,Low,Low,Festival,3->11->27->31,4,39,Female,UK,Family,High,Food,Car,4,0,0,2,0.8333333333333333,0.0792329575387209,0.40384615384615385,0.25
823,37,15->43->13->9->38,397,7852,Cloudy,Medium,Low,Holiday,9->13->15->38->43,3,47,Male,Japan,Family,Low,Shopping,Walk,5,1,0,0,0.5770833333333333,0.7744178695606364,0.5576923076923077,0.5
824,49,38->25->43,358,7601,Sunny,Medium,High,Festival,25->38->43,3,51,Female,China,Friends,High,Cultural,Bus,3,1,2,2,0.49583333333333335,0.7479717627225793,0.6346153846153847,0.0
825,1,16->33->8->46->41->50,232,7478,Sunny,Medium,High,Holiday,8->16->33->41->46->50,2,44,Other,China,Group,Medium,Adventure,Taxi,6,1,2,1,0.23333333333333334,0.7350121167421768,0.5000000000000001,0.75
826,103,34->38->19,236,6185,Snowy,Medium,Medium,Holiday,19->34->38,1,47,Female,USA,Family,Low,Shopping,Walk,3,1,1,0,0.24166666666666664,0.598777789484775,0.5576923076923077,0.0
827,133,7->29->24->37->8->28,221,9760,Snowy,Medium,Medium,None,7->8->24->28->29->37,3,69,Male,USA,Group,Medium,Shopping,Train,6,1,1,1,0.21041666666666664,0.9754504267200507,0.980769230769231,0.75
828,196,49->7->6->38,422,6316,Sunny,High,Medium,Festival,6->7->38->49,3,32,Other,USA,Group,Low,Nature,Car,4,2,1,0,0.6291666666666667,0.612580339268781,0.2692307692307693,0.25
829,146,13->43->25->3,596,6104,Rainy,High,High,None,3->13->25->43,1,21,Female,USA,Solo,Medium,Food,Bus,4,2,2,1,0.9916666666666667,0.5902433884732905,0.05769230769230771,0.25
830,79,44->26->25->32->24,381,9509,Cloudy,High,High,Holiday,24->25->26->32->44,2,20,Male,France,Friends,Low,Adventure,Taxi,5,2,2,0,0.54375,0.9490043198819934,0.03846153846153849,0.5
831,166,16->19->5,249,2551,Sunny,Low,High,None,5->16->19,4,44,Male,Germany,Solo,Medium,Relaxation,Train,3,0,2,1,0.26875000000000004,0.21588873669792433,0.5000000000000001,0.0
832,53,17->36->37->16,474,2987,Rainy,Low,Low,Festival,16->17->36->37,4,55,Female,USA,Group,High,Relaxation,Walk,4,0,0,2,0.7374999999999999,0.2618269939943104,0.7115384615384616,0.25
833,68,11->1->8,211,3543,Cloudy,Low,High,Holiday,1->8->11,4,70,Other,France,Friends,Medium,Nature,Car,3,0,2,1,0.18958333333333333,0.3204088083447476,1.0,0.0
834,68,35->50->2->21,418,8593,Rainy,High,High,Holiday,2->21->35->50,3,70,Other,France,Friends,Medium,Nature,Car,4,2,2,1,0.6208333333333333,0.8524918343694026,1.0,0.25
835,23,34->4->42->8->18->35,506,2656,Sunny,Low,Medium,None,4->8->18->34->35->42,2,61,Other,USA,Family,Low,Relaxation,Taxi,6,0,1,0,0.8041666666666667,0.22695184912021912,0.826923076923077,0.75
836,194,36->2->11,490,7848,Cloudy,High,High,None,2->11->36,1,50,Male,Japan,Family,Medium,Shopping,Walk,3,2,2,1,0.7708333333333333,0.7739964176588346,0.6153846153846154,0.0
837,147,4->26->41->49->31,368,5481,Rainy,Low,Low,None,4->26->31->41->49,5,19,Other,Japan,Friends,High,Nature,Walk,5,0,0,2,0.5166666666666666,0.5246022547676746,0.019230769230769273,0.5
838,184,47->22->42->36->44,242,1088,Cloudy,Low,Low,Festival,22->36->42->44->47,1,69,Male,Germany,Family,Low,Relaxation,Bike,5,0,0,0,0.25416666666666665,0.06174270361395005,0.980769230769231,0.5
839,68,41->4->46->39->47->7->2,465,8270,Rainy,Low,Medium,Holiday,2->4->7->39->41->46->47,2,70,Other,France,Friends,Medium,Nature,Car,7,0,1,1,0.71875,0.8184595932989147,1.0,1.0
840,200,41->35->7->48->6,207,4051,Cloudy,Medium,Low,Festival,6->7->35->41->48,4,23,Female,India,Group,High,Food,Bus,5,1,0,2,0.18124999999999997,0.37393319987356444,0.0961538461538462,0.5
841,15,47->34->15->25->26->10,380,3022,Rainy,High,High,Festival,10->15->25->26->34->47,4,52,Male,Germany,Friends,Medium,Relaxation,Train,6,2,2,1,0.5416666666666666,0.26551469813507533,0.6538461538461539,0.75
842,57,46->10->37->25->20,276,2475,Rainy,Low,Medium,Festival,10->20->25->37->46,3,46,Male,Japan,Family,Low,Nature,Bike,5,0,1,0,0.32499999999999996,0.2078811505636919,0.5384615384615385,0.5
843,146,12->21->22->25->26->48,593,798,Sunny,High,Low,Festival,12->21->22->25->26->48,2,21,Female,USA,Solo,Medium,Food,Bus,6,2,0,1,0.9854166666666666,0.0311874407333263,0.05769230769230771,0.75
844,22,16->38->10->29->22,363,5839,Snowy,High,High,Holiday,10->16->22->29->38,5,65,Male,India,Friends,High,Adventure,Taxi,5,2,2,2,0.50625,0.5623221999789274,0.9038461538461539,0.5
845,155,41->40->49->30,203,6507,Snowy,Low,High,None,30->40->41->49,5,30,Other,Germany,Friends,Low,Cultural,Bike,4,0,2,0,0.17291666666666666,0.6327046675798125,0.23076923076923084,0.25
846,93,36->10->38->35->29->27,193,5237,Cloudy,Medium,High,None,10->27->29->35->36->38,2,43,Female,Japan,Solo,High,Food,Bike,6,1,2,2,0.15208333333333335,0.4988936887577705,0.48076923076923084,0.75
847,159,32->8->22->41,124,7927,Cloudy,Low,Low,None,8->22->32->41,5,44,Female,UK,Group,Medium,Cultural,Bike,4,0,0,1,0.008333333333333304,0.7823200927194184,0.5000000000000001,0.25
848,6,45->34->17->41->19->2->25,466,8606,Sunny,Medium,Low,Festival,2->17->19->25->34->41->45,2,36,Female,UK,Group,Low,Adventure,Bus,7,1,0,0,0.7208333333333333,0.8538615530502581,0.34615384615384615,1.0
849,29,4->37->12->38->7,127,7580,Cloudy,High,Medium,Holiday,4->7->12->37->38,2,40,Other,China,Friends,Medium,Cultural,Taxi,5,2,1,1,0.014583333333333337,0.7457591402381203,0.42307692307692313,0.5
850,147,21->14->27->50,257,5182,Rainy,High,Low,Festival,14->21->27->50,5,19,Other,Japan,Friends,High,Nature,Walk,4,2,0,2,0.28541666666666665,0.493098725107997,0.019230769230769273,0.25
851,128,32->39->7->48->2->18,166,9606,Cloudy,Medium,High,Festival,2->7->18->32->39->48,5,66,Male,UK,Family,Medium,Nature,Train,6,1,2,1,0.09583333333333333,0.959224528500685,0.9230769230769232,0.75
852,36,23->24->49->29->36,363,5903,Rainy,Medium,High,Festival,23->24->29->36->49,4,56,Male,Japan,Group,High,Adventure,Train,5,1,2,2,0.50625,0.5690654304077547,0.730769230769231,0.5
853,110,15->44->33->34->46,566,3300,Cloudy,Low,Low,None,15->33->34->44->46,3,45,Other,Germany,Friends,Low,Food,Car,5,0,0,0,0.9291666666666667,0.294805605310294,0.5192307692307693,0.5
854,95,38->20->22->45->32->28,377,5864,Sunny,Low,Low,Festival,20->22->28->32->38->45,4,42,Male,Japan,Family,Medium,Food,Bike,6,0,0,1,0.5354166666666667,0.564956274365188,0.46153846153846156,0.75
855,84,5->49->14->19->41,422,5485,Cloudy,Medium,Low,Festival,5->14->19->41->49,4,61,Male,UK,Friends,High,Food,Walk,5,1,0,2,0.6291666666666667,0.5250237066694764,0.826923076923077,0.5
856,151,42->16->20,205,557,Cloudy,Medium,Low,Festival,16->20->42,4,36,Male,France,Friends,High,Relaxation,Train,3,1,0,2,0.17708333333333331,0.005794963649773464,0.34615384615384615,0.0
857,172,17->21->4->46->47,482,4590,Rainy,High,High,Festival,4->17->21->46->47,4,54,Other,China,Group,Low,Relaxation,Bike,5,2,2,0,0.7541666666666667,0.4307238436413444,0.6923076923076924,0.5
858,21,1->31->36,310,3375,Sunny,High,High,Festival,1->31->36,1,32,Male,Japan,Friends,Low,Nature,Bus,3,2,2,0,0.39583333333333337,0.30270782846907596,0.2692307692307693,0.0
859,177,27->2->47->12->41->36->19,164,6407,Rainy,High,Medium,Festival,2->12->19->27->36->41->47,2,57,Other,USA,Group,Low,Nature,Walk,7,2,1,0,0.09166666666666667,0.6221683700347698,0.7500000000000001,1.0
860,26,26->34->17->19,279,7666,Sunny,Low,Medium,None,17->19->26->34,3,57,Other,China,Family,High,Nature,Bus,4,0,1,2,0.33125000000000004,0.754820356126857,0.7500000000000001,0.25
861,17,23->17->29->42,444,6152,Snowy,Medium,Medium,Holiday,17->23->29->42,1,57,Male,UK,Group,Medium,Shopping,Taxi,4,1,1,1,0.6749999999999999,0.595300811294911,0.7500000000000001,0.25
862,161,37->36->29,148,3729,Snowy,Low,Low,Festival,29->36->37,3,25,Male,China,Solo,Medium,Shopping,Car,3,0,0,1,0.05833333333333335,0.34000632177852697,0.13461538461538464,0.0
863,183,36->2->45->27,348,9626,Cloudy,High,Low,None,2->27->36->45,5,59,Female,Germany,Solo,Low,Nature,Train,4,2,0,0,0.475,0.9613317880096933,0.7884615384615384,0.25
864,188,41->13->45->9->29->7->12,596,8396,Snowy,Low,Low,Holiday,7->9->12->13->29->41->45,4,20,Other,India,Group,Medium,Nature,Train,7,0,0,1,0.9916666666666667,0.8317353282056685,0.03846153846153849,1.0
865,84,22->11->39->15->20,505,4019,Sunny,Medium,High,Festival,11->15->20->22->39,5,61,Male,UK,Friends,High,Food,Walk,5,1,2,2,0.8020833333333333,0.3705615846591508,0.826923076923077,0.5
866,40,18->20->19->42->21->27->39,208,8897,Sunny,High,Low,None,18->19->20->21->27->39->42,3,28,Male,USA,Solo,Medium,Shopping,Bike,7,2,0,1,0.18333333333333335,0.8845221789063323,0.1923076923076924,1.0
867,169,50->27->19,230,3638,Rainy,High,Medium,Festival,19->27->50,4,45,Other,France,Friends,High,Adventure,Taxi,3,2,1,2,0.22916666666666669,0.33041829101253817,0.5192307692307693,0.0
868,25,23->43->39->18->42,364,5945,Rainy,High,Medium,None,18->23->39->42->43,2,58,Female,Germany,Family,Medium,Adventure,Bike,5,2,1,1,0.5083333333333333,0.5734906753766726,0.7692307692307693,0.5
869,138,15->33->14,258,6291,Sunny,Medium,High,Holiday,14->15->33,1,36,Other,France,Solo,High,Adventure,Car,3,1,2,2,0.2875,0.6099462648825202,0.34615384615384615,0.0
870,77,45->21->46->14,242,1992,Sunny,Medium,Medium,Festival,14->21->45->46,1,27,Other,UK,Friends,Low,Shopping,Bike,4,1,1,0,0.25416666666666665,0.15699083342113582,0.17307692307692313,0.25
871,64,43->40->47->15->20,384,8619,Sunny,Low,High,Festival,15->20->40->43->47,2,25,Female,China,Group,Low,Nature,Bus,5,0,2,0,0.55,0.8552312717311137,0.13461538461538464,0.5
872,109,27->23->32,179,1291,Cloudy,High,High,Festival,23->27->32,3,40,Male,USA,Family,Low,Food,Car,3,2,2,0,0.12291666666666667,0.08313138763038669,0.42307692307692313,0.0
873,139,5->17->12->29->40,168,8094,Cloudy,High,High,Festival,5->12->17->29->40,1,67,Female,India,Solo,High,Relaxation,Train,5,2,2,2,0.09999999999999998,0.7999157096196396,0.9423076923076924,0.5
874,117,8->45->25->10->42->37->32,523,5583,Cloudy,High,High,None,8->10->25->32->37->42->45,2,26,Female,USA,Friends,Low,Food,Walk,7,2,2,0,0.8395833333333333,0.5353492782636182,0.15384615384615385,1.0
875,187,3->27->14,233,8772,Snowy,Low,High,Festival,3->14->27,5,18,Male,UK,Group,Medium,Shopping,Bus,3,0,2,1,0.23541666666666666,0.871351806975029,0.0,0.0
876,140,5->25->11->40->48->23,182,4567,Sunny,Low,Medium,Holiday,5->11->23->25->40->48,4,54,Other,China,Solo,High,Food,Bike,6,0,1,2,0.12916666666666665,0.42830049520598457,0.6923076923076924,0.75
877,167,10->28->29->41->49->40->17,218,5794,Rainy,High,High,Festival,10->17->28->29->40->41->49,4,18,Other,China,Friends,Low,Nature,Car,7,2,2,0,0.20416666666666666,0.5575808660836582,0.0,1.0
878,151,38->13->23->46->18->36,337,7396,Rainy,Medium,Medium,None,13->18->23->36->38->46,4,36,Male,France,Friends,High,Relaxation,Train,6,1,1,2,0.4520833333333333,0.7263723527552418,0.34615384615384615,0.75
879,70,43->29->35->30->17->11->44,595,9016,Cloudy,Medium,High,None,11->17->29->30->35->43->44,3,54,Other,USA,Friends,Medium,Shopping,Bike,7,1,2,1,0.9895833333333333,0.8970603729849331,0.6923076923076924,1.0
880,81,4->11->40->30,472,7176,Rainy,High,Low,Holiday,4->11->30->40,1,64,Female,France,Group,High,Adventure,Train,4,2,0,2,0.7333333333333333,0.7031924981561479,0.8846153846153847,0.25
881,155,50->43->39->12->3,200,1127,Rainy,High,High,Festival,3->12->39->43->50,1,30,Other,Germany,Friends,Low,Cultural,Bike,5,2,2,0,0.16666666666666669,0.0658518596565167,0.23076923076923084,0.5
882,173,28->3->27->37->13,363,7749,Rainy,Low,High,None,3->13->27->28->37,1,70,Male,China,Solo,Medium,Food,Bike,5,0,2,1,0.50625,0.7635654830892424,1.0,0.5
883,7,21->7->28->45,317,9507,Rainy,High,Medium,None,7->21->28->45,5,28,Female,Germany,Family,High,Adventure,Car,4,2,1,2,0.41041666666666665,0.9487935939310926,0.1923076923076924,0.25
884,191,12->14->4->26->25,378,7606,Rainy,Medium,Low,None,4->12->14->25->26,5,51,Male,Germany,Friends,High,Food,Train,5,1,0,2,0.5375,0.7484985775998314,0.6346153846153847,0.5
885,8,13->25->6,323,9417,Rainy,Low,High,Festival,6->13->25,4,24,Female,USA,Family,Low,Adventure,Walk,3,0,2,0,0.4229166666666666,0.9393109261405542,0.11538461538461542,0.0
886,114,7->3->8->18->29->23->30,587,1532,Sunny,High,High,Festival,3->7->8->18->23->29->30,2,19,Female,China,Family,High,Cultural,Taxi,7,2,2,2,0.9729166666666667,0.10852386471393952,0.019230769230769273,1.0
887,25,8->27->44->42->39->50,402,1295,Cloudy,Medium,High,None,8->27->39->42->44->50,3,58,Female,Germany,Family,Medium,Adventure,Bike,6,1,2,1,0.5875,0.0835528395321884,0.7692307692307693,0.75
888,19,13->44->3->4,351,1226,Rainy,High,Medium,Holiday,3->4->13->44,3,32,Male,UK,Family,High,Nature,Train,4,2,1,2,0.48124999999999996,0.07628279422610895,0.2692307692307693,0.25
889,131,29->39->14->18->36,497,3671,Cloudy,Medium,Low,Festival,14->18->29->36->39,3,41,Female,China,Group,High,Cultural,Car,5,1,0,2,0.7854166666666667,0.3338952692024023,0.4423076923076924,0.5
890,147,26->47->16->15->22->1->14,403,843,Sunny,Low,Low,None,1->14->15->16->22->26->47,2,19,Other,Japan,Friends,High,Nature,Walk,7,0,0,2,0.5895833333333333,0.035928774628595506,0.019230769230769273,1.0
891,197,8->30->46->14->28,458,9611,Rainy,Medium,Medium,None,8->14->28->30->46,2,23,Male,India,Group,High,Food,Walk,5,1,1,2,0.7041666666666666,0.9597513433779369,0.0961538461538462,0.5
892,39,7->23->36->21,328,3055,Snowy,Low,Low,Festival,7->21->23->36,3,51,Female,India,Group,Low,Nature,Car,4,0,0,0,0.43333333333333335,0.26899167632493937,0.6346153846153847,0.25
893,28,31->17->16,169,5884,Rainy,Low,Medium,None,16->17->31,1,32,Female,China,Solo,Low,Shopping,Train,3,0,1,0,0.1020833333333333,0.5670635338741966,0.2692307692307693,0.0
894,5,5->10->48->30->46->44->24,402,5913,Cloudy,High,Medium,None,5->10->24->30->44->46->48,1,65,Other,Japan,Solo,Low,Cultural,Train,7,2,1,0,0.5875,0.570119060162259,0.9038461538461539,1.0
895,157,38->50->6->4->12->18,478,4011,Snowy,Low,Low,None,4->6->12->18->38->50,2,52,Other,Japan,Group,Low,Food,Bus,6,0,0,0,0.7458333333333333,0.3697186808555474,0.6538461538461539,0.75
896,132,38->10->48->27->42->19,542,7827,Rainy,Medium,High,None,10->19->27->38->42->48,1,29,Female,Japan,Family,Medium,Relaxation,Train,6,1,2,1,0.8791666666666667,0.7717837951743757,0.21153846153846156,0.75
897,111,11->49->28->6->30,155,4793,Snowy,High,High,Holiday,6->11->28->30->49,4,45,Female,Japan,Solo,Medium,Shopping,Car,5,2,2,1,0.07291666666666669,0.4521125276577811,0.5192307692307693,0.5
898,61,30->40->4,171,7272,Rainy,Medium,High,None,4->30->40,4,20,Male,France,Solo,Medium,Food,Taxi,3,1,2,1,0.10625000000000001,0.7133073437993889,0.03846153846153849,0.0
899,6,10->28->37,255,1481,Sunny,High,High,Festival,10->28->37,4,36,Female,UK,Group,Low,Adventure,Bus,3,2,2,0,0.28125,0.10315035296596775,0.34615384615384615,0.0
900,128,6->21->12->38->17->20,156,1302,Rainy,Medium,Medium,Festival,6->12->17->20->21->38,4,66,Male,UK,Family,Medium,Nature,Train,6,1,1,1,0.07500000000000001,0.08429038036034137,0.9230769230769232,0.75
901,6,29->14->5->1->33->48->32,284,7554,Sunny,High,Low,Holiday,1->5->14->29->32->33->48,5,36,Female,UK,Group,Low,Adventure,Bus,7,2,0,0,0.3416666666666667,0.7430197028764093,0.34615384615384615,1.0
902,131,41->49->46,494,1847,Sunny,Low,High,Holiday,41->46->49,2,41,Female,China,Group,High,Cultural,Car,3,0,2,2,0.7791666666666666,0.14171320198082393,0.4423076923076924,0.0
903,180,6->27->12->9->40->10->47,273,5316,Snowy,Medium,Medium,Festival,6->9->10->12->27->40->47,1,38,Female,France,Solo,Low,Relaxation,Train,7,1,1,0,0.31875,0.5072173638183542,0.3846153846153847,1.0
904,40,2->35->30->32,218,618,Snowy,Low,High,Holiday,2->30->32->35,1,28,Male,USA,Solo,Medium,Shopping,Bike,4,0,2,1,0.20416666666666666,0.012222105152249502,0.1923076923076924,0.25
905,71,17->42->34->38->8->35,240,6289,Sunny,Medium,High,Festival,8->17->34->35->38->42,3,41,Female,France,Family,High,Relaxation,Bus,6,1,2,2,0.25,0.6097355389316195,0.4423076923076924,0.75
906,111,38->17->31->12->29->41->28,169,7461,Snowy,High,High,Holiday,12->17->28->29->31->38->41,2,45,Female,Japan,Solo,Medium,Shopping,Car,7,2,2,1,0.1020833333333333,0.7332209461595195,0.5192307692307693,1.0
907,149,15->10->20,325,3557,Rainy,Medium,Medium,None,10->15->20,5,36,Female,China,Family,High,Food,Bus,3,1,1,2,0.42708333333333337,0.32188389000105366,0.34615384615384615,0.0
908,44,4->50->17->27->24->30->46,574,1566,Snowy,Medium,High,Holiday,4->17->24->27->30->46->50,2,43,Female,USA,Friends,High,Relaxation,Taxi,7,1,2,2,0.9458333333333333,0.11210620587925402,0.48076923076923084,1.0
909,190,34->18->31,479,2109,Rainy,Low,Low,None,18->31->34,4,35,Other,Germany,Group,High,Nature,Bus,3,0,0,2,0.7479166666666667,0.16931830154883573,0.326923076923077,0.0
910,161,40->31->35->50->24->17,543,1065,Sunny,Medium,High,None,17->24->31->35->40->50,5,25,Male,China,Solo,Medium,Shopping,Car,6,1,2,1,0.8812500000000001,0.059319355178590244,0.13461538461538464,0.75
911,105,34->15->7->50->41,394,3482,Rainy,High,High,None,7->15->34->41->50,5,65,Female,France,Solo,High,Food,Bike,5,2,2,2,0.5708333333333333,0.3139816668422716,0.9038461538461539,0.5
912,84,28->4->23->20->21->46->11,210,4910,Rainy,Medium,Low,Holiday,4->11->20->21->23->28->46,2,61,Male,UK,Friends,High,Food,Walk,7,1,0,2,0.1875,0.464439995785481,0.826923076923077,1.0
913,166,6->48->39->3,308,4123,Sunny,High,Low,Holiday,3->6->39->48,5,44,Male,Germany,Solo,Medium,Relaxation,Train,4,2,0,1,0.3916666666666666,0.38151933410599514,0.5000000000000001,0.25
914,69,26->22->44->16->21->27->11,388,8454,Snowy,High,Low,Holiday,11->16->21->22->26->27->44,3,56,Other,Japan,Family,Low,Nature,Car,7,2,0,0,0.5583333333333333,0.8378463807817933,0.730769230769231,1.0
915,143,9->8->33->50->38->40,209,4395,Sunny,Low,High,None,8->9->33->38->40->50,3,49,Male,France,Group,Medium,Nature,Car,6,0,2,1,0.18541666666666667,0.41017806342851115,0.5961538461538463,0.75
916,143,19->42->2->14->1->5->10,176,5836,Rainy,Medium,Medium,None,1->2->5->10->14->19->42,2,49,Male,France,Group,Medium,Nature,Car,7,1,1,1,0.11666666666666664,0.5620061110525761,0.5961538461538463,1.0
917,26,47->34->28->16->6->27->42,229,5785,Cloudy,High,Low,Holiday,6->16->27->28->34->42->47,4,57,Other,China,Family,High,Nature,Bus,7,2,0,2,0.2270833333333333,0.5566325993046044,0.7500000000000001,1.0
918,24,16->30->40->44,288,7346,Cloudy,Medium,Medium,None,16->30->40->44,1,67,Female,Japan,Family,Medium,Shopping,Walk,4,1,1,1,0.35,0.7211042039827205,0.9423076923076924,0.25
919,26,11->27->17->14->12,386,2811,Sunny,High,Medium,Holiday,11->12->14->17->27,1,57,Other,China,Family,High,Nature,Bus,5,2,1,2,0.5541666666666667,0.24328311031503527,0.7500000000000001,0.5
920,134,41->43->9->23->44->17,377,3378,Rainy,Medium,High,Festival,9->17->23->41->43->44,1,66,Other,USA,Group,Medium,Nature,Bus,6,1,2,1,0.5354166666666667,0.3030239173954272,0.9230769230769232,0.75
921,7,8->29->35,351,9287,Rainy,Low,Low,Holiday,8->29->35,4,28,Female,Germany,Family,High,Adventure,Car,3,0,0,2,0.48124999999999996,0.9256137393319988,0.1923076923076924,0.0
922,192,12->50->30,419,4601,Rainy,Medium,Medium,None,12->30->50,3,47,Female,India,Family,Medium,Shopping,Car,3,1,1,1,0.6229166666666667,0.4318828363712991,0.5576923076923077,0.0
923,42,8->26->35->19->29,358,9001,Rainy,Medium,Medium,None,8->19->26->29->35,1,23,Female,UK,Family,Medium,Adventure,Bus,5,1,1,1,0.49583333333333335,0.8954799283531767,0.0961538461538462,0.5
924,164,4->7->32->37->41,496,3842,Sunny,Low,Low,Holiday,4->7->32->37->41,4,66,Female,China,Family,Medium,Relaxation,Car,5,0,0,1,0.7833333333333332,0.35191233800442523,0.9230769230769232,0.5
925,58,11->44->25->35->31->23->10,559,8803,Cloudy,High,Medium,Holiday,10->11->23->25->31->35->44,5,60,Male,France,Solo,High,Relaxation,Bus,7,2,1,2,0.9145833333333333,0.8746180592139922,0.8076923076923078,1.0
926,151,47->18->21->38->49->41,341,8952,Snowy,Low,Low,None,18->21->38->41->47->49,5,36,Male,France,Friends,High,Relaxation,Train,6,0,0,2,0.4604166666666667,0.8903171425561057,0.34615384615384615,0.75
927,82,50->5->23->43->14,378,3723,Sunny,High,Low,Festival,5->14->23->43->50,5,38,Female,France,Friends,Low,Food,Bike,5,2,0,0,0.5375,0.33937414392582443,0.3846153846153847,0.5
928,126,31->20->38->45,163,9568,Sunny,Medium,Low,Festival,20->31->38->45,1,32,Male,Germany,Friends,Medium,Nature,Taxi,4,1,0,1,0.08958333333333335,0.9552207354335686,0.2692307692307693,0.25
929,13,41->22->35->8,183,8653,Rainy,High,High,Holiday,8->22->35->41,2,44,Female,France,Friends,High,Food,Bike,4,2,2,2,0.13124999999999998,0.8588136128964282,0.5000000000000001,0.25
930,27,23->37->41->35->1,233,9649,Sunny,High,Medium,Holiday,1->23->35->37->41,3,60,Female,USA,Friends,Medium,Cultural,Bike,5,2,1,1,0.23541666666666666,0.9637551364450533,0.8076923076923078,0.5
931,183,37->47->19,407,5591,Rainy,High,Medium,None,19->37->47,3,59,Female,Germany,Solo,Low,Nature,Train,3,2,1,0,0.5979166666666667,0.5361921820672216,0.7884615384615384,0.0
932,133,16->14->35->40->47,482,2444,Snowy,Low,High,Holiday,14->16->35->40->47,3,69,Male,USA,Group,Medium,Shopping,Train,5,0,2,1,0.7541666666666667,0.2046148983247287,0.980769230769231,0.5
933,138,47->30->22->7,442,9829,Cloudy,High,Medium,None,7->22->30->47,4,36,Other,France,Solo,High,Adventure,Car,4,2,1,2,0.6708333333333333,0.9827204720261301,0.34615384615384615,0.25
934,65,48->12->26,191,1287,Snowy,High,Medium,None,12->26->48,2,40,Male,USA,Solo,Low,Relaxation,Taxi,3,2,1,0,0.14791666666666664,0.08270993572858498,0.42307692307692313,0.0
935,158,23->30->5->7->12->44->4,519,1347,Rainy,Medium,High,Holiday,4->5->7->12->23->30->44,1,40,Other,India,Group,Medium,Adventure,Train,7,1,2,1,0.83125,0.08903171425561057,0.42307692307692313,1.0
936,92,43->48->30->47,514,6835,Rainy,High,Medium,Holiday,30->43->47->48,3,31,Male,Japan,Solo,Medium,Shopping,Bike,4,2,1,1,0.8208333333333333,0.6672637235275524,0.25,0.25
937,70,12->15->49->43->13->2->16,524,4723,Cloudy,Low,High,Festival,2->12->13->15->16->43->49,3,54,Other,USA,Friends,Medium,Shopping,Bike,7,0,2,1,0.8416666666666666,0.44473711937625116,0.6923076923076924,1.0
938,154,30->45->3->16->27->9,415,2929,Sunny,Medium,Medium,Festival,3->9->16->27->30->45,1,42,Other,France,Solo,Medium,Adventure,Bus,6,1,1,1,0.6145833333333334,0.25571594141818565,0.46153846153846156,0.75
939,185,17->50->18->24->46->47,195,2604,Rainy,Low,High,Festival,17->18->24->46->47->50,1,19,Female,UK,Friends,High,Relaxation,Taxi,6,0,2,2,0.15625,0.22147297439679695,0.019230769230769273,0.75
940,89,22->14->50->36->2->28,409,1699,Snowy,Low,High,Festival,2->14->22->28->36->50,4,45,Male,USA,Group,Medium,Shopping,Train,6,0,2,1,0.6020833333333333,0.12611948161416078,0.5192307692307693,0.75
941,188,2->25->43->45,388,6810,Sunny,Medium,Low,Holiday,2->25->43->45,2,20,Other,India,Group,Medium,Nature,Train,4,1,0,1,0.5583333333333333,0.6646296491412917,0.03846153846153849,0.25
942,10,39->22->38->36->27->29->4,149,9570,Cloudy,Low,Low,Festival,4->22->27->29->36->38->39,4,46,Male,India,Family,High,Food,Train,7,0,0,2,0.060416666666666674,0.9554314613844695,0.5384615384615385,1.0
943,191,10->40->4->3->20->1,519,8066,Cloudy,Medium,Medium,Holiday,1->3->4->10->20->40,5,51,Male,Germany,Friends,High,Food,Train,6,1,1,2,0.83125,0.7969655463070278,0.6346153846153847,0.75
944,138,43->36->1->8->10->16->5,360,9629,Rainy,Medium,Low,Holiday,1->5->8->10->16->36->43,5,36,Other,France,Solo,High,Adventure,Car,7,1,0,2,0.5,0.9616478769360447,0.34615384615384615,1.0
945,122,13->23->11,276,6009,Snowy,Low,Medium,Festival,11->13->23,2,34,Other,China,Friends,Low,Relaxation,Bike,3,0,1,0,0.32499999999999996,0.5802339058054999,0.3076923076923077,0.0
946,21,7->50->31->13,467,5449,Cloudy,High,Low,Festival,7->13->31->50,4,32,Male,Japan,Friends,Low,Nature,Bus,4,2,0,0,0.7229166666666667,0.521230639553261,0.2692307692307693,0.25
947,61,3->25->45,288,9819,Cloudy,Medium,High,None,3->25->45,3,20,Male,France,Solo,Medium,Food,Taxi,3,1,2,1,0.35,0.9816668422716258,0.03846153846153849,0.0
948,19,12->16->23->25->19->33->14,370,6883,Sunny,Low,High,Holiday,12->14->16->19->23->25->33,3,32,Male,UK,Family,High,Nature,Train,7,0,2,2,0.5208333333333334,0.672321146349173,0.2692307692307693,1.0
949,16,2->38->20->11,198,7634,Snowy,High,Low,None,2->11->20->38,4,32,Male,USA,Friends,Low,Relaxation,Walk,4,2,0,0,0.16249999999999998,0.7514487409124434,0.2692307692307693,0.25
950,68,50->39->33,262,4637,Cloudy,Low,Low,Festival,33->39->50,1,70,Other,France,Friends,Medium,Nature,Car,3,0,0,1,0.2958333333333333,0.4356759034875145,1.0,0.0
951,53,10->39->48->29,530,9569,Snowy,Low,High,None,10->29->39->48,2,55,Female,USA,Group,High,Relaxation,Walk,4,0,2,2,0.8541666666666667,0.9553260984090192,0.7115384615384616,0.25
952,4,8->37->23->26->5->40->4,480,3737,Sunny,High,Medium,Festival,4->5->8->23->26->37->40,3,31,Female,Germany,Family,Medium,Shopping,Car,7,2,1,1,0.75,0.3408492255821304,0.25,1.0
953,110,13->31->9,373,1108,Cloudy,Low,Low,None,9->13->31,5,45,Other,Germany,Friends,Low,Food,Car,3,0,0,0,0.5270833333333333,0.06384996312295858,0.5192307692307693,0.0
954,153,49->11->8->20->10->17->40,445,8147,Rainy,Low,High,Holiday,8->10->11->17->20->40->49,4,20,Female,USA,Group,Low,Shopping,Walk,7,0,2,0,0.6770833333333334,0.8054999473185123,0.03846153846153849,1.0
955,109,28->39->24,235,2001,Sunny,Medium,High,None,24->28->39,2,40,Male,USA,Family,Low,Food,Car,3,1,2,0,0.23958333333333331,0.15793910020018964,0.42307692307692313,0.0
956,184,2->7->14,465,3149,Sunny,Low,High,None,2->7->14,4,69,Male,Germany,Family,Low,Relaxation,Bike,3,0,2,0,0.71875,0.27889579601727954,0.980769230769231,0.0
957,41,46->40->48->32->36,175,6456,Sunny,High,Low,None,32->36->40->46->48,4,29,Female,Germany,Friends,High,Shopping,Train,5,2,0,2,0.11458333333333331,0.6273311558318407,0.21153846153846156,0.5
958,135,37->11->9->32->46->24->45,294,7668,Rainy,Low,Low,None,9->11->24->32->37->45->46,5,68,Male,USA,Group,Medium,Shopping,Walk,7,0,0,1,0.36250000000000004,0.7550310820777578,0.9615384615384616,1.0
959,10,14->49->28->33,328,2942,Cloudy,High,Low,Festival,14->28->33->49,4,46,Male,India,Family,High,Food,Train,4,2,0,2,0.43333333333333335,0.2570856600990412,0.5384615384615385,0.25
960,198,14->1->25->16,339,3682,Snowy,Low,Low,None,1->14->16->25,5,39,Female,Japan,Friends,High,Relaxation,Taxi,4,0,0,2,0.45625000000000004,0.335054261932357,0.40384615384615385,0.25
961,44,3->8->18->23,458,8186,Sunny,High,Medium,Holiday,3->8->18->23,2,43,Female,USA,Friends,High,Relaxation,Taxi,4,2,1,2,0.7041666666666666,0.8096091033610789,0.48076923076923084,0.25
962,12,40->50->22->11->35->2->9,268,5003,Cloudy,Medium,High,Holiday,2->9->11->22->35->40->50,3,47,Female,UK,Solo,High,Cultural,Train,7,1,2,2,0.30833333333333335,0.4742387525023707,0.5576923076923077,1.0
963,57,40->41->35->9->5,390,8584,Cloudy,Medium,High,Festival,5->9->35->40->41,5,46,Male,Japan,Family,Low,Nature,Bike,5,1,2,0,0.5625,0.8515435675903488,0.5384615384615385,0.5
964,193,40->44->39->22->45->3,306,7915,Rainy,High,High,Festival,3->22->39->40->44->45,2,30,Female,UK,Group,Low,Cultural,Bike,6,2,2,0,0.38749999999999996,0.7810557370140133,0.23076923076923084,0.75
965,159,20->35->38->24->9,168,7293,Cloudy,Medium,Medium,Holiday,9->20->24->35->38,4,44,Female,UK,Group,Medium,Cultural,Bike,5,1,1,1,0.09999999999999998,0.7155199662838478,0.5000000000000001,0.5
966,83,15->21->7->9->6->34,415,8569,Snowy,Medium,Low,None,6->7->9->15->21->34,2,62,Male,Germany,Friends,Medium,Adventure,Bus,6,1,0,1,0.6145833333333334,0.8499631229585923,0.8461538461538461,0.75
967,49,15->28->50->20->29->41->1,125,885,Rainy,Medium,Medium,Festival,1->15->20->28->29->41->50,1,51,Female,China,Friends,High,Cultural,Bus,7,1,1,2,0.010416666666666685,0.04035401959751343,0.6346153846153847,1.0
968,21,17->47->12->29->7,299,3710,Rainy,Low,High,Festival,7->12->17->29->47,4,32,Male,Japan,Friends,Low,Nature,Bus,5,0,2,0,0.3729166666666667,0.3380044252449689,0.2692307692307693,0.5
969,151,37->43->12->20,309,2295,Rainy,High,Medium,Holiday,12->20->37->43,5,36,Male,France,Friends,High,Relaxation,Train,4,2,1,2,0.39375000000000004,0.1889158149826151,0.34615384615384615,0.25
970,197,50->46->43->24->32,516,6771,Snowy,Low,High,Festival,24->32->43->46->50,1,23,Male,India,Group,High,Food,Walk,5,0,2,2,0.825,0.6605204930987251,0.0961538461538462,0.5
971,3,12->43->24->34->37->47,438,6686,Snowy,Medium,Medium,None,12->24->34->37->43->47,3,19,Other,USA,Friends,High,Adventure,Taxi,6,1,1,2,0.6625,0.6515646401854388,0.019230769230769273,0.75
972,133,12->27->46->8->10->45,178,1173,Rainy,Low,Medium,Festival,8->10->12->27->45->46,1,69,Male,USA,Group,Medium,Shopping,Train,6,0,1,1,0.12083333333333335,0.07069855652723632,0.980769230769231,0.75
973,122,1->4->20,442,4811,Sunny,High,Low,None,1->4->20,4,34,Other,China,Friends,Low,Relaxation,Bike,3,2,0,0,0.6708333333333333,0.4540090612158888,0.3076923076923077,0.0
974,105,7->8->38->2->37->31,530,3773,Sunny,High,High,Festival,2->7->8->31->37->38,4,65,Female,France,Solo,High,Food,Bike,6,2,2,2,0.8541666666666667,0.3446422926983458,0.9038461538461539,0.75
975,195,37->2->5->9->49,231,1571,Sunny,Low,Medium,None,2->5->9->37->49,2,19,Other,France,Family,Medium,Cultural,Train,5,0,1,1,0.23125,0.11263302075650616,0.019230769230769273,0.5
976,10,33->24->23->31->34->5,412,4787,Snowy,High,High,Festival,5->23->24->31->33->34,5,46,Male,India,Family,High,Food,Train,6,2,2,2,0.6083333333333333,0.45148034980507845,0.5384615384615385,0.75
977,107,45->17->22->25->44->30,571,5796,Cloudy,Low,High,None,17->22->25->30->44->45,3,39,Female,UK,Family,High,Food,Car,6,0,2,2,0.9395833333333332,0.5577915920345591,0.40384615384615385,0.75
978,96,15->8->50->39,151,8665,Sunny,High,Low,Holiday,8->15->39->50,1,29,Other,India,Friends,Medium,Relaxation,Train,4,2,0,1,0.06458333333333333,0.8600779686018333,0.21153846153846156,0.25
979,149,9->26->8->35->50->3->18,383,850,Rainy,Low,Medium,Holiday,3->8->9->18->26->35->50,4,36,Female,China,Family,High,Food,Bus,7,0,1,2,0.5479166666666666,0.03666631545674849,0.34615384615384615,1.0
980,122,43->19->39->38,463,3754,Snowy,Low,High,Holiday,19->38->39->43,3,34,Other,China,Friends,Low,Relaxation,Bike,4,0,2,0,0.7145833333333333,0.3426403961647877,0.3076923076923077,0.25
981,77,26->13->45->36->23,146,2232,Rainy,High,Medium,Festival,13->23->26->36->45,1,27,Other,UK,Friends,Low,Shopping,Bike,5,2,1,0,0.05416666666666664,0.1822779475292382,0.17307692307692313,0.5
982,163,49->6->15->3->19->24,489,6770,Snowy,Low,Medium,Holiday,3->6->15->19->24->49,1,59,Female,India,Friends,Low,Food,Car,6,0,1,0,0.76875,0.6604151301232747,0.7884615384615384,0.75
983,182,14->46->11->41,390,9458,Rainy,Medium,Low,None,11->14->41->46,3,69,Female,China,Family,Medium,Food,Train,4,1,0,1,0.5625,0.9436308081340217,0.980769230769231,0.25
984,96,7->37->39->35->48->15,221,7838,Sunny,Low,High,None,7->15->35->37->39->48,5,29,Other,India,Friends,Medium,Relaxation,Train,6,0,2,1,0.21041666666666664,0.7729427879043305,0.21153846153846156,0.75
985,11,24->47->29->16->38->37,482,686,Sunny,High,High,None,16->24->29->37->38->47,2,19,Female,UK,Friends,Medium,Food,Taxi,6,2,2,1,0.7541666666666667,0.019386787482878517,0.019230769230769273,0.75
986,119,2->33->10->43,214,3435,Cloudy,Medium,Medium,Festival,2->10->33->43,2,30,Other,India,Solo,Medium,Cultural,Bike,4,1,1,1,0.1958333333333333,0.3090296069961016,0.23076923076923084,0.25
987,48,47->31->36->44->12->9->7,430,2307,Rainy,Low,Low,Festival,7->9->12->31->36->44->47,5,25,Male,Germany,Solo,Low,Cultural,Bus,7,0,0,0,0.6458333333333334,0.19018017068802023,0.13461538461538464,1.0
988,15,38->17->25->31->13->29,438,8025,Snowy,High,Medium,Festival,13->17->25->29->31->38,2,52,Male,Germany,Friends,Medium,Relaxation,Train,6,2,1,1,0.6625,0.7926456643135602,0.6538461538461539,0.75
989,59,7->36->27->12->2,354,9187,Snowy,Medium,High,None,2->7->12->27->36,4,53,Male,France,Friends,Low,Shopping,Car,5,1,2,0,0.48750000000000004,0.915077441786956,0.6730769230769232,0.5
990,81,22->47->28->42->13->20,378,1186,Snowy,High,Low,Holiday,13->20->22->28->42->47,3,64,Female,France,Group,High,Adventure,Train,6,2,0,2,0.5375,0.07206827520809188,0.8846153846153847,0.75
991,65,22->28->34->32,450,4071,Cloudy,Low,Low,None,22->28->32->34,2,40,Male,USA,Solo,Low,Relaxation,Taxi,4,0,0,0,0.6875,0.3760404593825729,0.42307692307692313,0.25
992,196,50->46->17,495,4170,Snowy,Medium,Low,Holiday,17->46->50,5,32,Other,USA,Group,Low,Nature,Car,3,1,0,0,0.78125,0.38647139395216523,0.2692307692307693,0.0
993,30,11->16->46->38->31->50->14,458,5192,Sunny,Medium,High,None,11->14->16->31->38->46->50,4,25,Male,India,Solo,Low,Shopping,Train,7,1,2,0,0.7041666666666666,0.4941523548625013,0.13461538461538464,1.0
994,166,37->40->46->8->30->45->15,180,6550,Cloudy,Low,Low,Festival,8->15->30->37->40->45->46,2,44,Male,Germany,Solo,Medium,Relaxation,Train,7,0,0,1,0.125,0.6372352755241808,0.5000000000000001,1.0
995,136,28->32->25->26->17->31->15,292,4771,Sunny,Low,Low,Holiday,15->17->25->26->28->31->32,3,62,Male,Germany,Family,High,Relaxation,Bike,7,0,0,2,0.3583333333333333,0.4497945421978716,0.8461538461538461,1.0
996,88,45->49->12->32->46,560,4356,Snowy,Low,Low,None,12->32->45->46->49,5,33,Other,Germany,Group,Medium,Nature,Bike,5,0,0,1,0.9166666666666667,0.4060689073859446,0.28846153846153855,0.5
997,38,10->39->49->20->46,320,5894,Cloudy,Low,High,Holiday,10->20->39->46->49,2,49,Male,France,Friends,Low,Food,Train,5,0,2,0,0.41666666666666663,0.5681171636287009,0.5961538461538463,0.5
998,122,50->26->40,427,9171,Cloudy,High,Medium,Festival,26->40->50,4,34,Other,China,Friends,Low,Relaxation,Bike,3,2,1,0,0.6395833333333333,0.9133916341797492,0.3076923076923077,0.0
999,119,28->2->44->20->46->42->12,212,1148,Snowy,Medium,High,Festival,2->12->20->28->42->44->46,4,30,Other,India,Solo,Medium,Cultural,Bike,7,1,2,1,0.19166666666666665,0.06806448214097566,0.23076923076923084,1.0
1000,14,23->48->21->46,377,1579,Rainy,Medium,High,None,21->23->46->48,5,35,Other,Japan,Group,Low,Shopping,Taxi,4,1,2,0,0.5354166666666667,0.11347592456010958,0.326923076923077,0.25
1001,48,50->28->49->16,372,921,Sunny,High,Medium,Festival,16->28->49->50,2,25,Male,Germany,Solo,Low,Cultural,Bus,4,2,1,0,0.525,0.044147086713728786,0.13461538461538464,0.25
1002,119,20->13->33,390,605,Snowy,High,Low,Festival,13->20->33,5,30,Other,India,Solo,Medium,Cultural,Bike,3,2,0,1,0.5625,0.010852386471393943,0.23076923076923084,0.0
1003,85,5->4->9->3,182,6109,Sunny,Low,Low,None,3->4->5->9,4,47,Male,India,Friends,Medium,Food,Car,4,0,0,1,0.12916666666666665,0.5907702033505426,0.5576923076923077,0.25
1004,195,48->49->9,337,3175,Snowy,High,High,Holiday,9->48->49,2,19,Other,France,Family,Medium,Cultural,Train,3,2,2,1,0.4520833333333333,0.28163523337899066,0.019230769230769273,0.0
1005,15,24->34->8->17->28,468,6270,Sunny,High,Low,None,8->17->24->28->34,4,52,Male,Germany,Friends,Medium,Relaxation,Train,5,2,0,1,0.725,0.6077336423980613,0.6538461538461539,0.5
1006,56,49->45->8,120,814,Rainy,Low,High,Holiday,8->45->49,5,34,Male,USA,Solo,Medium,Adventure,Taxi,3,0,2,1,0.0,0.03287324834053314,0.3076923076923077,0.0
1007,70,30->4->49->20,389,8689,Snowy,High,Medium,Holiday,4->20->30->49,5,54,Other,USA,Friends,Medium,Shopping,Bike,4,2,1,1,0.5604166666666667,0.8626066800126435,0.6923076923076924,0.25
1008,68,21->49->36->11->35->18->12,466,4653,Rainy,Low,High,Holiday,11->12->18->21->35->36->49,3,70,Other,France,Friends,Medium,Nature,Car,7,0,2,1,0.7208333333333333,0.43736171109472133,1.0,1.0
1009,82,18->48->28->29,202,6434,Sunny,High,High,None,18->28->29->48,3,38,Female,France,Friends,Low,Food,Bike,4,2,2,0,0.17083333333333334,0.6250131703719313,0.3846153846153847,0.25
1010,79,10->7->43->38->28,439,4574,Cloudy,Low,Low,None,7->10->28->38->43,3,20,Male,France,Friends,Low,Adventure,Taxi,5,0,0,0,0.6645833333333333,0.4290380360341376,0.03846153846153849,0.5
1011,83,10->31->23->28->2->1->24,562,1484,Rainy,Medium,High,None,1->2->10->23->24->28->31,2,62,Male,Germany,Friends,Medium,Adventure,Bus,7,1,2,1,0.9208333333333334,0.10346644189231904,0.8461538461538461,1.0
1012,85,17->23->30->38->18,595,1610,Rainy,High,High,Festival,17->18->23->30->38,4,47,Male,India,Friends,Medium,Food,Car,5,2,2,1,0.9895833333333333,0.11674217679907281,0.5576923076923077,0.5
1013,189,39->27->46->21->41->40->50,429,8370,Snowy,High,Medium,None,21->27->39->40->41->46->50,2,58,Female,Japan,Friends,Medium,Food,Taxi,7,2,1,1,0.6437499999999999,0.8289958908439574,0.7692307692307693,1.0
1014,119,12->32->21->5->4->19,436,7846,Cloudy,Medium,Medium,Festival,4->5->12->19->21->32,2,30,Other,India,Solo,Medium,Cultural,Bike,6,1,1,1,0.6583333333333333,0.7737856917079339,0.23076923076923084,0.75
1015,74,2->28->49->25->17->16->45,184,7672,Snowy,Medium,Medium,Festival,2->16->17->25->28->45->49,3,26,Female,France,Solo,Low,Food,Taxi,7,1,1,0,0.1333333333333333,0.7554525339795596,0.15384615384615385,1.0
1016,38,17->44->8->11->42->19->13,353,6138,Sunny,Medium,High,Holiday,8->11->13->17->19->42->44,2,49,Male,France,Friends,Low,Food,Train,7,1,2,0,0.4854166666666666,0.593825729638605,0.5961538461538463,1.0
1017,10,47->28->42,433,7063,Sunny,Low,Medium,None,28->42->47,5,46,Male,India,Family,High,Food,Train,3,0,1,2,0.6520833333333333,0.6912864819302497,0.5384615384615385,0.0
1018,79,27->31->40->38->24,384,7073,Rainy,High,High,Festival,24->27->31->38->40,2,20,Male,France,Friends,Low,Adventure,Taxi,5,2,2,0,0.55,0.692340111684754,0.03846153846153849,0.5
1019,176,44->36->11->41,366,5725,Rainy,Low,Medium,None,11->36->41->44,2,31,Other,China,Group,High,Relaxation,Taxi,4,0,1,2,0.5125,0.5503108207775788,0.25,0.25
1020,50,9->34->21,170,4360,Snowy,High,High,Holiday,9->21->34,4,66,Male,USA,Solo,High,Food,Train,3,2,2,2,0.10416666666666669,0.40649035928774624,0.9230769230769232,0.0
1021,172,2->23->17,252,3255,Rainy,High,Low,None,2->17->23,5,54,Other,China,Group,Low,Relaxation,Bike,3,2,0,0,0.275,0.2900642714150248,0.6923076923076924,0.0
1022,104,15->25->36,587,5051,Snowy,High,High,None,15->25->36,5,51,Male,India,Group,Medium,Shopping,Bus,3,2,2,1,0.9729166666666667,0.47929617532399116,0.6346153846153847,0.0
1023,30,28->17->45->34->24->16,154,3194,Rainy,Low,Low,Holiday,16->17->24->28->34->45,5,25,Male,India,Solo,Low,Shopping,Train,6,0,0,0,0.0708333333333333,0.28363712991254875,0.13461538461538464,0.75
1024,41,11->29->5->15,325,2777,Snowy,Low,High,Festival,5->11->15->29,4,29,Female,Germany,Friends,High,Shopping,Train,4,0,2,2,0.42708333333333337,0.2397007691497208,0.21153846153846156,0.25
1025,190,24->15->48,598,8018,Snowy,Low,Low,Festival,15->24->48,3,35,Other,Germany,Group,High,Nature,Bus,3,0,0,2,0.9958333333333333,0.7919081234854072,0.326923076923077,0.0
1026,16,1->10->42->50->33,577,8930,Rainy,Low,High,None,1->10->33->42->50,1,32,Male,USA,Friends,Low,Relaxation,Walk,5,0,2,0,0.9520833333333334,0.8879991570961964,0.2692307692307693,0.5
1027,125,5->13->46->38->25->11,436,2520,Sunny,Medium,Low,None,5->11->13->25->38->46,1,31,Male,Germany,Solo,Low,Cultural,Train,6,1,0,0,0.6583333333333333,0.21262248445896112,0.25,0.75
1028,3,24->18->1->37,126,2766,Snowy,Low,High,Festival,1->18->24->37,4,19,Other,USA,Friends,High,Adventure,Taxi,4,0,2,2,0.012500000000000011,0.23854177641976607,0.019230769230769273,0.25
1029,198,20->21->41->49->40->18->7,233,7948,Snowy,High,Medium,Holiday,7->18->20->21->40->41->49,4,39,Female,Japan,Friends,High,Relaxation,Taxi,7,2,1,2,0.23541666666666666,0.7845327152038774,0.40384615384615385,1.0
1030,22,13->27->49->42->24->14->43,573,5255,Sunny,Medium,Medium,None,13->14->24->27->42->43->49,3,65,Male,India,Friends,High,Adventure,Taxi,7,1,1,2,0.9437500000000001,0.5007902223158782,0.9038461538461539,1.0
1031,177,21->49->5,569,6555,Sunny,High,High,None,5->21->49,4,57,Other,USA,Group,Low,Nature,Walk,3,2,2,0,0.9354166666666666,0.637762090401433,0.7500000000000001,0.0
1032,79,21->18->25->31->11->35,171,5532,Snowy,Medium,Medium,Holiday,11->18->21->25->31->35,4,20,Male,France,Friends,Low,Adventure,Taxi,6,1,1,0,0.10625000000000001,0.5299757665156464,0.03846153846153849,0.75
1033,57,13->21->50->4->8->31,306,6490,Rainy,Low,High,Festival,4->8->13->21->31->50,3,46,Male,Japan,Family,Low,Nature,Bike,6,0,2,0,0.38749999999999996,0.6309134969971552,0.5384615384615385,0.75
1034,97,14->8->31->28,302,3767,Snowy,Medium,High,Holiday,8->14->28->31,2,39,Male,Germany,Family,Medium,Nature,Train,4,1,2,1,0.37916666666666665,0.34401011484564326,0.40384615384615385,0.25
1035,120,34->39->1->2,294,5135,Sunny,High,Low,None,1->2->34->39,1,55,Other,Germany,Friends,High,Relaxation,Bus,4,2,0,2,0.36250000000000004,0.48814666526182704,0.7115384615384616,0.25
1036,55,4->48->28->25,481,3624,Rainy,High,High,Holiday,4->25->28->48,2,55,Male,Germany,Family,Medium,Nature,Bus,4,2,2,1,0.7520833333333332,0.3289432093562322,0.7115384615384616,0.25
1037,80,36->43->42->50,148,2011,Snowy,Medium,High,Holiday,36->42->43->50,4,67,Male,UK,Family,Medium,Food,Walk,4,1,2,1,0.05833333333333335,0.1589927299546939,0.9423076923076924,0.25
1038,133,10->29->2,416,3065,Sunny,High,Low,Holiday,2->10->29,5,69,Male,USA,Group,Medium,Shopping,Train,3,2,0,1,0.6166666666666667,0.27004530607944366,0.980769230769231,0.0
1039,177,36->39->32->15->16,507,8117,Rainy,Medium,Low,None,15->16->32->36->39,1,57,Other,USA,Group,Low,Nature,Walk,5,1,0,0,0.8062499999999999,0.8023390580549995,0.7500000000000001,0.5
1040,5,40->4->46->14->26,534,9046,Rainy,Medium,Low,Festival,4->14->26->40->46,2,65,Other,Japan,Solo,Low,Cultural,Train,5,1,0,0,0.8625,0.9002212622484459,0.9038461538461539,0.5
1041,31,11->38->50->5,259,6284,Rainy,High,Low,Holiday,5->11->38->50,2,61,Male,UK,Group,Low,Nature,Train,4,2,0,0,0.2895833333333333,0.6092087240543673,0.826923076923077,0.25
1042,59,46->19->17->35->36->25->2,349,5230,Cloudy,Medium,Low,Festival,2->17->19->25->35->36->46,4,53,Male,France,Friends,Low,Shopping,Car,7,1,0,0,0.4770833333333333,0.4981561479296175,0.6730769230769232,1.0
1043,195,7->37->43,340,7443,Sunny,Low,Low,None,7->37->43,4,19,Other,France,Family,Medium,Cultural,Train,3,0,0,1,0.45833333333333337,0.7313244126014119,0.019230769230769273,0.0
1044,171,28->14->21->24,310,8523,Cloudy,Low,Low,Festival,14->21->24->28,2,30,Other,Germany,Solo,Medium,Nature,Walk,4,0,0,1,0.39583333333333337,0.8451164260878727,0.23076923076923084,0.25
1045,4,49->8->30->28,347,8222,Snowy,High,High,Festival,8->28->30->49,4,31,Female,Germany,Family,Medium,Shopping,Car,4,2,2,1,0.47291666666666665,0.8134021704772942,0.25,0.25
1046,136,50->49->14->35->26,392,6954,Sunny,Medium,Low,Holiday,14->26->35->49->50,2,62,Male,Germany,Family,High,Relaxation,Bike,5,1,0,2,0.5666666666666667,0.6798019176061532,0.8461538461538461,0.5
1047,181,47->28->10,276,8569,Sunny,High,Low,Holiday,10->28->47,4,69,Male,Germany,Friends,Low,Food,Taxi,3,2,0,0,0.32499999999999996,0.8499631229585923,0.980769230769231,0.0
1048,185,35->39->24->27->25->4,319,2705,Cloudy,High,High,Festival,4->24->25->27->35->39,1,19,Female,UK,Friends,High,Relaxation,Taxi,6,2,2,2,0.4145833333333333,0.23211463491729004,0.019230769230769273,0.75
1049,162,7->10->47->13->30,200,4079,Rainy,Medium,Medium,Holiday,7->10->13->30->47,5,38,Male,USA,Solo,Medium,Nature,Train,5,1,1,1,0.16666666666666669,0.3768833631861763,0.3846153846153847,0.5
1050,65,3->2->23->41->30->50,272,6726,Sunny,Low,Low,Festival,2->3->23->30->41->50,1,40,Male,USA,Solo,Low,Relaxation,Taxi,6,0,0,0,0.31666666666666665,0.6557791592034559,0.42307692307692313,0.75
1051,190,43->31->27,332,1506,Cloudy,Medium,Medium,Festival,27->31->43,4,35,Other,Germany,Group,High,Nature,Bus,3,1,1,2,0.44166666666666665,0.10578442735222843,0.326923076923077,0.0
1052,25,45->18->41->38->4,420,5052,Cloudy,Medium,Medium,None,4->18->38->41->45,4,58,Female,Germany,Family,Medium,Adventure,Bike,5,1,1,1,0.625,0.47940153829944154,0.7692307692307693,0.5
1053,47,44->36->10->31->39->45->19,260,4476,Snowy,Low,Medium,Festival,10->19->31->36->39->44->45,1,57,Female,Japan,Group,Medium,Food,Train,7,0,1,1,0.29166666666666663,0.41871246443999577,0.7500000000000001,1.0
1054,22,34->26->7->4->30,122,1577,Snowy,Medium,High,None,4->7->26->30->34,3,65,Male,India,Friends,High,Adventure,Taxi,5,1,2,2,0.004166666666666652,0.11326519860920872,0.9038461538461539,0.5
1055,43,1->29->38->10,316,2697,Cloudy,Medium,Medium,None,1->10->29->38,4,32,Female,China,Friends,Medium,Food,Walk,4,1,1,1,0.4083333333333333,0.23127173111368662,0.2692307692307693,0.25
1056,24,38->24->1->26->4,314,9784,Rainy,High,Medium,None,1->4->24->26->38,5,67,Female,Japan,Family,Medium,Shopping,Walk,5,2,1,1,0.4041666666666667,0.9779791381308608,0.9423076923076924,0.5
1057,46,31->47->46->29->5->8->43,427,8127,Snowy,Medium,Medium,None,5->8->29->31->43->46->47,1,44,Female,USA,Family,High,Cultural,Taxi,7,1,1,2,0.6395833333333333,0.8033926878095037,0.5000000000000001,1.0
1058,57,32->8->27->1->22,562,1613,Rainy,Medium,Medium,Festival,1->8->22->27->32,4,46,Male,Japan,Family,Low,Nature,Bike,5,1,1,0,0.9208333333333334,0.11705826572542408,0.5384615384615385,0.5
1059,39,42->29->37->22->44,507,7287,Cloudy,Medium,High,None,22->29->37->42->44,1,51,Female,India,Group,Low,Nature,Car,5,1,2,0,0.8062499999999999,0.7148877884311453,0.6346153846153847,0.5
1060,80,4->38->25,159,4231,Snowy,Medium,Low,None,4->25->38,1,67,Male,UK,Family,Medium,Food,Walk,3,1,0,1,0.08124999999999999,0.39289853545464126,0.9423076923076924,0.0
1061,171,8->17->10->4->24->34->44,404,2345,Sunny,High,High,Festival,4->8->10->17->24->34->44,5,30,Other,Germany,Solo,Medium,Nature,Walk,7,2,2,1,0.5916666666666667,0.19418396375513644,0.23076923076923084,1.0
1062,181,3->50->8->44->27->24,335,6938,Cloudy,High,Medium,None,3->8->24->27->44->50,3,69,Male,Germany,Friends,Low,Food,Taxi,6,2,1,0,0.44791666666666663,0.6781161099989463,0.980769230769231,0.75
1063,34,27->49->13->7,274,9711,Cloudy,High,Low,None,7->13->27->49,1,29,Male,China,Friends,High,Shopping,Train,4,2,0,2,0.3208333333333333,0.9702876409229796,0.21153846153846156,0.25
1064,23,26->22->15->47->11->30->24,187,5829,Sunny,High,High,Festival,11->15->22->24->26->30->47,2,61,Other,USA,Family,Low,Relaxation,Taxi,7,2,2,0,0.13958333333333334,0.5612685702244231,0.826923076923077,1.0
1065,51,43->44->16->30->29,299,917,Snowy,High,Low,Holiday,16->29->30->43->44,3,38,Female,China,Solo,Medium,Adventure,Taxi,5,2,0,1,0.3729166666666667,0.04372563481192708,0.3846153846153847,0.5
1066,145,42->36->9->49->50,296,3424,Sunny,High,Medium,Holiday,9->36->42->49->50,5,36,Female,Japan,Group,High,Shopping,Train,5,2,1,2,0.3666666666666667,0.3078706142661468,0.34615384615384615,0.5
1067,176,21->2->6,310,8776,Snowy,Medium,Low,Festival,2->6->21,4,31,Other,China,Group,High,Relaxation,Taxi,3,1,0,2,0.39583333333333337,0.8717732588768307,0.25,0.0
1068,178,18->11->45->47->48->8->12,215,4140,Sunny,High,Medium,None,8->11->12->18->45->47->48,4,25,Male,Japan,Friends,Low,Food,Walk,7,2,1,0,0.19791666666666669,0.38331050468865235,0.13461538461538464,1.0
1069,29,8->33->49->10->15->25,172,9654,Sunny,Medium,Low,Holiday,8->10->15->25->33->49,3,40,Other,China,Friends,Medium,Cultural,Taxi,6,1,0,1,0.10833333333333334,0.9642819513223054,0.42307692307692313,0.75
1070,81,39->34->9,327,1552,Snowy,Low,Low,None,9->34->39,4,64,Female,France,Group,High,Adventure,Train,3,0,0,2,0.43125,0.11063112422294805,0.8846153846153847,0.0
1071,119,23->11->45->43,162,1584,Sunny,High,Medium,Holiday,11->23->43->45,2,30,Other,India,Solo,Medium,Cultural,Bike,4,2,1,1,0.08750000000000002,0.1140027394373617,0.23076923076923084,0.25
1072,62,28->25->33->20->48,398,7418,Rainy,Medium,High,None,20->25->28->33->48,4,19,Other,China,Solo,Low,Food,Car,5,1,2,0,0.5791666666666666,0.7286903382151512,0.019230769230769273,0.5
1073,142,40->12->48->31->4->42,418,9069,Snowy,Medium,Medium,Holiday,4->12->31->40->42->48,2,42,Male,China,Solo,Low,Shopping,Car,6,1,1,0,0.6208333333333333,0.9026446106838057,0.46153846153846156,0.75
1074,143,21->43->6->17->25->14->44,292,598,Snowy,High,High,Holiday,6->14->17->21->25->43->44,1,49,Male,France,Group,Medium,Nature,Car,7,2,2,1,0.3583333333333333,0.010114845643240958,0.5961538461538463,1.0
1075,34,48->21->16->43->25,227,8299,Sunny,Medium,Low,Festival,16->21->25->43->48,2,29,Male,China,Friends,High,Shopping,Train,5,1,0,2,0.22291666666666665,0.8215151195869771,0.21153846153846156,0.5
1076,9,22->44->18->36->14->30->13,124,7224,Sunny,Low,Medium,Festival,13->14->18->22->30->36->44,4,53,Female,Japan,Family,High,Shopping,Car,7,0,1,2,0.008333333333333304,0.7082499209777684,0.6730769230769232,1.0
1077,143,40->36->46->27->17->11,510,8433,Cloudy,High,Low,Holiday,11->17->27->36->40->46,4,49,Male,France,Group,Medium,Nature,Car,6,2,0,1,0.8125,0.8356337582973343,0.5961538461538463,0.75
1078,200,37->23->33,404,5809,Snowy,Medium,High,Festival,23->33->37,4,23,Female,India,Group,High,Food,Bus,3,1,2,2,0.5916666666666667,0.5591613107154146,0.0961538461538462,0.0
1079,30,46->36->4->17->27->14,549,6585,Sunny,High,Low,Festival,4->14->17->27->36->46,2,25,Male,India,Solo,Low,Shopping,Train,6,2,0,0,0.89375,0.6409229796649457,0.13461538461538464,0.75
1080,148,21->49->50->14->29->31->6,494,4742,Sunny,Medium,High,Holiday,6->14->21->29->31->49->50,5,51,Male,India,Solo,Low,Cultural,Walk,7,1,2,0,0.7791666666666666,0.44673901590980925,0.6346153846153847,1.0
1081,103,48->6->7->47->1->2->9,436,7796,Cloudy,Medium,Low,Holiday,1->2->6->7->9->47->48,5,47,Female,USA,Family,Low,Shopping,Walk,7,1,0,0,0.6583333333333333,0.7685175429354125,0.5576923076923077,1.0
1082,3,38->8->49->40->50,446,1701,Cloudy,High,High,Holiday,8->38->40->49->50,3,19,Other,USA,Friends,High,Adventure,Taxi,5,2,2,2,0.6791666666666667,0.12633020756506164,0.019230769230769273,0.5
1083,147,13->8->21->41->34->2,277,9184,Rainy,Low,Low,Festival,2->8->13->21->34->41,5,19,Other,Japan,Friends,High,Nature,Walk,6,0,0,2,0.3270833333333333,0.9147613528606048,0.019230769230769273,0.75
1084,33,7->48->12->9->26,462,8419,Cloudy,Medium,High,Festival,7->9->12->26->48,3,26,Male,USA,Friends,High,Food,Walk,5,1,2,2,0.7125,0.8341586766410284,0.15384615384615385,0.5
1085,41,15->50->23,213,1926,Sunny,Low,High,Holiday,15->23->50,2,29,Female,Germany,Friends,High,Shopping,Train,3,0,2,2,0.19374999999999998,0.15003687704140764,0.21153846153846156,0.0
1086,104,42->11->4->13,349,5137,Snowy,Medium,Low,Festival,4->11->13->42,2,51,Male,India,Group,Medium,Shopping,Bus,4,1,0,1,0.4770833333333333,0.4883573912127278,0.6346153846153847,0.25
1087,153,14->33->11->50,427,6675,Snowy,Medium,Low,None,11->14->33->50,5,20,Female,USA,Group,Low,Shopping,Walk,4,1,0,0,0.6395833333333333,0.6504056474554841,0.03846153846153849,0.25
1088,148,33->7->12->50,439,3551,Snowy,Low,High,Holiday,7->12->33->50,5,51,Male,India,Solo,Low,Cultural,Walk,4,0,2,0,0.6645833333333333,0.321251712148351,0.6346153846153847,0.25
1089,122,25->5->4->18,583,9435,Cloudy,Low,Medium,Festival,4->5->18->25,3,34,Other,China,Friends,Low,Relaxation,Bike,4,0,1,0,0.9645833333333333,0.9412074596986619,0.3076923076923077,0.25
1090,148,44->9->35->45->31,411,2354,Cloudy,High,Medium,None,9->31->35->44->45,4,51,Male,India,Solo,Low,Cultural,Walk,5,2,1,0,0.60625,0.19513223053419027,0.6346153846153847,0.5
1091,171,9->31->44->24->42,337,1752,Cloudy,High,High,Festival,9->24->31->42->44,1,30,Other,Germany,Solo,Medium,Nature,Walk,5,2,2,1,0.4520833333333333,0.1317037193130334,0.23076923076923084,0.5
1092,28,38->15->8,490,2507,Cloudy,High,High,Festival,8->15->38,5,32,Female,China,Solo,Low,Shopping,Train,3,2,2,0,0.7708333333333333,0.21125276577810556,0.2692307692307693,0.0
1093,178,9->46->6->39->25->45->40,367,5858,Rainy,High,Low,Holiday,6->9->25->39->40->45->46,2,25,Male,Japan,Friends,Low,Food,Walk,7,2,0,0,0.5145833333333333,0.5643240965124855,0.13461538461538464,1.0
1094,39,31->24->32,286,3739,Snowy,Low,Medium,None,24->31->32,3,51,Female,India,Group,Low,Nature,Car,3,0,1,0,0.3458333333333333,0.34105995153303126,0.6346153846153847,0.0
1095,23,17->1->42,262,2613,Snowy,High,Medium,Holiday,1->17->42,4,61,Other,USA,Family,Low,Relaxation,Taxi,3,2,1,0,0.2958333333333333,0.2224212411758508,0.826923076923077,0.0
1096,23,32->47->9,539,8487,Snowy,Medium,Medium,Holiday,9->32->47,5,61,Other,USA,Family,Low,Relaxation,Taxi,3,1,1,0,0.8729166666666666,0.8413233589716573,0.826923076923077,0.0
1097,109,16->38->12->34->31->21,597,2967,Cloudy,Medium,Low,Holiday,12->16->21->31->34->38,4,40,Male,USA,Family,Low,Food,Car,6,1,0,0,0.9937499999999999,0.25971973448530183,0.42307692307692313,0.75
1098,169,2->6->14->29->46->16,319,1659,Sunny,High,High,Festival,2->6->14->16->29->46,2,45,Other,France,Friends,High,Adventure,Taxi,6,2,2,2,0.4145833333333333,0.1219049625961437,0.5192307692307693,0.75
1099,28,30->3->1,224,3327,Sunny,Medium,High,Holiday,1->3->30,5,32,Female,China,Solo,Low,Shopping,Train,3,1,2,0,0.21666666666666667,0.2976504056474555,0.2692307692307693,0.0
1100,156,42->44->5->28->9,409,1464,Cloudy,Low,Medium,Holiday,5->9->28->42->44,1,34,Other,India,Group,Medium,Nature,Bus,5,0,1,1,0.6020833333333333,0.10135918238331049,0.3076923076923077,0.5
1101,112,33->43->48->41,573,2166,Cloudy,High,Low,None,33->41->43->48,3,46,Female,USA,Friends,Low,Food,Train,4,2,0,0,0.9437500000000001,0.17532399114951006,0.5384615384615385,0.25
1102,160,47->24->9->45->30,264,9386,Sunny,Low,Low,None,9->24->30->45->47,4,43,Female,Germany,Friends,Low,Food,Taxi,5,0,0,0,0.30000000000000004,0.936044673901591,0.48076923076923084,0.5
1103,144,42->22->12->14->17,528,2075,Sunny,High,High,Festival,12->14->17->22->42,4,43,Male,Japan,Solo,High,Shopping,Walk,5,2,2,2,0.8500000000000001,0.16573596038352123,0.48076923076923084,0.5
1104,158,38->16->35,525,8320,Cloudy,Medium,High,Holiday,16->35->38,3,40,Other,India,Group,Medium,Adventure,Train,3,1,2,1,0.84375,0.8237277420714361,0.42307692307692313,0.0
1105,76,26->23->19->39->47->31->6,245,6396,Sunny,Medium,High,None,6->19->23->26->31->39->47,1,66,Female,Japan,Solo,Low,Nature,Walk,7,1,2,0,0.26041666666666663,0.6210093773048151,0.9230769230769232,1.0
1106,19,49->24->4->2->3,168,2186,Cloudy,Low,Medium,Holiday,2->3->4->24->49,3,32,Male,UK,Family,High,Nature,Train,5,0,1,2,0.09999999999999998,0.17743125065851859,0.2692307692307693,0.5
1107,175,35->36->4->21,270,3009,Cloudy,Low,Medium,None,4->21->35->36,1,46,Female,UK,Family,High,Cultural,Train,4,0,1,2,0.3125,0.2641449794542198,0.5384615384615385,0.25
1108,82,1->33->17->6->14->46->5,354,6683,Snowy,High,Medium,Holiday,1->5->6->14->17->33->46,4,38,Female,France,Friends,Low,Food,Bike,7,2,1,0,0.48750000000000004,0.6512485512590875,0.3846153846153847,1.0
1109,176,8->36->34->48,164,2947,Rainy,Low,Low,None,8->34->36->48,2,31,Other,China,Group,High,Relaxation,Taxi,4,0,0,2,0.09166666666666667,0.25761247497629336,0.25,0.25
1110,42,32->22->37->7->34->8,463,1827,Cloudy,Low,High,None,7->8->22->32->34->37,3,23,Female,UK,Family,Medium,Adventure,Bus,6,0,2,1,0.7145833333333333,0.1396059424718154,0.0961538461538462,0.75
1111,18,15->2->40->11,190,8472,Rainy,Low,Low,Festival,2->11->15->40,5,38,Other,India,Group,High,Adventure,Bike,4,0,0,2,0.14583333333333331,0.839742914339901,0.3846153846153847,0.25
1112,140,10->44->42->34,464,906,Sunny,High,Medium,Festival,10->34->42->44,5,54,Other,China,Solo,High,Food,Bike,4,2,1,2,0.7166666666666667,0.04256664208197239,0.6923076923076924,0.25
1113,101,36->38->9->11->47->34,542,1325,Rainy,Medium,High,None,9->11->34->36->38->47,1,44,Male,France,Group,High,Shopping,Walk,6,1,2,2,0.8791666666666667,0.08671372879570119,0.5000000000000001,0.75
1114,73,23->22->30->31->26->14,559,3365,Cloudy,Medium,Low,None,14->22->23->26->30->31,2,41,Female,UK,Friends,High,Nature,Taxi,6,1,0,2,0.9145833333333333,0.30165419871457166,0.4423076923076924,0.75
1115,87,47->17->35->40,281,7942,Rainy,Low,Low,None,17->35->40->47,5,31,Female,Japan,Friends,Low,Food,Bus,4,0,0,0,0.3354166666666667,0.7839005373511748,0.25,0.25
1116,111,17->1->37->29->44->34->18,527,4320,Cloudy,High,Medium,None,1->17->18->29->34->37->44,4,45,Female,Japan,Solo,Medium,Shopping,Car,7,2,1,1,0.8479166666666667,0.4022758402697292,0.5192307692307693,1.0
1117,10,32->31->23->29->13->36->3,398,5074,Cloudy,High,High,Holiday,3->13->23->29->31->32->36,5,46,Male,India,Family,High,Food,Train,7,2,2,2,0.5791666666666666,0.481719523759351,0.5384615384615385,1.0
1118,186,21->4->2->7->29,124,834,Snowy,Low,Low,Festival,2->4->7->21->29,2,56,Female,China,Family,Low,Shopping,Walk,5,0,0,0,0.008333333333333304,0.03498050784954167,0.730769230769231,0.5
1119,165,44->11->20->34->28,481,2540,Rainy,Medium,Medium,Festival,11->20->28->34->44,4,68,Male,UK,Friends,Medium,Nature,Walk,5,1,1,1,0.7520833333333332,0.21472974396796965,0.9615384615384616,0.5
1120,79,17->31->10->22->26,452,6606,Sunny,High,High,Festival,10->17->22->26->31,5,20,Male,France,Friends,Low,Adventure,Taxi,5,2,2,0,0.6916666666666667,0.6431356021494047,0.03846153846153849,0.5
1121,180,1->47->25->15->46->20,451,6898,Rainy,Low,Medium,None,1->15->20->25->46->47,4,38,Female,France,Solo,Low,Relaxation,Train,6,0,1,0,0.6895833333333333,0.6739015909809293,0.3846153846153847,0.75
1122,11,33->45->37->1->21->6->28,458,8868,Sunny,Medium,High,Festival,1->6->21->28->33->37->45,2,19,Female,UK,Friends,Medium,Food,Taxi,7,1,2,1,0.7041666666666666,0.88146665261827,0.019230769230769273,1.0
1123,25,47->20->31,450,2615,Snowy,Low,High,Holiday,20->31->47,1,58,Female,Germany,Family,Medium,Adventure,Bike,3,0,2,1,0.6875,0.22263196712675162,0.7692307692307693,0.0
1124,106,10->32->30->4->28->50->9,375,6960,Sunny,Medium,High,Holiday,4->9->10->28->30->32->50,4,52,Female,India,Group,Low,Adventure,Car,7,1,2,0,0.53125,0.6804340954588558,0.6538461538461539,1.0
1125,42,7->22->21->15->10,226,9932,Rainy,Medium,Medium,Holiday,7->10->15->21->22,2,23,Female,UK,Family,Medium,Adventure,Bus,5,1,1,1,0.22083333333333333,0.993572858497524,0.0961538461538462,0.5
1126,149,45->14->49->6,385,2286,Cloudy,Medium,High,None,6->14->45->49,3,36,Female,China,Family,High,Food,Bus,4,1,2,2,0.5520833333333334,0.18796754820356126,0.34615384615384615,0.25
1127,173,34->32->27->48->13->8,511,2471,Rainy,Medium,High,None,8->13->27->32->34->48,5,70,Male,China,Solo,Medium,Food,Bike,6,1,2,1,0.8145833333333332,0.2074596986618902,1.0,0.75
1128,107,38->8->9->35->40->31->34,263,9276,Sunny,Low,Medium,Festival,8->9->31->34->35->38->40,4,39,Female,UK,Family,High,Food,Car,7,0,1,2,0.2979166666666666,0.9244547466020441,0.40384615384615385,1.0
1129,19,22->9->13->12->42->26->4,382,9889,Rainy,Medium,Low,Festival,4->9->12->13->22->26->42,3,32,Male,UK,Family,High,Nature,Train,7,1,0,2,0.5458333333333333,0.9890422505531556,0.2692307692307693,1.0
1130,142,43->4->32->25->45,139,3995,Rainy,Low,High,Festival,4->25->32->43->45,3,42,Male,China,Solo,Low,Shopping,Car,5,0,2,0,0.039583333333333304,0.36803287324834055,0.46153846153846156,0.5
1131,136,25->6->31,183,2815,Snowy,Low,Low,None,6->25->31,5,62,Male,Germany,Family,High,Relaxation,Bike,3,0,0,2,0.13124999999999998,0.24370456221683698,0.8461538461538461,0.0
1132,121,40->12->16->50->15->19,402,7955,Cloudy,Medium,Low,Holiday,12->15->16->19->40->50,4,28,Other,Germany,Family,Medium,Adventure,Car,6,1,0,1,0.5875,0.7852702560320304,0.1923076923076924,0.75
1133,25,42->33->9->31->12,182,1867,Sunny,High,Medium,Festival,9->12->31->33->42,5,58,Female,Germany,Family,Medium,Adventure,Bike,5,2,1,1,0.12916666666666665,0.14382046148983246,0.7692307692307693,0.5
1134,42,7->10->33->18,354,4423,Rainy,High,Medium,None,7->10->18->33,4,23,Female,UK,Family,Medium,Adventure,Bus,4,2,1,1,0.48750000000000004,0.41312822674112315,0.0961538461538462,0.25
1135,137,47->25->10->1->45,280,9531,Sunny,Medium,High,Festival,1->10->25->45->47,2,35,Female,China,Solo,High,Cultural,Car,5,1,2,2,0.33333333333333337,0.9513223053419028,0.326923076923077,0.5
1136,13,3->44->16->18->29,407,6771,Sunny,Low,High,Holiday,3->16->18->29->44,4,44,Female,France,Friends,High,Food,Bike,5,0,2,2,0.5979166666666667,0.6605204930987251,0.5000000000000001,0.5
1137,9,39->15->46->49->2->19,534,6181,Rainy,Medium,Medium,None,2->15->19->39->46->49,1,53,Female,Japan,Family,High,Shopping,Car,6,1,1,2,0.8625,0.5983563375829734,0.6730769230769232,0.75
1138,145,46->24->37->5->1->29->14,569,3876,Sunny,Low,Medium,None,1->5->14->24->29->37->46,3,36,Female,Japan,Group,High,Shopping,Train,7,0,1,2,0.9354166666666666,0.35549467916973976,0.34615384615384615,1.0
1139,64,3->12->35->39->44->2->16,225,2343,Snowy,Medium,Low,None,2->3->12->16->35->39->44,2,25,Female,China,Group,Low,Nature,Bus,7,1,0,0,0.21875,0.1939732378042356,0.13461538461538464,1.0
1140,110,25->42->7,375,3112,Sunny,Medium,High,None,7->25->42,3,45,Other,Germany,Friends,Low,Food,Car,3,1,2,0,0.53125,0.27499736592561375,0.5192307692307693,0.0
1141,124,17->2->42->33->44,488,9247,Cloudy,Medium,Low,Festival,2->17->33->42->44,5,18,Male,India,Group,High,Shopping,Bus,5,1,0,2,0.7666666666666666,0.9213992203139817,0.0,0.5
1142,9,39->49->18->31->20->34->13,534,4176,Rainy,Low,High,None,13->18->20->31->34->39->49,4,53,Female,Japan,Family,High,Shopping,Car,7,0,2,2,0.8625,0.38710357180486776,0.6730769230769232,1.0
1143,42,32->18->26->31->44->25->11,527,3338,Rainy,Medium,Low,None,11->18->25->26->31->32->44,5,23,Female,UK,Family,Medium,Adventure,Bus,7,1,0,1,0.8479166666666667,0.29880939837741016,0.0961538461538462,1.0
1144,29,10->47->50,428,4605,Rainy,Medium,Low,Holiday,10->47->50,1,40,Other,China,Friends,Medium,Cultural,Taxi,3,1,0,1,0.6416666666666666,0.43230428827310086,0.42307692307692313,0.0
1145,86,33->36->7,590,651,Snowy,Medium,High,None,7->33->36,5,38,Female,USA,Friends,Low,Adventure,Car,3,1,2,0,0.9791666666666667,0.015699083342113576,0.3846153846153847,0.0
1146,124,44->1->47,434,3986,Rainy,Low,Low,None,1->44->47,2,18,Male,India,Group,High,Shopping,Bus,3,0,0,2,0.6541666666666667,0.36708460646928665,0.0,0.0
1147,34,47->49->30->35->8->39,204,8385,Cloudy,Medium,High,None,8->30->35->39->47->49,5,29,Male,China,Friends,High,Shopping,Train,6,1,2,2,0.175,0.8305763354757139,0.21153846153846156,0.75
1148,103,46->43->45->25,364,1340,Rainy,Low,High,None,25->43->45->46,4,47,Female,USA,Family,Low,Shopping,Walk,4,0,2,0,0.5083333333333333,0.08829417342745757,0.5576923076923077,0.25
1149,87,19->29->8->14->32->41->34,319,3701,Rainy,Low,Medium,Holiday,8->14->19->29->32->34->41,3,31,Female,Japan,Friends,Low,Food,Bus,7,0,1,0,0.4145833333333333,0.3370561584659151,0.25,1.0
1150,13,4->41->11->1->26->5->40,218,6744,Cloudy,High,Medium,Festival,1->4->5->11->26->40->41,2,44,Female,France,Friends,High,Food,Bike,7,2,1,2,0.20416666666666666,0.6576756927615636,0.5000000000000001,1.0
1151,179,44->36->37,129,981,Cloudy,High,Low,None,36->37->44,3,59,Male,Germany,Solo,Medium,Food,Bike,3,2,0,1,0.01874999999999999,0.05046886524075439,0.7884615384615384,0.0
1152,138,4->39->28->23,350,3079,Cloudy,Low,High,None,4->23->28->39,5,36,Other,France,Solo,High,Adventure,Car,4,0,2,2,0.47916666666666663,0.2715203877357496,0.34615384615384615,0.25
1153,141,45->35->3->24->31->48,434,1255,Rainy,High,Medium,None,3->24->31->35->45->48,2,32,Female,France,Group,Low,Adventure,Train,6,2,1,0,0.6541666666666667,0.0793383205141713,0.2692307692307693,0.75
1154,24,47->28->46->10->6,476,5503,Cloudy,Medium,High,Holiday,6->10->28->46->47,2,67,Female,Japan,Family,Medium,Shopping,Walk,5,1,2,1,0.7416666666666667,0.526920240227584,0.9423076923076924,0.5
1155,6,34->48->43,507,9513,Cloudy,Low,Low,None,34->43->48,4,36,Female,UK,Group,Low,Adventure,Bus,3,0,0,0,0.8062499999999999,0.9494257717837952,0.34615384615384615,0.0
1156,54,34->37->20->10->38->27,205,6246,Cloudy,High,High,Holiday,10->20->27->34->37->38,2,34,Female,Germany,Friends,Medium,Cultural,Train,6,2,2,1,0.17708333333333331,0.605204930987251,0.3076923076923077,0.75
1157,29,9->1->30->33->35,210,5119,Sunny,High,Medium,None,1->9->30->33->35,4,40,Other,China,Friends,Medium,Cultural,Taxi,5,2,1,1,0.1875,0.4864608576546202,0.42307692307692313,0.5
1158,12,15->34->25->48->14->27,488,731,Snowy,Medium,Medium,None,14->15->25->27->34->48,2,47,Female,UK,Solo,High,Cultural,Train,6,1,1,2,0.7666666666666666,0.02412812137814771,0.5576923076923077,0.75
1159,7,26->28->2->11->37->19,444,1854,Sunny,Medium,High,Holiday,2->11->19->26->28->37,3,28,Female,Germany,Family,High,Adventure,Car,6,1,2,2,0.6749999999999999,0.1424507428089769,0.1923076923076924,0.75
1160,19,5->13->24->19,135,1257,Snowy,Low,High,None,5->13->19->24,3,32,Male,UK,Family,High,Nature,Train,4,0,2,2,0.03125,0.07954904646507216,0.2692307692307693,0.25
1161,25,17->28->5->49->27->12->16,342,9081,Snowy,High,Low,None,5->12->16->17->27->28->49,2,58,Female,Germany,Family,Medium,Adventure,Bike,7,2,0,1,0.4625,0.9039089663892108,0.7692307692307693,1.0
1162,123,13->45->31->46->21->9->35,237,3571,Snowy,High,Low,Holiday,9->13->21->31->35->45->46,2,25,Other,Germany,Solo,Low,Nature,Bike,7,2,0,0,0.24374999999999997,0.3233589716573596,0.13461538461538464,1.0
1163,92,41->31->30->11->12->37,132,3319,Rainy,High,Low,Festival,11->12->30->31->37->41,1,31,Male,Japan,Solo,Medium,Shopping,Bike,6,2,0,1,0.025000000000000022,0.2968075018438521,0.25,0.75
1164,151,31->20->43->22->25->26,458,4967,Snowy,Low,High,Holiday,20->22->25->26->31->43,4,36,Male,France,Friends,High,Relaxation,Train,6,0,2,2,0.7041666666666666,0.4704456853861553,0.34615384615384615,0.75
1165,47,28->26->23,546,9874,Cloudy,Low,High,Festival,23->26->28,2,57,Female,Japan,Group,Medium,Food,Train,3,0,2,1,0.8875,0.9874618059213992,0.7500000000000001,0.0
1166,189,10->3->46->47->48,517,4582,Sunny,High,Low,Festival,3->10->46->47->48,4,58,Female,Japan,Friends,Medium,Food,Taxi,5,2,0,1,0.8270833333333334,0.429880939837741,0.7692307692307693,0.5
1167,34,41->26->46,596,6028,Rainy,High,Low,Festival,26->41->46,2,29,Male,China,Friends,High,Shopping,Train,3,2,0,2,0.9916666666666667,0.582235802339058,0.21153846153846156,0.0
1168,72,34->21->38->39,390,4859,Snowy,Low,High,Festival,21->34->38->39,3,64,Male,France,Group,Low,Food,Taxi,4,0,2,0,0.5625,0.45906648403750927,0.8846153846153847,0.25
1169,18,36->37->13->15->4->27->45,457,9302,Cloudy,Low,Medium,None,4->13->15->27->36->37->45,1,38,Other,India,Group,High,Adventure,Bike,7,0,1,2,0.7020833333333333,0.9271941839637551,0.3846153846153847,1.0
1170,142,1->30->35->48->29,338,700,Sunny,High,High,None,1->29->30->35->48,5,42,Male,China,Solo,Low,Shopping,Car,5,2,2,0,0.4541666666666666,0.02086186913918449,0.46153846153846156,0.5
1171,63,23->24->44->30->39,126,4996,Snowy,Medium,Medium,None,23->24->30->39->44,5,19,Female,China,Friends,High,Shopping,Walk,5,1,1,2,0.012500000000000011,0.47350121167421766,0.019230769230769273,0.5
1172,55,22->32->20,250,8211,Cloudy,High,High,Holiday,20->22->32,2,55,Male,Germany,Family,Medium,Nature,Bus,3,2,2,1,0.27083333333333337,0.8122431777473396,0.7115384615384616,0.0
1173,4,37->13->21->31->23->16->35,318,4606,Rainy,Low,Medium,None,13->16->21->23->31->35->37,4,31,Female,Germany,Family,Medium,Shopping,Car,7,0,1,1,0.4125,0.43240965124855124,0.25,1.0
1174,94,5->38->10->21->11,134,8144,Snowy,Medium,High,Holiday,5->10->11->21->38,2,55,Male,Japan,Group,Medium,Food,Car,5,1,2,1,0.029166666666666674,0.805183858392161,0.7115384615384616,0.5
1175,184,16->13->45,175,7300,Rainy,Medium,High,Holiday,13->16->45,1,69,Male,Germany,Family,Low,Relaxation,Bike,3,1,2,0,0.11458333333333331,0.7162575071120009,0.980769230769231,0.0
1176,172,14->10->2->36->26->11->6,168,7625,Cloudy,Low,High,Holiday,2->6->10->11->14->26->36,1,54,Other,China,Group,Low,Relaxation,Bike,7,0,2,0,0.09999999999999998,0.7505004741333895,0.6923076923076924,1.0
1177,5,29->1->44,290,5099,Snowy,Low,Medium,Festival,1->29->44,3,65,Other,Japan,Solo,Low,Cultural,Train,3,0,1,0,0.35416666666666663,0.48435359814561163,0.9038461538461539,0.0
1178,72,5->46->6->28->4->41,211,502,Rainy,High,Medium,Festival,4->5->6->28->41->46,4,64,Male,France,Group,Low,Food,Taxi,6,2,1,0,0.18958333333333333,0.0,0.8846153846153847,0.75
1179,162,50->35->38,359,3277,Cloudy,High,Medium,Holiday,35->38->50,5,38,Male,USA,Solo,Medium,Nature,Train,3,2,1,1,0.4979166666666667,0.29238225687493413,0.3846153846153847,0.0
1180,165,42->10->29->22,422,3168,Snowy,Medium,Medium,None,10->22->29->42,2,68,Male,UK,Friends,Medium,Nature,Walk,4,1,1,1,0.6291666666666667,0.28089769255083763,0.9615384615384616,0.25
1181,105,48->1->20->14->4,310,2988,Rainy,High,Low,None,1->4->14->20->48,1,65,Female,France,Solo,High,Food,Bike,5,2,0,2,0.39583333333333337,0.2619323569697608,0.9038461538461539,0.5
1182,166,38->2->22->48->20->36,399,5612,Snowy,Low,Low,Holiday,2->20->22->36->38->48,5,44,Male,Germany,Solo,Medium,Relaxation,Train,6,0,0,1,0.5812499999999999,0.5384048045516805,0.5000000000000001,0.75
1183,89,18->17->23->49->29->43,549,9251,Snowy,Low,Low,None,17->18->23->29->43->49,4,45,Male,USA,Group,Medium,Shopping,Train,6,0,0,1,0.89375,0.9218206722157833,0.5192307692307693,0.75
1184,55,8->46->41->40,214,6817,Cloudy,Medium,Medium,Holiday,8->40->41->46,1,55,Male,Germany,Family,Medium,Nature,Bus,4,1,1,1,0.1958333333333333,0.6653671899694448,0.7115384615384616,0.25
1185,161,32->9->19,435,9119,Rainy,Medium,Medium,None,9->19->32,2,25,Male,China,Solo,Medium,Shopping,Car,3,1,1,1,0.65625,0.907912759456327,0.13461538461538464,0.0
1186,191,34->28->23->43,404,1032,Rainy,Low,Low,Festival,23->28->34->43,3,51,Male,Germany,Friends,High,Food,Train,4,0,0,2,0.5916666666666667,0.055842376988726156,0.6346153846153847,0.25
1187,165,30->35->27->29->44->18->40,231,4115,Rainy,Medium,High,Festival,18->27->29->30->35->40->44,2,68,Male,UK,Friends,Medium,Nature,Walk,7,1,2,1,0.23125,0.38067643030239173,0.9615384615384616,1.0
1188,161,48->40->21->29->41->23->47,455,9913,Snowy,Low,Medium,Holiday,21->23->29->40->41->47->48,3,25,Male,China,Solo,Medium,Shopping,Car,7,0,1,1,0.6979166666666666,0.9915709619639658,0.13461538461538464,1.0
1189,37,33->26->24->28->8->43->3,455,2697,Rainy,Medium,High,None,3->8->24->26->28->33->43,3,47,Male,Japan,Family,Low,Shopping,Walk,7,1,2,0,0.6979166666666666,0.23127173111368662,0.5576923076923077,1.0
1190,128,3->42->41->49->28->25->40,371,9775,Cloudy,Medium,High,None,3->25->28->40->41->42->49,5,66,Male,UK,Family,Medium,Nature,Train,7,1,2,1,0.5229166666666667,0.9770308713518069,0.9230769230769232,1.0
1191,136,1->15->24->45->47->29->38,574,7551,Rainy,High,High,Festival,1->15->24->29->38->45->47,1,62,Male,Germany,Family,High,Relaxation,Bike,7,2,2,2,0.9458333333333333,0.7427036139500579,0.8461538461538461,1.0
1192,91,25->10->17->18->23->27->46,216,1655,Rainy,Medium,Medium,Festival,10->17->18->23->25->27->46,5,40,Female,India,Family,Low,Food,Bike,7,1,1,0,0.2,0.12148351069434199,0.42307692307692313,1.0
1193,187,10->15->28->11,383,5274,Rainy,High,Medium,Holiday,10->11->15->28,3,18,Male,UK,Group,Medium,Shopping,Bus,4,2,1,1,0.5479166666666666,0.5027921188494363,0.0,0.25
1194,190,12->31->13->4,418,7690,Rainy,Low,Low,Holiday,4->12->13->31,1,35,Other,Germany,Group,High,Nature,Bus,4,0,0,2,0.6208333333333333,0.7573490675376673,0.326923076923077,0.25
1195,2,5->37->47->24->27->7,282,9103,Snowy,Low,Medium,Festival,5->7->24->27->37->47,5,38,Male,USA,Friends,High,Relaxation,Bike,6,0,1,2,0.3375,0.9062269518491202,0.3846153846153847,0.75
1196,160,49->14->24->17->22->30->2,330,9137,Sunny,Medium,High,Festival,2->14->17->22->24->30->49,2,43,Female,Germany,Friends,Low,Food,Taxi,7,1,2,0,0.4375,0.9098092930144347,0.48076923076923084,1.0
1197,161,7->10->12->14->2,226,6255,Sunny,Low,High,Holiday,2->7->10->12->14,2,25,Male,China,Solo,Medium,Shopping,Car,5,0,2,1,0.22083333333333333,0.6061531977663049,0.13461538461538464,0.5
1198,144,29->7->19,339,1433,Sunny,Medium,Low,Holiday,7->19->29,3,43,Male,Japan,Solo,High,Shopping,Walk,3,1,0,2,0.45625000000000004,0.09809293014434728,0.48076923076923084,0.0
1199,119,44->1->23->21,475,6211,Snowy,Low,Low,None,1->21->23->44,2,30,Other,India,Solo,Medium,Cultural,Bike,4,0,0,1,0.7395833333333334,0.6015172268464861,0.23076923076923084,0.25
1200,8,27->32->6->14->3,408,5746,Rainy,High,Low,None,3->6->14->27->32,3,24,Female,USA,Family,Low,Adventure,Walk,5,2,0,0,0.6,0.5525234432620377,0.11538461538461542,0.5
1201,34,49->50->46->26->18->4->12,259,7599,Sunny,Low,High,None,4->12->18->26->46->49->50,5,29,Male,China,Friends,High,Shopping,Train,7,0,2,2,0.2895833333333333,0.7477610367716784,0.21153846153846156,1.0
1202,51,10->39->9->38->7->50,437,6121,Snowy,Medium,Low,Festival,7->9->10->38->39->50,1,38,Female,China,Solo,Medium,Adventure,Taxi,6,1,0,1,0.6604166666666667,0.5920345590559477,0.3846153846153847,0.75
1203,76,24->6->38->20->36->42,353,8563,Rainy,High,Medium,Festival,6->20->24->36->38->42,3,66,Female,Japan,Solo,Low,Nature,Walk,6,2,1,0,0.4854166666666666,0.8493309451058898,0.9230769230769232,0.75
1204,116,37->34->42->27,223,2537,Cloudy,High,Medium,Holiday,27->34->37->42,4,54,Male,France,Solo,Medium,Relaxation,Car,4,2,1,1,0.21458333333333335,0.21441365504161838,0.6923076923076924,0.25
1205,165,32->5->21->22,491,7890,Rainy,Medium,Medium,Festival,5->21->22->32,3,68,Male,UK,Friends,Medium,Nature,Walk,4,1,1,1,0.7729166666666667,0.7784216626277526,0.9615384615384616,0.25
1206,175,48->37->20->34->46->2->24,436,2084,Rainy,Medium,Low,None,2->20->24->34->37->46->48,2,46,Female,UK,Family,High,Cultural,Train,7,1,0,2,0.6583333333333333,0.16668422716257505,0.5384615384615385,1.0
1207,196,23->16->7->19->20->35->25,510,5847,Snowy,Low,High,None,7->16->19->20->23->25->35,4,32,Other,USA,Group,Low,Nature,Car,7,0,2,0,0.8125,0.5631651037825308,0.2692307692307693,1.0
1208,49,15->50->25,382,3680,Rainy,Low,Low,None,15->25->50,1,51,Female,China,Friends,High,Cultural,Bus,3,0,0,2,0.5458333333333333,0.3348435359814561,0.6346153846153847,0.0
1209,156,10->38->42->9,417,5273,Cloudy,High,Medium,Festival,9->10->38->42,5,34,Other,India,Group,Medium,Nature,Bus,4,2,1,1,0.61875,0.5026867558739859,0.3076923076923077,0.25
1210,168,45->12->28->18->31->47->26,532,9513,Sunny,High,Low,Festival,12->18->26->28->31->45->47,2,33,Male,Germany,Group,Low,Adventure,Walk,7,2,0,0,0.8583333333333334,0.9494257717837952,0.28846153846153855,1.0
1211,113,13->12->32,173,6509,Sunny,Medium,Medium,None,12->13->32,4,25,Female,Japan,Family,High,Food,Bus,3,1,1,2,0.11041666666666666,0.6329153935307134,0.13461538461538464,0.0
1212,139,24->47->14->39->49->25,544,1490,Rainy,Low,High,Festival,14->24->25->39->47->49,1,67,Female,India,Solo,High,Relaxation,Train,6,0,2,2,0.8833333333333333,0.1040986197450216,0.9423076923076924,0.75
1213,106,29->15->6->22->39,231,3814,Sunny,Low,Low,Festival,6->15->22->29->39,3,52,Female,India,Group,Low,Adventure,Car,5,0,0,0,0.23125,0.34896217469181323,0.6538461538461539,0.5
1214,2,9->10->7->48->43->41,586,7940,Snowy,Medium,Medium,Holiday,7->9->10->41->43->48,4,38,Male,USA,Friends,High,Relaxation,Bike,6,1,1,2,0.9708333333333332,0.7836898114002739,0.3846153846153847,0.75
1215,62,19->22->44->40->7,402,1259,Cloudy,Low,Low,Festival,7->19->22->40->44,4,19,Other,China,Solo,Low,Food,Car,5,0,0,0,0.5875,0.07975977241597301,0.019230769230769273,0.5
1216,141,36->30->32->47,489,4846,Rainy,High,Low,Holiday,30->32->36->47,1,32,Female,France,Group,Low,Adventure,Train,4,2,0,0,0.76875,0.4576967653566537,0.2692307692307693,0.25
1217,71,9->48->27->14->16,386,2992,Sunny,Medium,Medium,Festival,9->14->16->27->48,3,41,Female,France,Family,High,Relaxation,Bus,5,1,1,2,0.5541666666666667,0.26235380887156257,0.4423076923076924,0.5
1218,79,24->10->15->40->19->20->46,584,8319,Rainy,Low,Medium,Holiday,10->15->19->20->24->40->46,5,20,Male,France,Friends,Low,Adventure,Taxi,7,0,1,0,0.9666666666666666,0.8236223790959857,0.03846153846153849,1.0
1219,51,41->15->24->48->26,258,6460,Cloudy,Medium,Medium,None,15->24->26->41->48,3,38,Female,China,Solo,Medium,Adventure,Taxi,5,1,1,1,0.2875,0.6277526077336424,0.3846153846153847,0.5
1220,78,13->28->25->17->8->37->48,431,1644,Rainy,High,Medium,Festival,8->13->17->25->28->37->48,2,68,Male,Germany,Group,Medium,Relaxation,Train,7,2,1,1,0.6479166666666667,0.12032451796438731,0.9615384615384616,1.0
1221,112,8->33->35,392,2024,Snowy,Low,Medium,Holiday,8->33->35,5,46,Female,USA,Friends,Low,Food,Train,3,0,1,0,0.5666666666666667,0.16036244863554946,0.5384615384615385,0.0
1222,29,38->32->20->18,472,5510,Rainy,Low,Medium,None,18->20->32->38,1,40,Other,China,Friends,Medium,Cultural,Taxi,4,0,1,1,0.7333333333333333,0.527657781055737,0.42307692307692313,0.25
1223,171,42->17->41->20,172,5693,Sunny,Low,Medium,Festival,17->20->41->42,4,30,Other,Germany,Solo,Medium,Nature,Walk,4,0,1,1,0.10833333333333334,0.5469392055631651,0.23076923076923084,0.25
1224,47,35->32->37->10->48->5->47,270,7883,Snowy,Low,High,Festival,5->10->32->35->37->47->48,2,57,Female,Japan,Group,Medium,Food,Train,7,0,2,1,0.3125,0.7776841217995997,0.7500000000000001,1.0
1225,167,43->4->29->5->8->44->28,579,959,Sunny,Medium,Medium,Festival,4->5->8->28->29->43->44,4,18,Other,China,Friends,Low,Nature,Car,7,1,1,0,0.95625,0.04815087978084501,0.0,1.0
1226,190,47->48->8->10->6->23->29,146,6433,Snowy,High,Medium,Festival,6->8->10->23->29->47->48,3,35,Other,Germany,Group,High,Nature,Bus,7,2,1,2,0.05416666666666664,0.6249078073964809,0.326923076923077,1.0
1227,155,9->8->24,263,5271,Sunny,Low,High,Holiday,8->9->24,3,30,Other,Germany,Friends,Low,Cultural,Bike,3,0,2,0,0.2979166666666666,0.502476029923085,0.23076923076923084,0.0
1228,139,26->3->2->38->6,509,3803,Cloudy,Low,Low,None,2->3->6->26->38,1,67,Female,India,Solo,High,Relaxation,Train,5,0,0,2,0.8104166666666666,0.34780318196185855,0.9423076923076924,0.5
1229,5,17->14->2->34,298,7328,Snowy,Low,Low,Holiday,2->14->17->34,2,65,Other,Japan,Solo,Low,Cultural,Train,4,0,0,0,0.37083333333333335,0.7192076704246128,0.9038461538461539,0.25
1230,3,27->49->44,330,6022,Rainy,Medium,Low,Festival,27->44->49,2,19,Other,USA,Friends,High,Adventure,Taxi,3,1,0,2,0.4375,0.5816036244863555,0.019230769230769273,0.0
1231,87,43->47->12->38->3->19->32,583,2220,Rainy,Medium,High,Festival,3->12->19->32->38->43->47,3,31,Female,Japan,Friends,Low,Food,Bus,7,1,2,0,0.9645833333333333,0.1810135918238331,0.25,1.0
1232,1,20->45->15->49->25->33,526,2364,Sunny,Low,Low,None,15->20->25->33->45->49,1,44,Other,China,Group,Medium,Adventure,Taxi,6,0,0,1,0.8458333333333332,0.19618586028869453,0.5000000000000001,0.75
1233,154,18->44->13->26,473,1226,Sunny,Low,Medium,None,13->18->26->44,5,42,Other,France,Solo,Medium,Adventure,Bus,4,0,1,1,0.7354166666666666,0.07628279422610895,0.46153846153846156,0.25
1234,79,33->15->37->30->46->39->41,585,7131,Rainy,High,Low,Festival,15->30->33->37->39->41->46,4,20,Male,France,Friends,Low,Adventure,Taxi,7,2,0,0,0.96875,0.6984511642608787,0.03846153846153849,1.0
1235,14,1->20->44->37->32->19->15,121,9232,Snowy,High,Low,Holiday,1->15->19->20->32->37->44,2,35,Other,Japan,Group,Low,Shopping,Taxi,7,2,0,0,0.002083333333333326,0.9198187756822253,0.326923076923077,1.0
1236,129,34->30->4->31->42->44,309,3047,Rainy,Medium,Medium,Holiday,4->30->31->34->42->44,5,56,Other,Germany,Family,High,Food,Car,6,1,1,2,0.39375000000000004,0.26814877252133595,0.730769230769231,0.75
1237,128,29->42->48->37,193,7096,Cloudy,High,Medium,Holiday,29->37->42->48,5,66,Male,UK,Family,Medium,Nature,Train,4,2,1,1,0.15208333333333335,0.6947634601201138,0.9230769230769232,0.25
1238,106,1->17->36->19,230,9511,Sunny,High,High,Holiday,1->17->19->36,5,52,Female,India,Group,Low,Adventure,Car,4,2,2,0,0.22916666666666669,0.9492150458328944,0.6538461538461539,0.25
1239,146,15->42->33->27,419,4249,Cloudy,Low,Low,None,15->27->33->42,1,21,Female,USA,Solo,Medium,Food,Bus,4,0,0,1,0.6229166666666667,0.39479506901274886,0.05769230769230771,0.25
1240,104,5->26->42->6->14,172,2271,Snowy,Medium,Low,None,5->6->14->26->42,3,51,Male,India,Group,Medium,Shopping,Bus,5,1,0,1,0.10833333333333334,0.18638710357180485,0.6346153846153847,0.5
1241,144,41->14->22->6,588,4596,Cloudy,Medium,High,Holiday,6->14->22->41,2,43,Male,Japan,Solo,High,Shopping,Walk,4,1,2,2,0.9750000000000001,0.43135602149404695,0.48076923076923084,0.25
1242,152,22->12->26->48->49->35,397,886,Sunny,High,Low,Holiday,12->22->26->35->48->49,3,68,Female,USA,Family,Medium,Relaxation,Car,6,2,0,1,0.5770833333333333,0.04045938257296386,0.9615384615384616,0.75
1243,106,21->36->6->47->7,148,7070,Rainy,Low,Medium,None,6->7->21->36->47,3,52,Female,India,Group,Low,Adventure,Car,5,0,1,0,0.05833333333333335,0.6920240227584027,0.6538461538461539,0.5
1244,172,24->35->3->19->7->14->32,274,6244,Cloudy,High,Medium,Festival,3->7->14->19->24->32->35,1,54,Other,China,Group,Low,Relaxation,Bike,7,2,1,0,0.3208333333333333,0.6049942050363503,0.6923076923076924,1.0
1245,60,41->29->38->45->50->4->5,197,6632,Snowy,High,High,None,4->5->29->38->41->45->50,3,25,Male,China,Solo,High,Cultural,Train,7,2,2,2,0.16041666666666665,0.6458750395111158,0.13461538461538464,1.0
1246,54,14->32->30->46->7->27,250,5751,Cloudy,Low,Medium,Festival,7->14->27->30->32->46,5,34,Female,Germany,Friends,Medium,Cultural,Train,6,0,1,1,0.27083333333333337,0.5530502581392899,0.3076923076923077,0.75
1247,132,8->33->1->12->28,140,2686,Rainy,Low,Medium,None,1->8->12->28->33,3,29,Female,Japan,Family,Medium,Relaxation,Train,5,0,1,1,0.041666666666666685,0.23011273838373195,0.21153846153846156,0.5
1248,9,41->6->13,548,2954,Snowy,Low,Low,Festival,6->13->41,5,53,Female,Japan,Family,High,Shopping,Car,3,0,0,2,0.8916666666666666,0.2583500158044463,0.6730769230769232,0.0
1249,132,9->50->37->1->23,545,4420,Rainy,Medium,Low,None,1->9->23->37->50,2,29,Female,Japan,Family,Medium,Relaxation,Train,5,1,0,1,0.8854166666666667,0.4128121378147719,0.21153846153846156,0.5
1250,28,16->8->10->41,402,4960,Sunny,Low,Medium,Festival,8->10->16->41,1,32,Female,China,Solo,Low,Shopping,Train,4,0,1,0,0.5875,0.46970814455800236,0.2692307692307693,0.25
1251,176,15->39->20->3,557,7986,Cloudy,Low,Low,None,3->15->20->39,1,31,Other,China,Group,High,Relaxation,Taxi,4,0,0,2,0.9104166666666667,0.7885365082709935,0.25,0.25
1252,58,16->25->29->27->6,501,620,Snowy,High,Medium,Festival,6->16->25->27->29,2,60,Male,France,Solo,High,Relaxation,Bus,5,2,1,2,0.79375,0.012432831103150355,0.8076923076923078,0.5
1253,112,2->14->17,238,3607,Snowy,High,High,None,2->14->17,5,46,Female,USA,Friends,Low,Food,Train,3,2,2,0,0.24583333333333335,0.3271520387735749,0.5384615384615385,0.0
1254,67,37->31->15,560,5102,Rainy,High,Medium,Festival,15->31->37,1,22,Other,UK,Friends,High,Relaxation,Bus,3,2,1,2,0.9166666666666667,0.4846696870719629,0.07692307692307698,0.0
1255,111,20->19->28->25,436,4746,Rainy,Low,Medium,Festival,19->20->25->28,5,45,Female,Japan,Solo,Medium,Shopping,Car,4,0,1,1,0.6583333333333333,0.447160467811611,0.5192307692307693,0.25
1256,150,16->4->23,126,8494,Snowy,Low,Low,Festival,4->16->23,2,51,Female,USA,Solo,Low,Cultural,Bus,3,0,0,0,0.012500000000000011,0.8420608997998104,0.6346153846153847,0.0
1257,186,12->20->18->32->33,351,9451,Sunny,High,High,Festival,12->18->20->32->33,3,56,Female,China,Family,Low,Shopping,Walk,5,2,2,0,0.48124999999999996,0.9428932673058688,0.730769230769231,0.5
1258,78,29->10->6,147,7148,Sunny,Low,Medium,None,6->10->29,4,68,Male,Germany,Group,Medium,Relaxation,Train,3,0,1,1,0.05625000000000002,0.7002423348435359,0.9615384615384616,0.0
1259,93,37->43->10->3,541,1411,Cloudy,Medium,High,Holiday,3->10->37->43,4,43,Female,Japan,Solo,High,Food,Bike,4,1,2,2,0.8770833333333332,0.0957749446844379,0.48076923076923084,0.25
1260,20,11->8->5->24->14->7->45,191,5666,Snowy,High,High,None,5->7->8->11->14->24->45,2,57,Male,China,Solo,High,Food,Walk,7,2,2,2,0.14791666666666664,0.5440944052260036,0.7500000000000001,1.0
1261,160,45->10->18->9->17->24->7,488,3747,Snowy,Medium,High,Festival,7->9->10->17->18->24->45,4,43,Female,Germany,Friends,Low,Food,Taxi,7,1,2,0,0.7666666666666666,0.34190285533663467,0.48076923076923084,1.0
1262,172,35->30->2->48->3->12->6,210,3678,Cloudy,High,Low,Festival,2->3->6->12->30->35->48,4,54,Other,China,Group,Low,Relaxation,Bike,7,2,0,0,0.1875,0.33463281003055523,0.6923076923076924,1.0
1263,96,2->14->43->18->41->37->30,384,1912,Snowy,High,Low,Holiday,2->14->18->30->37->41->43,1,29,Other,India,Friends,Medium,Relaxation,Train,7,2,0,1,0.55,0.14856179538510167,0.21153846153846156,1.0
1264,75,7->43->24->34,534,7338,Sunny,Medium,Medium,Festival,7->24->34->43,5,24,Male,USA,Group,High,Shopping,Taxi,4,1,1,2,0.8625,0.720261300179117,0.11538461538461542,0.25
1265,104,12->1->20->13->14,574,7090,Snowy,High,High,Festival,1->12->13->14->20,2,51,Male,India,Group,Medium,Shopping,Bus,5,2,2,1,0.9458333333333333,0.6941312822674113,0.6346153846153847,0.5
1266,171,22->43->50->36,536,4039,Cloudy,Low,Medium,Holiday,22->36->43->50,1,30,Other,Germany,Solo,Medium,Nature,Walk,4,0,1,1,0.8666666666666667,0.37266884416815926,0.23076923076923084,0.25
1267,15,48->22->37->12,134,7831,Cloudy,Low,Low,None,12->22->37->48,2,52,Male,Germany,Friends,Medium,Relaxation,Train,4,0,0,1,0.029166666666666674,0.7722052470761774,0.6538461538461539,0.25
1268,186,11->40->9->41->25,520,2468,Rainy,Low,Medium,Festival,9->11->25->40->41,5,56,Female,China,Family,Low,Shopping,Walk,5,0,1,0,0.8333333333333333,0.20714360973553894,0.730769230769231,0.5
1269,189,44->22->46->42->34->27->33,348,6273,Snowy,High,High,Holiday,22->27->33->34->42->44->46,3,58,Female,Japan,Friends,Medium,Food,Taxi,7,2,2,1,0.475,0.6080497313244126,0.7692307692307693,1.0
1270,11,1->15->21->50,223,2406,Cloudy,High,High,None,1->15->21->50,2,19,Female,UK,Friends,Medium,Food,Taxi,4,2,2,1,0.21458333333333335,0.20061110525761247,0.019230769230769273,0.25
1271,187,2->36->3->29->21->34,468,718,Cloudy,Medium,Medium,Holiday,2->3->21->29->34->36,2,18,Male,UK,Group,Medium,Shopping,Bus,6,1,1,1,0.725,0.022758402697292165,0.0,0.75
1272,100,19->42->39->5,403,5771,Cloudy,Medium,Medium,Holiday,5->19->39->42,3,64,Female,Japan,Solo,Low,Shopping,Walk,4,1,1,0,0.5895833333333333,0.5551575176482983,0.8846153846153847,0.25
1273,116,29->42->12->16->38->46->20,376,8260,Rainy,High,Low,None,12->16->20->29->38->42->46,5,54,Male,France,Solo,Medium,Relaxation,Car,7,2,0,1,0.5333333333333333,0.8174059635444105,0.6923076923076924,1.0
1274,148,43->2->49->14,515,9520,Snowy,Low,Low,Holiday,2->14->43->49,4,51,Male,India,Solo,Low,Cultural,Walk,4,0,0,0,0.8229166666666667,0.9501633126119481,0.6346153846153847,0.25
1275,1,47->43->27,290,8912,Rainy,High,High,Holiday,27->43->47,4,44,Other,China,Group,Medium,Adventure,Taxi,3,2,2,1,0.35416666666666663,0.8861026235380887,0.5000000000000001,0.0
1276,8,50->11->37->49->46->47,580,1577,Snowy,Low,Medium,Holiday,11->37->46->47->49->50,5,24,Female,USA,Family,Low,Adventure,Walk,6,0,1,0,0.9583333333333333,0.11326519860920872,0.11538461538461542,0.75
1277,182,17->14->38,130,2281,Sunny,Low,Low,Festival,14->17->38,2,69,Female,China,Family,Medium,Food,Train,3,0,0,1,0.020833333333333315,0.18744073332630912,0.980769230769231,0.0
1278,31,23->32->37->43,230,1658,Cloudy,High,Medium,Holiday,23->32->37->43,3,61,Male,UK,Group,Low,Nature,Train,4,2,1,0,0.22916666666666669,0.12179959962069328,0.826923076923077,0.25
1279,126,12->39->46->21->48,293,5355,Cloudy,High,High,Holiday,12->21->39->46->48,1,32,Male,Germany,Friends,Medium,Nature,Taxi,5,2,2,1,0.3604166666666666,0.5113265198609209,0.2692307692307693,0.5
1280,45,18->46->34->21->47,509,5642,Cloudy,Medium,Medium,Holiday,18->21->34->46->47,5,36,Female,India,Group,High,Nature,Train,5,1,1,2,0.8104166666666666,0.5415656938151934,0.34615384615384615,0.5
1281,107,30->43->27->1,299,5843,Sunny,Low,High,Holiday,1->27->30->43,2,39,Female,UK,Family,High,Food,Car,4,0,2,2,0.3729166666666667,0.5627436518807292,0.40384615384615385,0.25
1282,120,39->15->40->24->27,467,5810,Sunny,High,Medium,None,15->24->27->39->40,4,55,Other,Germany,Friends,High,Relaxation,Bus,5,2,1,2,0.7229166666666667,0.559266673690865,0.7115384615384616,0.5
1283,9,34->23->15->10,497,8001,Cloudy,Low,High,Holiday,10->15->23->34,5,53,Female,Japan,Family,High,Shopping,Car,4,0,2,2,0.7854166666666667,0.79011695290275,0.6730769230769232,0.25
1284,125,32->42->26->33->25->24->16,412,4368,Rainy,Medium,High,Holiday,16->24->25->26->32->33->42,4,31,Male,Germany,Solo,Low,Cultural,Train,7,1,2,0,0.6083333333333333,0.40733326309134965,0.25,1.0
1285,197,29->41->5->18,454,4789,Cloudy,Low,Low,None,5->18->29->41,5,23,Male,India,Group,High,Food,Walk,4,0,0,2,0.6958333333333333,0.45169107575597933,0.0961538461538462,0.25
1286,59,44->14->27->32->36,476,6500,Cloudy,Low,Medium,None,14->27->32->36->44,5,53,Male,France,Friends,Low,Shopping,Car,5,0,1,0,0.7416666666666667,0.6319671267516594,0.6730769230769232,0.5
1287,171,31->39->42->26,174,1896,Cloudy,Medium,Low,None,26->31->39->42,1,30,Other,Germany,Solo,Medium,Nature,Walk,4,1,0,1,0.11249999999999999,0.14687598777789485,0.23076923076923084,0.25
1288,11,40->29->32->17->46->22,434,3458,Snowy,Medium,Medium,Holiday,17->22->29->32->40->46,1,19,Female,UK,Friends,Medium,Food,Taxi,6,1,1,1,0.6541666666666667,0.31145295543146134,0.019230769230769273,0.75
1289,130,44->41->10,191,1708,Rainy,High,Low,None,10->41->44,2,41,Other,India,Friends,Medium,Shopping,Train,3,2,0,1,0.14791666666666664,0.1270677483932146,0.4423076923076924,0.0
1290,48,36->5->30->32->43->17,520,1137,Sunny,Low,High,Festival,5->17->30->32->36->43,2,25,Male,Germany,Solo,Low,Cultural,Bus,6,0,2,0,0.8333333333333333,0.06690548941102097,0.13461538461538464,0.75
1291,180,39->26->15->22->23->33->49,185,1780,Sunny,Low,Low,Festival,15->22->23->26->33->39->49,3,38,Female,France,Solo,Low,Relaxation,Train,7,0,0,0,0.13541666666666669,0.13465388262564534,0.3846153846153847,1.0
1292,102,25->16->20->28,244,5023,Snowy,High,High,Festival,16->20->25->28,5,54,Female,China,Group,High,Adventure,Bus,4,2,2,2,0.2583333333333333,0.47634601201137916,0.6923076923076924,0.25
1293,60,24->36->37->10->31->26,511,2369,Rainy,Medium,Medium,None,10->24->26->31->36->37,2,25,Male,China,Solo,High,Cultural,Train,6,1,1,2,0.8145833333333332,0.19671267516594668,0.13461538461538464,0.75
1294,10,38->41->37->25->44->15->5,121,2233,Rainy,Medium,Medium,None,5->15->25->37->38->41->44,5,46,Male,India,Family,High,Food,Train,7,1,1,2,0.002083333333333326,0.18238331050468864,0.5384615384615385,1.0
1295,175,20->40->5->24->47->44,275,6974,Rainy,High,Low,Festival,5->20->24->40->44->47,1,46,Female,UK,Family,High,Cultural,Train,6,2,0,2,0.32291666666666663,0.6819091771151617,0.5384615384615385,0.75
1296,22,12->4->39->38->2->7->26,268,1781,Sunny,Medium,High,Festival,2->4->7->12->26->38->39,4,65,Male,India,Friends,High,Adventure,Taxi,7,1,2,2,0.30833333333333335,0.13475924560109576,0.9038461538461539,1.0
1297,77,19->17->44,416,9096,Rainy,Medium,High,None,17->19->44,3,27,Other,UK,Friends,Low,Shopping,Bike,3,1,2,0,0.6166666666666667,0.9054894110209672,0.17307692307692313,0.0
1298,132,25->19->32,496,8812,Rainy,Low,Medium,Festival,19->25->32,1,29,Female,Japan,Family,Medium,Relaxation,Train,3,0,1,1,0.7833333333333332,0.8755663259930461,0.21153846153846156,0.0
1299,196,15->20->33,159,3945,Snowy,Low,Medium,Holiday,15->20->33,3,32,Other,USA,Group,Low,Nature,Car,3,0,1,0,0.08124999999999999,0.3627647244758192,0.2692307692307693,0.0
1300,102,32->25->31->40,528,3130,Snowy,Low,High,Festival,25->31->32->40,2,54,Female,China,Group,High,Adventure,Bus,4,0,2,2,0.8500000000000001,0.27689389948372145,0.6923076923076924,0.25
1301,95,24->9->47->29->36->50,335,3299,Sunny,High,Low,Holiday,9->24->29->36->47->50,4,42,Male,Japan,Family,Medium,Food,Bike,6,2,0,1,0.44791666666666663,0.2947002423348435,0.46153846153846156,0.75
1302,23,19->25->8,555,9001,Sunny,High,High,Holiday,8->19->25,2,61,Other,USA,Family,Low,Relaxation,Taxi,3,2,2,0,0.90625,0.8954799283531767,0.826923076923077,0.0
1303,192,20->43->29->38->46,272,3815,Rainy,High,Low,None,20->29->38->43->46,5,47,Female,India,Family,Medium,Shopping,Car,5,2,0,1,0.31666666666666665,0.3490675376672637,0.5576923076923077,0.5
1304,99,49->14->2->39->18,327,6207,Snowy,Low,High,Holiday,2->14->18->39->49,1,35,Other,Japan,Group,High,Food,Taxi,5,0,2,2,0.43125,0.6010957749446845,0.326923076923077,0.5
1305,61,14->21->4,301,7845,Sunny,Medium,Low,None,4->14->21,1,20,Male,France,Solo,Medium,Food,Taxi,3,1,0,1,0.3770833333333333,0.7736803287324834,0.03846153846153849,0.0
1306,91,16->50->40->3->46->32->37,284,8723,Snowy,Medium,Medium,Holiday,3->16->32->37->40->46->50,5,40,Female,India,Family,Low,Food,Bike,7,1,1,0,0.3416666666666667,0.866189021177958,0.42307692307692313,1.0
1307,153,18->8->50->22,410,4727,Sunny,High,High,Holiday,8->18->22->50,3,20,Female,USA,Group,Low,Shopping,Walk,4,2,2,0,0.6041666666666666,0.4451585712780529,0.03846153846153849,0.25
1308,102,29->33->23->12->32->46,207,4279,Snowy,Medium,Medium,Holiday,12->23->29->32->33->46,1,54,Female,China,Group,High,Adventure,Bus,6,1,1,2,0.18124999999999997,0.39795595827626173,0.6923076923076924,0.75
1309,31,24->4->49->11,573,9588,Sunny,High,Low,Festival,4->11->24->49,4,61,Male,UK,Group,Low,Nature,Train,4,2,0,0,0.9437500000000001,0.9573279949425771,0.826923076923077,0.25
1310,72,33->35->34->45->18->1->46,535,6775,Snowy,Low,Medium,None,1->18->33->34->35->45->46,5,64,Male,France,Group,Low,Food,Taxi,7,0,1,0,0.8645833333333333,0.6609419450005268,0.8846153846153847,1.0
1311,193,47->8->38->6->28->35->3,228,3546,Sunny,Low,High,Holiday,3->6->8->28->35->38->47,5,30,Female,UK,Group,Low,Cultural,Bike,7,0,2,0,0.22499999999999998,0.3207248972710989,0.23076923076923084,1.0
1312,42,2->26->18->28->15,152,3953,Cloudy,Low,High,None,2->15->18->26->28,3,23,Female,UK,Family,Medium,Adventure,Bus,5,0,2,1,0.06666666666666665,0.3636076282794226,0.0961538461538462,0.5
1313,27,40->45->23->21->1->15->11,304,5373,Sunny,Medium,Low,Festival,1->11->15->21->23->40->45,2,60,Female,USA,Friends,Medium,Cultural,Bike,7,1,0,1,0.3833333333333333,0.5132230534190285,0.8076923076923078,1.0
1314,57,10->1->27->46->31,340,7077,Sunny,Medium,Low,Holiday,1->10->27->31->46,4,46,Male,Japan,Family,Low,Nature,Bike,5,1,0,0,0.45833333333333337,0.6927615635865557,0.5384615384615385,0.5
1315,85,22->6->21->40->41,595,2001,Snowy,High,Low,Festival,6->21->22->40->41,1,47,Male,India,Friends,Medium,Food,Car,5,2,0,1,0.9895833333333333,0.15793910020018964,0.5576923076923077,0.5
1316,188,42->38->2->20->17->22,350,7451,Sunny,High,Low,Holiday,2->17->20->22->38->42,1,20,Other,India,Group,Medium,Nature,Train,6,2,0,1,0.47916666666666663,0.7321673164050153,0.03846153846153849,0.75
1317,180,22->50->38->16,591,5243,Snowy,Medium,Medium,Holiday,16->22->38->50,1,38,Female,France,Solo,Low,Relaxation,Train,4,1,1,0,0.98125,0.49952586661047305,0.3846153846153847,0.25
1318,186,15->43->36->7,323,6865,Snowy,Medium,Low,Festival,7->15->36->43,5,56,Female,China,Family,Low,Shopping,Walk,4,1,0,0,0.4229166666666666,0.6704246127910652,0.730769230769231,0.25
1319,19,31->39->36->22->47->42->1,333,5669,Sunny,High,Medium,Festival,1->22->31->36->39->42->47,4,32,Male,UK,Family,High,Nature,Train,7,2,1,2,0.44375,0.5444104941523549,0.2692307692307693,1.0
1320,122,1->49->8->28->48->33,241,5454,Rainy,High,Medium,Festival,1->8->28->33->48->49,3,34,Other,China,Friends,Low,Relaxation,Bike,6,2,1,0,0.2520833333333333,0.5217574544305131,0.3076923076923077,0.75
1321,82,22->47->29->42->8,292,7869,Cloudy,High,High,Holiday,8->22->29->42->47,4,38,Female,France,Friends,Low,Food,Bike,5,2,2,0,0.3583333333333333,0.7762090401432936,0.3846153846153847,0.5
1322,16,12->14->23->2->22,377,9043,Cloudy,Low,Low,Holiday,2->12->14->22->23,2,32,Male,USA,Friends,Low,Relaxation,Walk,5,0,0,0,0.5354166666666667,0.8999051733220946,0.2692307692307693,0.5
1323,173,15->27->25->38->32,141,2546,Rainy,High,High,None,15->25->27->32->38,4,70,Male,China,Solo,Medium,Food,Bike,5,2,2,1,0.04375000000000001,0.21536192182067218,1.0,0.5
1324,162,23->30->41,400,6514,Snowy,Low,Low,Holiday,23->30->41,2,38,Male,USA,Solo,Medium,Nature,Train,3,0,0,1,0.5833333333333334,0.6334422084079654,0.3846153846153847,0.0
1325,98,3->18->1->41->36,557,9571,Cloudy,Low,High,None,1->3->18->36->41,5,26,Other,China,Friends,Low,Nature,Car,5,0,2,0,0.9104166666666667,0.9555368243599199,0.15384615384615385,0.5
1326,158,48->42->8->36->49,460,6836,Snowy,High,Low,Holiday,8->36->42->48->49,2,40,Other,India,Group,Medium,Adventure,Train,5,2,0,1,0.7083333333333334,0.6673690865030029,0.42307692307692313,0.5
1327,138,26->10->21->49->7->15->2,134,6286,Snowy,Low,Medium,Festival,2->7->10->15->21->26->49,3,36,Other,France,Solo,High,Adventure,Car,7,0,1,2,0.029166666666666674,0.6094194500052682,0.34615384615384615,1.0
1328,186,27->41->13->50->20,451,6327,Sunny,Medium,Low,Festival,13->20->27->41->50,2,56,Female,China,Family,Low,Shopping,Walk,5,1,0,0,0.6895833333333333,0.6137393319987356,0.730769230769231,0.5
1329,109,17->9->34->38,335,1239,Sunny,High,Low,None,9->17->34->38,1,40,Male,USA,Family,Low,Food,Car,4,2,0,0,0.44791666666666663,0.07765251290696448,0.42307692307692313,0.25
1330,165,21->1->42->9->7->16,333,8735,Snowy,High,High,Holiday,1->7->9->16->21->42,2,68,Male,UK,Friends,Medium,Nature,Walk,6,2,2,1,0.44375,0.8674533768833632,0.9615384615384616,0.75
1331,162,19->17->18->35->2->27->38,415,1797,Cloudy,Low,High,Holiday,2->17->18->19->27->35->38,5,38,Male,USA,Solo,Medium,Nature,Train,7,0,2,1,0.6145833333333334,0.1364450532083026,0.3846153846153847,1.0
1332,6,1->36->23->41,129,2780,Snowy,Low,Medium,Festival,1->23->36->41,1,36,Female,UK,Group,Low,Adventure,Bus,4,0,1,0,0.01874999999999999,0.24001685807607206,0.34615384615384615,0.25
1333,51,40->27->48->32->14->43,540,8617,Cloudy,Medium,Medium,Festival,14->27->32->40->43->48,4,38,Female,China,Solo,Medium,Adventure,Taxi,6,1,1,1,0.875,0.8550205457802128,0.3846153846153847,0.75
1334,157,31->40->8->36->14,262,5605,Rainy,Low,Low,Holiday,8->14->31->36->40,1,52,Other,Japan,Group,Low,Food,Bus,5,0,0,0,0.2958333333333333,0.5376672637235276,0.6538461538461539,0.5
1335,13,44->2->21,499,8393,Rainy,Low,Medium,Festival,2->21->44,2,44,Female,France,Friends,High,Food,Bike,3,0,1,2,0.7895833333333333,0.8314192392793173,0.5000000000000001,0.0
1336,161,36->40->31->41->42,469,8312,Rainy,High,Medium,None,31->36->40->41->42,1,25,Male,China,Solo,Medium,Shopping,Car,5,2,1,1,0.7270833333333333,0.8228848382678327,0.13461538461538464,0.5
1337,8,14->24->45->17->9->7->39,281,1806,Cloudy,Medium,High,Festival,7->9->14->17->24->39->45,1,24,Female,USA,Family,Low,Adventure,Walk,7,1,2,0,0.3354166666666667,0.13739331998735643,0.11538461538461542,1.0
1338,88,22->21->14->7,275,8341,Sunny,Medium,High,None,7->14->21->22,1,33,Other,Germany,Group,Medium,Nature,Bike,4,1,2,1,0.32291666666666663,0.825940364555895,0.28846153846153855,0.25
1339,131,22->29->40,583,2208,Snowy,Low,High,Festival,22->29->40,4,41,Female,China,Group,High,Cultural,Car,3,0,2,2,0.9645833333333333,0.17974923611842797,0.4423076923076924,0.0
1340,78,5->49->36->48->23->43,356,2717,Sunny,Low,High,Festival,5->23->36->43->48->49,1,68,Male,Germany,Group,Medium,Relaxation,Train,6,0,2,1,0.4916666666666667,0.23337899062269515,0.9615384615384616,0.75
1341,175,22->17->2->34->39->45->19,505,5698,Snowy,High,Medium,Festival,2->17->19->22->34->39->45,2,46,Female,UK,Family,High,Cultural,Train,7,2,1,2,0.8020833333333333,0.5474660204404173,0.5384615384615385,1.0
1342,9,27->14->41->30->36->22,286,4561,Cloudy,Low,High,None,14->22->27->30->36->41,1,53,Female,Japan,Family,High,Shopping,Car,6,0,2,2,0.3458333333333333,0.42766831735328203,0.6730769230769232,0.75
1343,190,31->9->49->17->19,447,8910,Sunny,Medium,High,Holiday,9->17->19->31->49,5,35,Other,Germany,Group,High,Nature,Bus,5,1,2,2,0.68125,0.8858918975871879,0.326923076923077,0.5
1344,81,10->18->2->32->20,363,3330,Cloudy,Medium,Low,Festival,2->10->18->20->32,5,64,Female,France,Group,High,Adventure,Train,5,1,0,2,0.50625,0.29796649457380675,0.8846153846153847,0.5
1345,2,28->8->43->15,562,3868,Rainy,Medium,Medium,Festival,8->15->28->43,3,38,Male,USA,Friends,High,Relaxation,Bike,4,1,1,2,0.9208333333333334,0.35465177536613635,0.3846153846153847,0.25
